date_found,player_id,readable_id,name,effective_rating,provisional_rating,robustness,rating_quality,entry_type
2026-07-15,1310533,9900007849538,Nathan Carroll,446,440,67,preliminary,baseline
2026-07-15,11320,0053174,Adam King,685,675,2969,established,baseline
2026-07-15,625764,0004670,Adam Sisneros,678,625,5028,established,baseline
2026-07-15,627899,9900003052246,Adriana Vega,428,425,3303,established,baseline
2026-07-15,1262933,9900007249789,Abhi edake,643,0,1569,established,baseline
2026-07-15,360339,0198499,Andrew Pettenger,673,675,4326,established,baseline
2026-07-15,1105689,9900005434132,Angelo Wesson,502,0,242,established,baseline
2026-07-15,935950,0247483,Gene Denmon,508,545,567,established,baseline
2026-07-15,1095806,9900005333428,Amie Mangaoang,475,0,554,established,baseline
2026-07-15,1315471,9900007899199,Richard Kieselstein,431,0,65,preliminary,baseline
2026-07-15,1117381,9900005553185,Andrew Drake,518,460,2752,established,baseline
2026-07-15,1041504,9900004680127,Amanda Mackey,431,400,830,established,baseline
2026-07-15,623985,9900005484366,Matt Driste,648,581,858,established,baseline
2026-07-15,17156,0196074,Andres DeHerrera,598,525,2273,established,baseline
2026-07-15,1137553,9900005761283,Steve Laroe,473,450,1002,established,baseline
2026-07-15,1161687,9900006007137,Aiden Wiley,487,0,1177,established,baseline
2026-07-15,1134616,9900005732498,Aaron Hara,602,600,2543,established,baseline
2026-07-15,795114,0267899,Adam Burke,447,430,1229,established,baseline
2026-07-15,1075488,9900005116113,Aaron Erfman,504,397,1349,established,baseline
2026-07-15,1143736,9900005824889,Adolph Estrada,471,0,234,established,baseline
2026-07-15,741447,0202341,Alex Esquibel,470,425,351,established,baseline
2026-07-15,1180987,9900006308937,Adrian Fraire,585,0,92,preliminary,baseline
2026-07-15,627231,0112421,Adrian Duran,538,502,574,established,baseline
2026-07-15,1191680,9900006514611,Aaron Lefevre,422,305,869,established,baseline
2026-07-15,1274330,9900007369593,Mason Wittenbaugh,281,300,143,preliminary,baseline
2026-07-15,1196579,9900006567426,Amanda Trich,327,0,70,preliminary,baseline
2026-07-15,1135663,9900005742817,Andy Connell,453,400,1164,established,baseline
2026-07-15,822705,0038609,Adrian Ayala,592,525,657,established,baseline
2026-07-15,1203901,9900006640655,Alex Burghardt,457,0,119,preliminary,baseline
2026-07-15,1198234,9900006584492,Andy Collier,379,0,146,preliminary,baseline
2026-07-15,644011,0318864,Angel Hernandez,449,517,343,established,baseline
2026-07-15,1022930,9900004452243,Angel DePaul,429,400,248,established,baseline
2026-07-15,1237945,9900006999920,Adam Diehl,406,0,77,preliminary,baseline
2026-07-15,1295500,9900007592137,Allen Morillo,350,0,28,preliminary,baseline
2026-07-15,1194515,9900006543680,Andy Mathon,555,559,222,established,baseline
2026-07-15,641895,0165988,Adam Estrada,495,525,489,established,baseline
2026-07-15,1028716,9900004525930,Aaron Thrower,462,400,2860,established,baseline
2026-07-15,1280659,9900007432631,Amanda Rae Hernandez,310,0,45,preliminary,baseline
2026-07-15,1223403,9900006843278,Andy Ross,534,0,20,preliminary,baseline
2026-07-15,14462,0237749,Alan Hogan,430,425,296,established,baseline
2026-07-15,1236055,9900006981352,Lorenzo Avila,465,0,283,established,baseline
2026-07-15,841150,0299034,Amy Silvernale,385,388,2104,established,baseline
2026-07-15,1374454,9900008639725,Alex Harding,474,0,95,preliminary,baseline
2026-07-15,1348811,9900008384403,Jamison Yanish,441,375,327,established,baseline
2026-07-15,1312860,9900007873274,Andy Price,487,480,45,preliminary,baseline
2026-07-15,1327132,9900008017523,Alvin Cox,454,0,635,established,baseline
2026-07-15,1266571,9900007287316,Amy Clark,147,275,342,established,baseline
2026-07-15,1310920,9900007854990,Abbie Carter,326,300,265,established,baseline
2026-07-15,1329785,9900008048305,Alice Sanchez,54,250,335,established,baseline
2026-07-15,1356559,9900008463825,Andrew Holstein,375,0,32,preliminary,baseline
2026-07-15,1013591,9900004341165,Adrian Valerio,409,375,876,established,baseline
2026-07-15,1362848,9900008525332,Alia Minardi,115,0,9,preliminary,baseline
2026-07-15,1200522,9900006606712,Emily Rauch,233,300,110,preliminary,baseline
2026-07-15,1244685,9900007067444,Matt Razon,509,0,1729,established,baseline
2026-07-15,1371839,9900008613862,Aaron Meehan,352,0,53,preliminary,baseline
2026-07-15,1371901,9900008614876,Andrew Relente,424,0,76,preliminary,baseline
2026-07-15,1374457,9900008640233,Angelo Almanza,341,0,53,preliminary,baseline
2026-07-15,18891,0074708,Aaron Westcott,583,525,1727,established,baseline
2026-07-15,1356558,9900008463955,Aleatha Davidson,377,0,30,preliminary,baseline
2026-07-15,10290,0214559,Art St Germaine,641,625,2483,established,baseline
2026-07-15,1161694,9900006006826,Robert Breaux,457,0,640,established,baseline
2026-07-15,12615,0121111,Billy Hickman,651,657,1759,established,baseline
2026-07-15,1099351,9900005369366,Baldemar Gonzalez,410,0,561,established,baseline
2026-07-15,1068456,9900005046366,Benerito Garcia,537,500,619,established,baseline
2026-07-15,1173557,9900006131153,Matthew Huyge,540,0,1138,established,baseline
2026-07-15,972809,9900002628107,Ivan Mendoza,573,0,1154,established,baseline
2026-07-15,860415,0139620,Bill Brennan,429,366,1527,established,baseline
2026-07-15,739146,0316961,April Erfman,511,450,3202,established,baseline
2026-07-15,1095808,9900005333442,Becky Schweer,389,0,916,established,baseline
2026-07-15,13032,0038612,Anthony Martinez,536,521,550,established,baseline
2026-07-15,972763,9900004547086,Benny Kay,557,0,2612,established,baseline
2026-07-15,1035132,9900004603713,Armando Nila,443,525,880,established,baseline
2026-07-15,1338676,9900008132684,Amy Vincze,167,250,72,preliminary,baseline
2026-07-15,13732,0307384,Bill Skinner,654,625,1876,established,baseline
2026-07-15,1084315,9900005208467,Austin Sutton,609,0,1900,established,baseline
2026-07-15,1028019,9900004514842,Asher Doty,511,300,1186,established,baseline
2026-07-15,1076268,9900005123784,Ben Caraher,562,600,314,established,baseline
2026-07-15,1099993,9900005375626,Antonio Munoz,472,475,491,established,baseline
2026-07-15,1014350,9900004350013,Anthony Billot,540,525,348,established,baseline
2026-07-15,1044155,9900004707275,Annette Garcia,320,300,601,established,baseline
2026-07-15,1221454,9900006819747,Antonio Marin,440,350,793,established,baseline
2026-07-15,1121051,9900005591675,Bobby Neues,608,0,2253,established,baseline
2026-07-15,931269,0268475,Beau Solano,510,525,596,established,baseline
2026-07-15,972764,9900008269236,Billy Kawamura,530,0,57,preliminary,baseline
2026-07-15,1105167,9900005428094,Ben Kite,358,0,320,established,baseline
2026-07-15,1013941,9900004345484,Bill Ellis,439,575,1212,established,baseline
2026-07-15,1135321,9900005739350,Bill Trumbly,414,421,56,preliminary,baseline
2026-07-15,1175360,9900006151915,Aron Struzik,533,515,287,established,baseline
2026-07-15,1315445,9900007899038,Ashok Kumar Vajra,369,0,120,preliminary,baseline
2026-07-15,18048,0017159,Anthony Jojola,486,499,329,established,baseline
2026-07-15,1122641,9900005607666,Austin Ellis,370,380,492,established,baseline
2026-07-15,931290,9900007376171,Anthony Zapf,609,620,705,established,baseline
2026-07-15,1319456,9900007939796,John Attwood,416,0,326,established,baseline
2026-07-15,1294295,9900007579749,Bill Aradi,406,0,732,established,baseline
2026-07-15,1237946,9900007000151,Archit Gupta,426,0,511,established,baseline
2026-07-15,1310527,9900007849569,Ash Staunton,411,0,134,preliminary,baseline
2026-07-15,1302142,9900007763117,Avery McCoy,447,0,19,preliminary,baseline
2026-07-15,1337873,9900008123835,Benjamin Sparks,398,0,174,preliminary,baseline
2026-07-15,1319445,9900007939642,Barry Sullivan,495,0,53,preliminary,baseline
2026-07-15,1249896,9900007115787,Anna Cusic,419,405,329,established,baseline
2026-07-15,625714,0181906,Bill Schukar,447,425,2919,established,baseline
2026-07-15,1317805,9900007922866,ASHTON JOHNSON,500,480,101,preliminary,baseline
2026-07-15,1013870,9900004344524,Bennett Anderson,484,525,125,preliminary,baseline
2026-07-15,1097858,9900005354485,Art Tabares,485,425,1615,established,baseline
2026-07-15,1242862,9900007048917,Dakota Roach,402,400,424,established,baseline
2026-07-15,1367889,9900008574743,Austin Martin,260,350,323,established,baseline
2026-07-15,1117229,9900005551624,Anthony Rodriguez,562,550,532,established,baseline
2026-07-15,1360872,9900008505648,Anna Knapp,257,275,94,preliminary,baseline
2026-07-15,997623,9900004182447,Bill West,500,525,1120,established,baseline
2026-07-15,1382836,9900008721338,Anthony Amorosa,399,0,19,preliminary,baseline
2026-07-15,1386333,9900008755661,Anita Stratton,392,0,12,preliminary,baseline
2026-07-15,983918,9900004000024,Brad Reed,574,0,523,established,baseline
2026-07-15,814157,9900002543967,Bob Guzik,592,525,1609,established,baseline
2026-07-15,1108962,9900005468199,BRIAN SCHNITHER,528,0,50,preliminary,baseline
2026-07-15,1123534,9900005615791,Brandon Bell,482,0,18,preliminary,baseline
2026-07-15,1121244,9900005593396,Rob Hemschik,424,420,327,established,baseline
2026-07-15,1239489,9900007015889,Sophia Mullins,334,425,482,established,baseline
2026-07-15,1106161,9900005439045,Bob Hale,546,0,971,established,baseline
2026-07-15,993190,9900004140720,Brandon Krug,529,500,384,established,baseline
2026-07-15,1064937,9900004918015,Brian Cribari,477,450,1126,established,baseline
2026-07-15,972767,9900003498815,Bobby Patten,553,575,2003,established,baseline
2026-07-15,631010,9900003266551,Brian Webb,473,496,905,established,baseline
2026-07-15,16978,0208404,Brad Kapit,598,582,769,established,baseline
2026-07-15,1143738,9900005825350,Brayden Gallegos,529,0,1228,established,baseline
2026-07-15,1130375,9900005685923,Brett Holdaway,554,0,509,established,baseline
2026-07-15,1100973,9900005385854,Brian Carruthers,454,0,361,established,baseline
2026-07-15,1130373,9900005686210,Bob Sewill,527,545,977,established,baseline
2026-07-15,972772,9900002843272,Brian Casey,573,0,895,established,baseline
2026-07-15,1167280,9900006064550,Brooke Hauer,278,0,86,preliminary,baseline
2026-07-15,1102823,9900005404661,Brian Harano,462,457,100,preliminary,baseline
2026-07-15,660333,0230837,Brock Entenman,522,525,59,preliminary,baseline
2026-07-15,12736,0036031,Bob Stevens,491,457,512,established,baseline
2026-07-15,1232685,9900006935850,BRIAN CAMPBELL,506,0,77,preliminary,baseline
2026-07-15,827788,9900002965455,Brian T Nguyen,573,525,2381,established,baseline
2026-07-15,15467,0000212,Bonnie Talmadge,423,521,148,preliminary,baseline
2026-07-15,1202822,9900006630014,Bob Fridd,407,0,14,preliminary,baseline
2026-07-15,1093529,9900005310054,Brian Reece,439,0,1111,established,baseline
2026-07-15,1236045,9900006981222,Bruce Bubacz,501,0,66,preliminary,baseline
2026-07-15,1218516,9900006789569,Blaine Myers,552,0,67,preliminary,baseline
2026-07-15,627007,0166027,Brett Holland,497,525,743,established,baseline
2026-07-15,1194220,9900006540702,Brittany Truitt,336,300,51,preliminary,baseline
2026-07-15,1245585,9900007076019,Henry Rincon,505,450,347,established,baseline
2026-07-15,13600,0118105,Brad Patrick,515,499,560,established,baseline
2026-07-15,1020786,9900004430333,Brandon Davidson,395,429,730,established,baseline
2026-07-15,1350948,9900008406365,Brandon Geoges,254,0,93,preliminary,baseline
2026-07-15,1327139,9900008017677,Carolyn Lampkin,269,0,114,preliminary,baseline
2026-07-15,1327137,9900008017615,Brian Porwoll,438,0,277,established,baseline
2026-07-15,1291728,9900007553183,Brittany Garrison,353,0,231,established,baseline
2026-07-15,1102821,9900005404647,Brett Gonzalez,476,0,93,preliminary,baseline
2026-07-15,1304470,9900007787526,Brijesh Vangaladoraisamy,536,575,286,established,baseline
2026-07-15,1255223,9900007171783,Brent Olson,307,325,204,established,baseline
2026-07-15,1028717,9900004525947,Isabel Gutierrez,437,450,1520,established,baseline
2026-07-15,1370176,9900008597315,Brian Kidd,521,0,32,preliminary,baseline
2026-07-15,1291226,9900007548653,Brian Fiorello,452,416,237,established,baseline
2026-07-15,1332240,9900008068129,Brad Hill,374,380,21,preliminary,baseline
2026-07-15,692935,0299567,Blake Cohen,546,560,152,preliminary,baseline
2026-07-15,1119860,9900005578928,Brandon Frye,450,465,435,established,baseline
2026-07-15,1324684,9900007992692,Blake Robertson,406,0,171,preliminary,baseline
2026-07-15,1372616,9900008621362,Brandon Brady,456,0,61,preliminary,baseline
2026-07-15,892081,0157304,Brian Leary,542,525,2695,established,baseline
2026-07-15,1362876,9900008525646,Michael Waxmonsky,192,0,25,preliminary,baseline
2026-07-15,1187566,9900006474311,John burgess,592,0,2393,established,baseline
2026-07-15,1345745,9900008202479,Brittany Trevathan,211,0,90,preliminary,baseline
2026-07-15,1095811,9900005333473,Brent Knedler,457,0,232,established,baseline
2026-07-15,626876,0100175,Caela Henley-Huddleston,572,571,2313,established,baseline
2026-07-15,1098783,9900005363760,Catherine Colosia,453,374,1120,established,baseline
2026-07-15,1116152,9900005540499,Chris Fontenot,245,0,23,preliminary,baseline
2026-07-15,1111130,9900005488968,CASEY BOSANKO,578,543,513,established,baseline
2026-07-15,1095212,9900005327434,Chase Heffner,460,350,1349,established,baseline
2026-07-15,1170444,9900006099453,Marie Judd,265,0,766,established,baseline
2026-07-15,1013286,9900004337953,Carina Gonzalez,445,0,320,established,baseline
2026-07-15,1105169,9900005427950,Chris Biermann,515,530,745,established,baseline
2026-07-15,972776,9900000747282,Bruce Wilson,594,0,323,established,baseline
2026-07-15,12834,0053281,Carol James,535,525,1906,established,baseline
2026-07-15,1117386,9900005553239,Bruce Lord,452,450,810,established,baseline
2026-07-15,1232686,9900006935515,Casey Mullan,382,0,129,preliminary,baseline
2026-07-15,1083738,9900005202922,Charles Van Loucks,504,350,798,established,baseline
2026-07-15,18875,0031878,Cecil Monge,623,631,936,established,baseline
2026-07-15,1249055,9900007107607,Cameron Brown,384,425,74,preliminary,baseline
2026-07-15,1104323,9900005420135,carlos correa,504,525,640,established,baseline
2026-07-15,1120459,9900005585209,Chad Comstock,555,0,570,established,baseline
2026-07-15,1014635,9900004353670,Casey Enslow,581,525,1220,established,baseline
2026-07-15,654295,0226418,Carlos Martinez,482,522,1108,established,baseline
2026-07-15,1196582,9900006567778,Cathy Ruger,391,380,563,established,baseline
2026-07-15,650643,0038623,Carl Coffee,580,625,476,established,baseline
2026-07-15,1202475,9900006626543,David W Miller,391,390,609,established,baseline
2026-07-15,13613,0128600,Cannon Russell Jr,506,485,2955,established,baseline
2026-07-15,1265238,9900007273944,chad skitt,334,0,41,preliminary,baseline
2026-07-15,18938,0155073,Ray Lucero,594,559,383,established,baseline
2026-07-15,1089823,9900005271782,Charles Carlisle Jr,564,547,820,established,baseline
2026-07-15,976930,9900003917194,Chase Morrison,556,525,2466,established,baseline
2026-07-15,1241918,9900007039588,Charlie Anderson,613,575,157,preliminary,baseline
2026-07-15,1322527,9900007969656,Bryant McKinnie,396,0,178,preliminary,baseline
2026-07-15,1187046,9900006469027,Cale Ross,441,399,189,preliminary,baseline
2026-07-15,971835,0339207,Jeremiah Nelson,487,540,616,established,baseline
2026-07-15,1350950,9900008406846,Che Darke,487,0,36,preliminary,baseline
2026-07-15,1257720,9900007197325,Chase Scarlett,485,570,772,established,baseline
2026-07-15,1083619,9900005201826,Cash Lance,641,600,2895,established,baseline
2026-07-15,1327138,9900008017608,Carlos Villa,470,0,26,preliminary,baseline
2026-07-15,1172557,9900006121864,Thomas Sharp,332,300,612,established,baseline
2026-07-15,931280,0346025,Caleb Simon,497,500,2089,established,baseline
2026-07-15,1310529,9900007849651,Carrie Baker,253,250,115,preliminary,baseline
2026-07-15,1256839,9900007188781,Charlotte Conboy,393,0,173,preliminary,baseline
2026-07-15,1343919,9900008184539,Casey Rossman,285,285,175,preliminary,baseline
2026-07-15,1067096,9900005031966,Charles McDaniel,302,0,51,preliminary,baseline
2026-07-15,1365048,9900008546887,Charles West,194,0,9,preliminary,baseline
2026-07-15,1371904,9900008614869,Cayden Mazza,453,0,117,preliminary,baseline
2026-07-15,1370178,9900008597759,Chase Santorno,286,0,189,preliminary,baseline
2026-07-15,1379019,9900008683940,Carmine Desimone,374,400,79,preliminary,baseline
2026-07-15,1051056,9900004786775,Charles Hicks,503,475,374,established,baseline
2026-07-15,1362857,9900008524984,Chet Ellefson,392,0,96,preliminary,baseline
2026-07-15,1382840,9900008721604,Carl Cochran,399,0,22,preliminary,baseline
2026-07-15,1102828,9900005404715,Chrissy Grannis,349,0,232,established,baseline
2026-07-15,1112532,9900005503418,Rico Juan,507,0,1569,established,baseline
2026-07-15,14548,0045741,Christine Honeman,543,525,2133,established,baseline
2026-07-15,625180,9900003073968,Chris McDaniel,699,675,5106,established,baseline
2026-07-15,1109678,9900005475289,Christopher Sisneros,348,0,148,preliminary,baseline
2026-07-15,996704,9900001246494,Wes Dycus,469,525,1203,established,baseline
2026-07-15,1006979,9900004271592,Chris Sakich,533,525,571,established,baseline
2026-07-15,1203511,9900006636948,chris slaktowicz,596,500,645,established,baseline
2026-07-15,1362862,9900008525288,Emily Mazeau,190,0,150,preliminary,baseline
2026-07-15,926616,0338776,Craig Rempfer,548,525,1837,established,baseline
2026-07-15,1117384,9900005553215,Chris Holzwarth,498,500,776,established,baseline
2026-07-15,1134623,9900005732283,Cory Conrad,444,0,128,preliminary,baseline
2026-07-15,1073711,9900005097351,Rick Griego,493,0,325,established,baseline
2026-07-15,972781,9900005366716,Conrad Morales,544,535,1101,established,baseline
2026-07-15,1065338,9900005015607,Clayton Ratcliff,364,0,47,preliminary,baseline
2026-07-15,1045532,9900004729321,Corey Sulkko,515,300,635,established,baseline
2026-07-15,1128445,9900005666397,Christine Zek,105,0,25,preliminary,baseline
2026-07-15,12430,0239296,Jim Calderon,592,570,5114,established,baseline
2026-07-15,1268111,9900007304327,Chris Kulick,506,500,74,preliminary,baseline
2026-07-15,1105171,9900005428032,Chris Marye,512,525,753,established,baseline
2026-07-15,859226,0004664,Chris Onesky,627,683,475,established,baseline
2026-07-15,861665,0298053,Chris Standley,547,516,293,established,baseline
2026-07-15,744136,0248594,Craig Leavitt,476,515,120,preliminary,baseline
2026-07-15,758812,0232387,Christopher Anderson,436,380,1920,established,baseline
2026-07-15,1069445,9900005056105,Austin Byard,463,0,136,preliminary,baseline
2026-07-15,972787,9900004547079,Dan McMahan,364,399,3048,established,baseline
2026-07-15,1133983,9900005725988,Chris Keirnan,459,453,1196,established,baseline
2026-07-15,1007211,9900004273077,Cody Iacovetto,475,468,2666,established,baseline
2026-07-15,1256843,9900007188040,Cory Austin,508,0,70,preliminary,baseline
2026-07-15,1225323,9900006861654,Cody Kinney,461,486,616,established,baseline
2026-07-15,1127996,9900005662269,Jarred Lewis,441,440,655,established,baseline
2026-07-15,1347080,9900008218197,Cindy Miller,287,0,50,preliminary,baseline
2026-07-15,1220870,9900006813868,Connor Bjork,490,300,768,established,baseline
2026-07-15,650836,0106449,Cody Smith,525,525,0,preliminary,baseline
2026-07-15,1190272,9900006501482,Clayton Stevens,301,350,316,established,baseline
2026-07-15,972795,9900001555732,Dino (Dean) Devost,635,0,3138,established,baseline
2026-07-15,1014203,9900004348249,Christina Hubler,353,400,232,established,baseline
2026-07-15,1339099,9900008136415,Collin Sanford,544,425,202,established,baseline
2026-07-15,1200519,9900006607184,Chris Parks,553,0,324,established,baseline
2026-07-15,1294297,9900007579626,Cristain Uzhca,324,0,73,preliminary,baseline
2026-07-15,1257718,9900007197318,Colton Bales,425,525,468,established,baseline
2026-07-15,14964,0031841,Will Hathcock,602,576,2231,established,baseline
2026-07-15,1136604,9900005751925,christopher tracy,407,0,45,preliminary,baseline
2026-07-15,1333715,9900008082231,Chris Maddox,413,0,25,preliminary,baseline
2026-07-15,737591,0053254,Chris Frandrup,554,554,893,established,baseline
2026-07-15,1337878,9900008123774,Chris Sciora,373,0,20,preliminary,baseline
2026-07-15,684312,0264608,Craig Douglas,513,525,2520,established,baseline
2026-07-15,1261788,9900007238158,Sandy Nitta,564,525,1219,established,baseline
2026-07-15,1234384,9900006956312,Chris Black,370,400,599,established,baseline
2026-07-15,1348805,9900008384274,Cody Walker,354,0,125,preliminary,baseline
2026-07-15,1356568,9900008463658,Christopher Diamond,463,0,59,preliminary,baseline
2026-07-15,1364565,9900008542209,Kurt Funk,363,325,117,preliminary,baseline
2026-07-15,1367712,9900008573067,Cody Harrington,345,0,41,preliminary,baseline
2026-07-15,18502,0284222,Steve Pierson,657,578,2882,established,baseline
2026-07-15,1313185,9900007876091,Damon Navajo,334,350,187,preliminary,baseline
2026-07-15,1391740,9900008805328,Corey Raber,450,0,19,preliminary,baseline
2026-07-15,1270273,9900007325643,megan ladany,417,0,1126,established,baseline
2026-07-15,1377841,9900008672906,Robert Wooden,369,400,60,preliminary,baseline
2026-07-15,1387759,9900008769514,Cori Mathews,32,0,17,preliminary,baseline
2026-07-15,1096635,9900005341737,David Anderson,582,550,2431,established,baseline
2026-07-15,10942,0094338,Darin Dusbabek,580,535,1487,established,baseline
2026-07-15,1098099,9900005356601,Curly Mansfield,494,0,1411,established,baseline
2026-07-15,1106261,9900005439885,Dave Luna,433,0,75,preliminary,baseline
2026-07-15,1103335,9900005409734,Daniel Petro,601,600,3288,established,baseline
2026-07-15,626812,0038649,Dave Jaramillo,606,625,1744,established,baseline
2026-07-15,1100231,9900005378078,Daniel Conley,522,0,1653,established,baseline
2026-07-15,1012827,9900004333146,Cruz Garcia,508,516,1681,established,baseline
2026-07-15,1140021,9900005788044,esperanza garza,298,300,110,preliminary,baseline
2026-07-15,1322835,9900007973868,Erik Akeyson,459,0,317,established,baseline
2026-07-15,1058919,9900004867702,Dan Egan,498,465,963,established,baseline
2026-07-15,17138,0038648,Darian Trujillo,642,525,656,established,baseline
2026-07-15,1106896,9900005446845,DAVID BROOKS,365,0,247,established,baseline
2026-07-15,1148225,9900005870602,Crystal Frais,450,0,288,established,baseline
2026-07-15,1069174,9900005053531,Johnnie Zweygardt,394,0,771,established,baseline
2026-07-15,1197418,9900006575681,Dave Gross,630,0,104,preliminary,baseline
2026-07-15,713829,0279187,Dave Shelton,456,525,693,established,baseline
2026-07-15,972784,9900008372455,Cyrus Green,448,0,302,established,baseline
2026-07-15,1121809,9900005599107,David Geier,389,384,78,preliminary,baseline
2026-07-15,831378,0030481,Josh Thomashefsky,518,530,491,established,baseline
2026-07-15,1246023,9900007080689,Tony Davenport,530,0,40,preliminary,baseline
2026-07-15,1103870,9900005415438,Curtis McCuiston,672,670,445,established,baseline
2026-07-15,1364742,9900008543879,Raymond Carlson,352,0,45,preliminary,baseline
2026-07-15,1128449,9900005666298,Majik Williams,604,0,316,established,baseline
2026-07-15,1111132,9900005489453,Crystal Pettiford,326,0,92,preliminary,baseline
2026-07-15,1211342,9900006715667,Dan Cordova,469,525,896,established,baseline
2026-07-15,1190856,9900006507927,Dan Campana,275,0,31,preliminary,baseline
2026-07-15,837632,0303644,Daniel Zamora,428,445,703,established,baseline
2026-07-15,993815,9900004148917,DAVE O'HARE,464,350,1401,established,baseline
2026-07-15,737912,0246771,David Derrenberger,518,525,55,preliminary,baseline
2026-07-15,1180992,9900006309002,Don Day,573,0,704,established,baseline
2026-07-15,1325290,9900007999400,Daniel M Price,358,0,96,preliminary,baseline
2026-07-15,1197227,9900006574363,Danielle Schlehuber,486,485,444,established,baseline
2026-07-15,15179,0031881,Dave Mahder,643,654,398,established,baseline
2026-07-15,1207186,9900006673905,Dan Price,502,475,746,established,baseline
2026-07-15,1255568,9900007174890,Dat Huynh,492,0,55,preliminary,baseline
2026-07-15,1202628,9900006632582,Cynthia Moya,347,300,282,established,baseline
2026-07-15,10617,0047048,Dave Gomez,646,657,488,established,baseline
2026-07-15,969513,9900000643843,Steve Flanigan,600,0,2528,established,baseline
2026-07-15,1301133,9900007751121,Danny Watson,554,0,37,preliminary,baseline
2026-07-15,1102829,9900005404722,Daniel Bailey,580,0,165,preliminary,baseline
2026-07-15,990424,9900004099509,Dan Walker,374,400,1020,established,baseline
2026-07-15,1370182,9900008597445,Dakota Burns,380,0,239,established,baseline
2026-07-15,1241687,9900007037188,Danny Malone,446,428,757,established,baseline
2026-07-15,1322529,9900007969168,David Healy,464,0,99,preliminary,baseline
2026-07-15,1234678,9900006959696,Curt Friedholdt,482,480,172,preliminary,baseline
2026-07-15,1319448,9900007938959,Dan Mittskus,481,0,126,preliminary,baseline
2026-07-15,1333717,9900008082361,Curt Nichols,470,0,123,preliminary,baseline
2026-07-15,1200520,9900006607061,Darren Thompson,278,0,52,preliminary,baseline
2026-07-15,1342737,9900008172772,Dan Marrs,403,0,139,preliminary,baseline
2026-07-15,1256872,9900007188132,Travis Villiere,527,0,37,preliminary,baseline
2026-07-15,1312608,9900007871386,Danene Yokeum,247,275,55,preliminary,baseline
2026-07-15,1352876,9900008427261,Cyrus Valencia,372,0,46,preliminary,baseline
2026-07-15,1138285,9900005769166,Daniel Norris,384,375,45,preliminary,baseline
2026-07-15,1372171,9900008617167,Dave Genevich,492,0,289,established,baseline
2026-07-15,1351752,9900008416234,Crystalyn Bonura,240,275,136,preliminary,baseline
2026-07-15,1351751,9900008416227,Damian Bonura,316,284,176,preliminary,baseline
2026-07-15,1298074,9900007719077,Joel Rodriguez,520,511,589,established,baseline
2026-07-15,1107447,9900005452860,DEBBIE BALSLEY,346,0,116,preliminary,baseline
2026-07-15,1146323,9900005851526,David P Pappas,516,0,379,established,baseline
2026-07-15,1031686,9900004553940,Jeffrey Ewens,568,0,5011,established,baseline
2026-07-15,1014197,9900004348416,Donald Lowe,353,400,783,established,baseline
2026-07-15,857943,0227920,Dennis Rodgers,437,530,184,preliminary,baseline
2026-07-15,1114710,9900005525854,Derek Nykamp,395,0,177,preliminary,baseline
2026-07-15,1043757,9900004701655,Dennis Dillman,503,0,550,established,baseline
2026-07-15,737140,0327744,Denny Huynh,588,565,321,established,baseline
2026-07-15,972803,9900006672434,Fernando Corona,589,500,1442,established,baseline
2026-07-15,1130380,9900005686074,Deedar Dosanj,462,434,418,established,baseline
2026-07-15,972797,9900006823751,Donald Plotkin,535,0,455,established,baseline
2026-07-15,626213,0301684,David Motarjemi,440,377,2372,established,baseline
2026-07-15,1140019,9900005787917,Dennis Corneillie,570,0,872,established,baseline
2026-07-15,810232,0003060,David Wright,493,507,87,preliminary,baseline
2026-07-15,18996,0006922,Dave Howell,570,520,1919,established,baseline
2026-07-15,1182419,9900006322025,Desiree Baptist,366,0,104,preliminary,baseline
2026-07-15,1192477,9900006522760,Dennis Ratcliffe,505,0,52,preliminary,baseline
2026-07-15,1175757,9900006155814,David Zweig,556,0,69,preliminary,baseline
2026-07-15,1191033,9900006509280,Dominic Martinez,400,330,751,established,baseline
2026-07-15,1016162,9900004368759,Roy Gibson,531,0,135,preliminary,baseline
2026-07-15,1223409,9900006843001,jose nevarez,485,0,289,established,baseline
2026-07-15,992921,9900004135627,Pom Rai,644,525,1537,established,baseline
2026-07-15,993198,9900004140799,David Jones,469,445,1833,established,baseline
2026-07-15,1099994,9900005375725,Derald Salaz,633,0,2134,established,baseline
2026-07-15,984914,9900004013109,Owen Crispin,635,0,7164,established,baseline
2026-07-15,1014345,9900004349970,Deb May,497,500,548,established,baseline
2026-07-15,1116382,9900005542714,Desiree Straign,428,442,592,established,baseline
2026-07-15,1262936,9900007249468,Vince Arellano,493,469,1614,established,baseline
2026-07-15,1130381,9900005685817,Dominick Gifford,500,0,691,established,baseline
2026-07-15,1370183,9900008598152,David Wilson,197,0,52,preliminary,baseline
2026-07-15,1117343,9900005552850,Ken Sciacca,430,525,805,established,baseline
2026-07-15,13722,0015785,Charles R Schafer,489,470,587,established,baseline
2026-07-15,13526,0252731,Dennis Mersman,602,540,1029,established,baseline
2026-07-15,987285,9900004050036,Derek Stringer,608,515,1057,established,baseline
2026-07-15,1002558,9900004218559,Dennis Jaramillo,527,650,907,established,baseline
2026-07-15,1315450,9900007898567,Derin Ozcelebi,456,0,73,preliminary,baseline
2026-07-15,1271565,9900007339183,Demetrio Silva,399,0,393,established,baseline
2026-07-15,1324690,9900007992623,David Thomas,543,0,45,preliminary,baseline
2026-07-15,1330328,9900008049012,Dean Kurcab,346,0,72,preliminary,baseline
2026-07-15,1186389,9900006461892,Jason Cowan,560,0,2572,established,baseline
2026-07-15,1324691,9900007992081,Dominick Grenier,592,0,2593,established,baseline
2026-07-15,1356573,9900008463900,Deepak Kirpalani,427,425,38,preliminary,baseline
2026-07-15,1354701,9900008445159,Dennis Gregory,252,300,115,preliminary,baseline
2026-07-15,1368895,9900008584629,David Sandoval,312,0,32,preliminary,baseline
2026-07-15,1293106,9900007568156,Devin Santana,482,0,73,preliminary,baseline
2026-07-15,1348822,9900008384748,Tim Piscopink,398,0,136,preliminary,baseline
2026-07-15,1356572,9900008463993,David Kinnison,402,0,68,preliminary,baseline
2026-07-15,1374464,9900008639824,Debbie Just,126,0,37,preliminary,baseline
2026-07-15,1099828,9900005374179,Dusti Prioux,355,0,461,established,baseline
2026-07-15,1054187,9900004816281,Don Swayne,515,0,2524,established,baseline
2026-07-15,786167,0243497,Dustin Sterling,520,525,3582,established,baseline
2026-07-15,1105175,9900005429022,Ed Powers,491,500,1160,established,baseline
2026-07-15,1073619,9900005096491,Emanuel Rodriguez,478,0,1121,established,baseline
2026-07-15,626542,0021925,Doug McAfee,497,525,3469,established,baseline
2026-07-15,880219,0301307,Kevin Orcutt,500,525,399,established,baseline
2026-07-15,1097520,9900005350715,Elias Ybarra,415,0,445,established,baseline
2026-07-15,1102831,9900005404746,Draven Whittaker,543,525,1190,established,baseline
2026-07-15,997914,9900004183567,Doug Conry,537,400,452,established,baseline
2026-07-15,15264,0301270,Ed Borrego,625,625,676,established,baseline
2026-07-15,736931,0286882,Drew Smedsrud,546,525,1157,established,baseline
2026-07-15,1082188,9900005188103,Doug Fisher,451,350,1495,established,baseline
2026-07-15,1041870,9900004689373,Dre Nguyen,550,300,452,established,baseline
2026-07-15,1126379,9900005645231,Donivan Montoya,537,0,706,established,baseline
2026-07-15,1107451,9900005452907,Katherine Jensen,325,0,803,established,baseline
2026-07-15,1333726,9900008082453,Moses Hauk,344,0,365,established,baseline
2026-07-15,1095812,9900005333480,Doug Ramirez,441,0,99,preliminary,baseline
2026-07-15,740271,0248816,Dennis Houman,537,537,0,preliminary,baseline
2026-07-15,1111134,9900005489422,Ellen Canchola,369,0,34,preliminary,baseline
2026-07-15,1123357,9900005614763,Don Gould,438,0,309,established,baseline
2026-07-15,1090597,9900005279450,Edgardo Venegas,522,529,1123,established,baseline
2026-07-15,1191282,9900006511597,Eduardo Moreno,480,500,373,established,baseline
2026-07-15,1058917,9900004867689,Eddie Garcia,541,500,520,established,baseline
2026-07-15,1156046,9900005950090,John Becker,482,425,888,established,baseline
2026-07-15,1047304,9900004746816,Dustin Ratcliff,452,0,83,preliminary,baseline
2026-07-15,1179323,9900006292168,Dustin Acenas,556,0,159,preliminary,baseline
2026-07-15,1166135,9900006052823,Don Duprez,508,476,839,established,baseline
2026-07-15,972799,9900006162751,Duane Muterspaugh,456,0,985,established,baseline
2026-07-15,1240328,9900007024560,Tony Brooks,399,325,552,established,baseline
2026-07-15,1104689,9900005423808,DUSTIN SCHLICK,533,0,552,established,baseline
2026-07-15,625589,0313286,Dwayne Wright,490,520,407,established,baseline
2026-07-15,972788,9900005219883,Dustin Mccall,531,0,332,established,baseline
2026-07-15,1114162,9900005520781,Eli Haskell,437,375,1158,established,baseline
2026-07-15,625676,9900000386597,Ed Sena,514,593,533,established,baseline
2026-07-15,1115342,9900005532173,Dustin Trujillo,579,550,515,established,baseline
2026-07-15,1302619,9900007768181,Mark Maramba,494,0,303,established,baseline
2026-07-15,1273607,9900007359709,Elijah Hall,448,450,378,established,baseline
2026-07-15,1347083,9900008217688,Don Nguyen,338,0,257,established,baseline
2026-07-15,1205037,9900006651873,Duke Marion IV,527,390,1687,established,baseline
2026-07-15,1201110,9900006612720,Eli Fredrickson,429,0,102,preliminary,baseline
2026-07-15,1280158,9900007427675,Don Sabater,517,500,196,preliminary,baseline
2026-07-15,1308625,9900007829516,Doug Lapar,325,0,132,preliminary,baseline
2026-07-15,1213993,9900006741765,D'von Garcia,481,325,1234,established,baseline
2026-07-15,1322531,9900007969397,Elijah Moore,413,0,49,preliminary,baseline
2026-07-15,1135685,9900005745658,Donovan Trujillo,472,475,232,established,baseline
2026-07-15,1322530,9900007969311,Eduardo Torrealba,481,0,25,preliminary,baseline
2026-07-15,1350955,9900008406983,Dylan Dragoman,346,0,207,established,baseline
2026-07-15,1102832,9900005404753,Dylan Jennings,495,490,524,established,baseline
2026-07-15,972873,9900006742045,Ryan Ocelnik,456,0,1638,established,baseline
2026-07-15,1210493,9900006706665,Donn Ellington,551,525,514,established,baseline
2026-07-15,1386727,9900008759447,Duy Quoc,485,0,0,preliminary,baseline
2026-07-15,1300133,9900007741306,Earl Cooley,361,0,21,preliminary,baseline
2026-07-15,1327980,9900008025160,Dustin Trevathan,406,0,100,preliminary,baseline
2026-07-15,975843,9900005904321,Ernie Romero,510,390,727,established,baseline
2026-07-15,1013343,9900004337540,Fred Musheno,548,0,192,preliminary,baseline
2026-07-15,16376,0000258,Flats Lujan,562,525,831,established,baseline
2026-07-15,16122,0123502,Floyd Farr,623,525,626,established,baseline
2026-07-15,767806,9900000386665,Frank Baca,651,675,307,established,baseline
2026-07-15,862528,0239329,Eric Apodaca,523,566,493,established,baseline
2026-07-15,11158,0038676,Gabe Talmadge,412,405,157,preliminary,baseline
2026-07-15,1119550,9900005575521,Ethan Bankston,368,375,67,preliminary,baseline
2026-07-15,716381,0166089,Gabe Ayala,642,525,1706,established,baseline
2026-07-15,1157192,9900005961386,Francisco Herrera,522,550,699,established,baseline
2026-07-15,1180993,9900006308821,Frank Medina,477,430,855,established,baseline
2026-07-15,799229,0280529,Eugene Min,550,535,980,established,baseline
2026-07-15,843136,9900003012677,Fred Lopez,472,550,904,established,baseline
2026-07-15,839399,0280527,Fred Cobb,417,475,955,established,baseline
2026-07-15,1184037,9900006438276,Gabe Manzanares,623,620,168,preliminary,baseline
2026-07-15,1186386,9900006461953,Erik Voigt,365,0,16,preliminary,baseline
2026-07-15,1245234,9900007072721,Gabriel Carr,438,450,248,established,baseline
2026-07-15,1363081,9900008527602,Eric Hughes,419,300,244,established,baseline
2026-07-15,1349358,9900008391142,Ryan Myers,227,300,66,preliminary,baseline
2026-07-15,12806,0036041,Frank Urbaniak,661,671,4997,established,baseline
2026-07-15,1100509,9900005380163,Fernando Loma Jr,535,504,255,established,baseline
2026-07-15,1235150,9900006967905,Eric Hurtado,467,430,424,established,baseline
2026-07-15,1264787,9900007269459,Erika Ortega,264,300,165,preliminary,baseline
2026-07-15,1152950,9900005921021,Catherine Romero,387,425,385,established,baseline
2026-07-15,1116921,9900005548532,Eric Goodwin,577,0,756,established,baseline
2026-07-15,670346,0218264,Ernie Dorrance,475,525,1092,established,baseline
2026-07-15,826475,0253104,Eric Wagner,583,516,2099,established,baseline
2026-07-15,1135309,9900005739275,Erica Mattson,364,0,63,preliminary,baseline
2026-07-15,1315455,9900007898833,Evan Keown,389,0,10,preliminary,baseline
2026-07-15,15229,0245478,Mike Ellis,603,525,1757,established,baseline
2026-07-15,1245587,9900007076026,Eric Ruff,415,400,844,established,baseline
2026-07-15,1046163,9900004735650,Erika Charlifoux,268,375,401,established,baseline
2026-07-15,1234213,9900006951041,Erica Rivera,297,325,134,preliminary,baseline
2026-07-15,1317553,9900007919729,eugene minton,290,0,100,preliminary,baseline
2026-07-15,1289544,9900007530382,Fransisco Sotelo,527,475,365,established,baseline
2026-07-15,1345437,9900008198772,Fernando Frias,469,0,105,preliminary,baseline
2026-07-15,1315454,9900007899052,Ethan Clemens,307,0,73,preliminary,baseline
2026-07-15,1345999,9900008205074,Frank Volpe,403,399,342,established,baseline
2026-07-15,1365706,9900008553120,Garrett Hamlin,201,0,18,preliminary,baseline
2026-07-15,1345436,9900008198918,Evan Hoke,343,0,36,preliminary,baseline
2026-07-15,1028713,9900004525923,Ernest Castillo,410,400,1625,established,baseline
2026-07-15,1313496,9900007879610,Eric Brookhouser,441,470,45,preliminary,baseline
2026-07-15,730449,0223668,Gary Reichmuth,517,525,403,established,baseline
2026-07-15,1375912,9900008653820,Gary Harmon,407,0,45,preliminary,baseline
2026-07-15,1057634,9900004851398,Kathy Chane,435,400,2710,established,baseline
2026-07-15,1124938,9900005629750,Jared Giambaivo,453,0,579,established,baseline
2026-07-15,749813,0302228,Greg Way,710,600,211,established,baseline
2026-07-15,1119162,9900005571752,GREG ARRABIT,521,499,1241,established,baseline
2026-07-15,987149,9900004047791,Harley Davis,455,483,614,established,baseline
2026-07-15,828584,0007772,Harvey Wilford,552,565,1350,established,baseline
2026-07-15,1106897,9900005447125,Gio greenlee,389,0,55,preliminary,baseline
2026-07-15,1095164,9900005326871,"Howard ""Howie"" Norman",513,465,442,established,baseline
2026-07-15,979191,0389098,Geoff Rice,652,625,2192,established,baseline
2026-07-15,11381,0001858,Greg Romero,658,675,3114,established,baseline
2026-07-15,1133845,9900005724424,Isaac Garza,381,300,114,preliminary,baseline
2026-07-15,1131328,9900005696042,Joel Rainwater,440,400,271,established,baseline
2026-07-15,654428,9900000319588,Hoyt Claybaugh,512,525,1738,established,baseline
2026-07-15,1200712,9900006609089,Henry Diehl,553,525,672,established,baseline
2026-07-15,1137548,9900005761405,George Gutierrez,429,0,103,preliminary,baseline
2026-07-15,1135319,9900005739336,George Romero,451,450,8,preliminary,baseline
2026-07-15,930682,9900000318871,Gregory Dutton,621,0,2632,established,baseline
2026-07-15,1012049,9900004324113,Hayley Schulz,309,325,576,established,baseline
2026-07-15,1143740,9900005825459,Greg Gallegos,415,400,457,established,baseline
2026-07-15,766188,0301306,Homero Munoz,499,525,235,established,baseline
2026-07-15,1022931,9900004452250,Greg Mondani,594,400,376,established,baseline
2026-07-15,1021239,9900004434256,Gene Wright,525,514,675,established,baseline
2026-07-15,1014688,9900004353588,Ian Morrison,379,350,753,established,baseline
2026-07-15,1067722,9900005038941,Greg Bachicha,448,389,837,established,baseline
2026-07-15,1196586,9900006567327,Greg Cook,483,500,577,established,baseline
2026-07-15,689725,9900003266681,Heath Thomsen,495,525,854,established,baseline
2026-07-15,1294299,9900007579596,Gerardo Gonzalez,486,515,507,established,baseline
2026-07-15,1252745,9900007148075,Israel Herrera,496,525,41,preliminary,baseline
2026-07-15,1168851,9900006083216,Greg Trujillo Jr,424,0,245,established,baseline
2026-07-15,1286280,9900007493618,Holly Knepp,403,0,140,preliminary,baseline
2026-07-15,1204166,9900006643496,Gerrod Lujan,560,450,591,established,baseline
2026-07-15,720681,0251778,Holly Figueroa,499,500,2283,established,baseline
2026-07-15,18986,0060808,Greg Kingsbury,606,669,903,established,baseline
2026-07-15,1306184,9900007804155,Nick Delacruz,529,0,405,established,baseline
2026-07-15,1291011,9900007547472,Mario Martinez,500,475,290,established,baseline
2026-07-15,1054113,9900004815734,Issac Garcia,422,399,578,established,baseline
2026-07-15,1301134,9900007751534,Gianni Chacon,398,0,8,preliminary,baseline
2026-07-15,1044441,9900004711043,Ismael Garcia,539,550,1575,established,baseline
2026-07-15,1315457,9900007899113,Harley Ohlinger,242,0,8,preliminary,baseline
2026-07-15,1257700,9900007197233,Gina Thurber,341,250,533,established,baseline
2026-07-15,1324692,9900007992135,George Billings,312,0,21,preliminary,baseline
2026-07-15,1315456,9900007899069,Gobin Magar,463,0,105,preliminary,baseline
2026-07-15,1343637,9900008181392,Gordon Hubbell,450,0,109,preliminary,baseline
2026-07-15,1305615,9900007799024,Ian Rushing,287,350,886,established,baseline
2026-07-15,1313374,9900007878354,Harsha Gondi,351,0,41,preliminary,baseline
2026-07-15,693991,0271872,Mike Fertal,448,525,523,established,baseline
2026-07-15,1160262,9900005992496,Horasio Partida,413,400,83,preliminary,baseline
2026-07-15,1250362,9900007120866,ian hughes,408,0,128,preliminary,baseline
2026-07-15,1338765,9900008133261,Graham Tipton,297,325,252,established,baseline
2026-07-15,1274328,9900007369579,Ivan Dedi,429,375,217,established,baseline
2026-07-15,1370189,9900008597940,Hunter Faddis,338,0,21,preliminary,baseline
2026-07-15,667568,0307446,Tyler Olds,544,530,509,established,baseline
2026-07-15,1142974,9900005817430,Marissa Campos,406,375,1072,established,baseline
2026-07-15,1381771,9900008710745,John Eubanks,447,525,112,preliminary,baseline
2026-07-15,1095814,9900005333503,James Archuleta,502,0,828,established,baseline
2026-07-15,18325,0092367,Jason McClure,573,525,1239,established,baseline
2026-07-15,1111136,9900005488920,JAMES LASS,507,525,598,established,baseline
2026-07-15,985213,9900004019958,Jaime Ruiz,545,0,169,preliminary,baseline
2026-07-15,995109,9900004165693,James Bennett,489,470,885,established,baseline
2026-07-15,1282295,9900007451441,Woody Lowder,538,0,868,established,baseline
2026-07-15,1099995,9900005375381,Jassir Hansen,432,0,211,established,baseline
2026-07-15,1197422,9900006575667,Janette Kallsen,81,0,34,preliminary,baseline
2026-07-15,1073517,9900005095449,Jake McClain,521,479,1448,established,baseline
2026-07-15,986284,9900004036627,James Salazar,599,0,631,established,baseline
2026-07-15,1268127,9900007304556,Jake Olivas,457,450,133,preliminary,baseline
2026-07-15,1119364,9900005574173,Jacob Casados,588,565,2028,established,baseline
2026-07-15,1347084,9900008217619,Jason Gardner,263,0,11,preliminary,baseline
2026-07-15,1173555,9900006132006,Jason Karner,402,395,133,preliminary,baseline
2026-07-15,1187042,9900006468983,James Hunt,393,0,1400,established,baseline
2026-07-15,866188,0023372,James Beckemeyer,601,597,1096,established,baseline
2026-07-15,965947,0181956,Jack Chen,580,500,706,established,baseline
2026-07-15,1186388,9900006461762,Jahnzel Sevadera,596,0,505,established,baseline
2026-07-15,1071605,9900005075502,Jarrin Yeary,500,500,5,preliminary,baseline
2026-07-15,1181563,9900006314426,Jared Hodison,534,520,581,established,baseline
2026-07-15,1144683,9900005834925,Jack Laney,269,350,1284,established,baseline
2026-07-15,1121246,9900005593303,Jaime Rech,465,430,915,established,baseline
2026-07-15,1196587,9900006567143,Jayden Moore,349,251,321,established,baseline
2026-07-15,1210828,9900006709857,Jamie Crouch,389,451,508,established,baseline
2026-07-15,1233472,9900006943480,Jake Russell,437,425,591,established,baseline
2026-07-15,1254514,9900007164761,James Ghaffari,462,0,69,preliminary,baseline
2026-07-15,1143742,9900005825367,Kris Bisram,492,0,120,preliminary,baseline
2026-07-15,1234676,9900006959689,Jason E Brown,469,0,440,established,baseline
2026-07-15,992920,9900004136006,Jason Schwab,524,603,321,established,baseline
2026-07-15,1149641,9900005888188,Anthony Diaz,324,375,745,established,baseline
2026-07-15,1301136,9900007751350,Jay Clark,414,0,74,preliminary,baseline
2026-07-15,1256459,9900007184240,Jay Brown,476,525,99,preliminary,baseline
2026-07-15,1319451,9900007939697,James Murray,345,0,85,preliminary,baseline
2026-07-15,17608,0237753,Jacob Mitchell,598,525,278,established,baseline
2026-07-15,983785,9900003998018,Yogendra Gautam,397,500,423,established,baseline
2026-07-15,1140018,9900005787603,Dave Maestas,528,0,973,established,baseline
2026-07-15,1377108,9900008664895,Jesse Frey,431,0,118,preliminary,baseline
2026-07-15,1256448,9900007184585,Jake Hrovat,384,450,303,established,baseline
2026-07-15,1259752,9900007217801,Melvis Forkner,461,0,415,established,baseline
2026-07-15,1095829,9900005333640,Marcus Damian,355,0,110,preliminary,baseline
2026-07-15,1141895,9900005807400,Katie Shaffer,476,475,5,preliminary,baseline
2026-07-15,1002862,9900004223706,James Garrtano,448,300,692,established,baseline
2026-07-15,1365708,9900008553618,Jacob Latham,453,0,38,preliminary,baseline
2026-07-15,1319453,9900007939741,Jason Mott,573,0,506,established,baseline
2026-07-15,1368896,9900008584636,James Cardenas,392,0,40,preliminary,baseline
2026-07-15,1126104,9900005642247,Jason Flowers,538,540,941,established,baseline
2026-07-15,795219,0121288,Steve Northam,611,525,7998,established,baseline
2026-07-15,700471,0309426,Jeremiah Gage,686,625,3194,established,baseline
2026-07-15,1108146,9900005459531,Pascal Laos,469,0,1631,established,baseline
2026-07-15,987159,9900004048224,Jennifer Sosa,401,414,364,established,baseline
2026-07-15,14343,0015832,Jim McCrary,592,525,1438,established,baseline
2026-07-15,1113419,9900005513837,Roland Graham,422,375,627,established,baseline
2026-07-15,927186,9900003380530,Jeff Ward,542,425,1481,established,baseline
2026-07-15,644649,0292559,Jeremy Bloedon,556,511,1970,established,baseline
2026-07-15,986285,0403624,Jerry Pinta,548,525,2452,established,baseline
2026-07-15,12463,0017165,Jim Trujillo,532,557,197,preliminary,baseline
2026-07-15,623667,9900004085328,JB Poullard,467,479,951,established,baseline
2026-07-15,1105181,9900005429084,Jessica Knapp,321,0,39,preliminary,baseline
2026-07-15,1313381,9900007878323,manuel martinez,458,0,89,preliminary,baseline
2026-07-15,750298,0005460,Jay Wiley,561,519,494,established,baseline
2026-07-15,1014196,9900004348188,Jeffery Unrein,314,400,434,established,baseline
2026-07-15,1160077,9900005990270,Jim Beesinger,475,0,146,preliminary,baseline
2026-07-15,1329051,9900008036593,Jesus Perez,379,0,36,preliminary,baseline
2026-07-15,1170442,9900006099781,Jericho Britton,-90,0,27,preliminary,baseline
2026-07-15,1345441,9900008199045,Jennifer Griffin,306,0,38,preliminary,baseline
2026-07-15,1013381,9900004339094,Jeff Shepard,613,0,575,established,baseline
2026-07-15,1186390,9900006460963,Jerry Montoya,487,0,499,established,baseline
2026-07-15,1028645,9900004521253,Jeff Clark,524,400,728,established,baseline
2026-07-15,1186007,9900006457963,Jeremiah Conklin,286,300,800,established,baseline
2026-07-15,774157,0294632,Roberta Lewin,436,425,119,preliminary,baseline
2026-07-15,1212371,9900006724553,Jeremy Watt,455,0,228,established,baseline
2026-07-15,771346,0318815,Jeffrey Bradshaw,435,525,280,established,baseline
2026-07-15,1162457,9900006015231,Jim Schultz,599,556,402,established,baseline
2026-07-15,1015496,9900004362894,Brayden Wiley,410,400,489,established,baseline
2026-07-15,1073668,9900005096965,Kathie Stecker,384,0,1183,established,baseline
2026-07-15,1140022,9900005788051,Jerry Price,371,0,242,established,baseline
2026-07-15,1017058,9900004380560,Jeff Barnard,520,525,2357,established,baseline
2026-07-15,1245566,9900007075845,Jim Daniels,492,350,679,established,baseline
2026-07-15,1307239,9900007814987,Jimmy Benner,440,0,73,preliminary,baseline
2026-07-15,1022316,9900004445184,jimmy muniz,546,0,184,preliminary,baseline
2026-07-15,886355,0043891,Jeff Fugal,585,525,1710,established,baseline
2026-07-15,1315460,9900007898918,Jim Cole,513,0,715,established,baseline
2026-07-15,1315459,9900007898970,Jenn Daya,429,0,417,established,baseline
2026-07-15,1100346,9900005379556,Jimmy Vo,462,475,488,established,baseline
2026-07-15,1315458,9900007899014,Jeff Salazar,320,0,44,preliminary,baseline
2026-07-15,1319454,9900007939192,Jeff Tulip,434,0,20,preliminary,baseline
2026-07-15,1104691,9900005423761,JESSE MARTINEZ,433,0,66,preliminary,baseline
2026-07-15,722656,0321897,Jessica Macks,403,393,100,preliminary,baseline
2026-07-15,1348813,9900008384588,Jessi Archer,423,0,38,preliminary,baseline
2026-07-15,1343674,9900008182122,Jerry Henderson,367,350,300,established,baseline
2026-07-15,1014199,9900004348201,Jesse Roy,363,400,234,established,baseline
2026-07-15,1239484,9900007015834,Jed Lehosky,516,403,410,established,baseline
2026-07-15,1254035,9900007159842,Prahlad Kannojoo,327,400,241,established,baseline
2026-07-15,1370210,9900008598008,Olman Quiros,459,0,32,preliminary,baseline
2026-07-15,1111138,9900005489644,Joe Eusoof,492,483,4771,established,baseline
2026-07-15,1106906,9900005447552,Shawn pavlovich,474,0,126,preliminary,baseline
2026-07-15,971834,0160705,John Kolb,547,550,936,established,baseline
2026-07-15,1022317,9900004444866,Joel Baca,557,525,678,established,baseline
2026-07-15,1118923,9900005569339,John Baca,509,476,1347,established,baseline
2026-07-15,1236046,9900006980973,Chuck Shafer,393,0,95,preliminary,baseline
2026-07-15,1121054,9900005591149,John Weatherbee,303,0,8,preliminary,baseline
2026-07-15,775832,0147215,John Roy,547,525,1336,established,baseline
2026-07-15,15865,0038701,Jodi Talmadge,326,458,171,preliminary,baseline
2026-07-15,1043482,9900004698498,John Ervin,363,0,186,preliminary,baseline
2026-07-15,1158680,9900005976526,John Rotola,527,400,585,established,baseline
2026-07-15,935957,9900003107731,Joey Robinson-Ridings,493,490,1425,established,baseline
2026-07-15,1341583,9900008160274,Joe Johnson,452,0,64,preliminary,baseline
2026-07-15,1295505,9900007592236,Karla Travis,313,0,9,preliminary,baseline
2026-07-15,1308631,9900007829745,Kevin Hall,300,0,174,preliminary,baseline
2026-07-15,1022928,9900004452663,John Bonewitz,522,500,1317,established,baseline
2026-07-15,1009680,9900004299176,JJ Martell,632,525,2488,established,baseline
2026-07-15,1145387,9900005841770,Joey Mestas,557,0,84,preliminary,baseline
2026-07-15,18432,0166129,Joe Rodriguez,483,525,404,established,baseline
2026-07-15,1239727,9900007018705,Johanna Graclik,455,420,166,preliminary,baseline
2026-07-15,1174689,9900006144429,John Cherry,457,0,20,preliminary,baseline
2026-07-15,1009700,9900004299367,Joann Ray,383,450,2073,established,baseline
2026-07-15,1189037,9900006488622,Joe Campana,563,0,2612,established,baseline
2026-07-15,12802,0114213,John Davalos,450,462,1916,established,baseline
2026-07-15,989952,9900004092692,John Schuckman,505,475,834,established,baseline
2026-07-15,1239085,9900007011324,Jonathan Argumedo,392,0,85,preliminary,baseline
2026-07-15,972821,9900005316971,Joe Richards,655,594,501,established,baseline
2026-07-15,979192,0346655,John Rolston,503,625,4101,established,baseline
2026-07-15,18568,0128516,Johnny (Bass) Sandifer,643,625,4839,established,baseline
2026-07-15,1100548,9900005381689,Jonathan Lopez Sandoval,684,640,1642,established,baseline
2026-07-15,1202833,9900006629469,Larry Hazeltine,346,0,42,preliminary,baseline
2026-07-15,1135302,9900005739220,Johnny Grimaldo,462,0,549,established,baseline
2026-07-15,1059297,9900004871365,Larry Huckleberry,445,525,1787,established,baseline
2026-07-15,1310532,9900007849422,Jolena Thompson,289,0,57,preliminary,baseline
2026-07-15,18761,0129989,Joe Ross,593,614,510,established,baseline
2026-07-15,1179335,9900006291789,Joe Yost,367,0,39,preliminary,baseline
2026-07-15,942474,0331893,Joey Smith,477,450,1963,established,baseline
2026-07-15,17596,0015765,Lee Houchin,489,513,117,preliminary,baseline
2026-07-15,1370196,9900008597513,Jonathan Reed,507,0,25,preliminary,baseline
2026-07-15,1141195,9900005799705,Joe Gallardo,436,0,632,established,baseline
2026-07-15,1383371,9900008726746,Jj Rivera,78,0,20,preliminary,baseline
2026-07-15,1064707,9900005009934,Rudy Martinez,429,424,585,established,baseline
2026-07-15,1381738,9900008710417,Jonathan Palmer,335,0,10,preliminary,baseline
2026-07-15,1022019,9900004443005,Jose Erives,606,500,2218,established,baseline
2026-07-15,972831,9900005598827,Jose Loma,683,0,3062,established,baseline
2026-07-15,712114,0306890,Matt Courtney,575,525,1022,established,baseline
2026-07-15,1010090,9900004303095,Juan Baeza,559,500,755,established,baseline
2026-07-15,1121055,9900005591088,Jon Glennon,471,0,590,established,baseline
2026-07-15,1095819,9900005333558,Joseph Kuhlemy,500,0,642,established,baseline
2026-07-15,1296138,9900007598955,Joseph Elliott,475,430,285,established,baseline
2026-07-15,1107450,9900005452952,JOSH CZARNEK,431,0,611,established,baseline
2026-07-15,1160215,9900005992328,Juan Solis,526,0,191,preliminary,baseline
2026-07-15,1202828,9900006629155,Julien Ortega,502,0,267,established,baseline
2026-07-15,1341584,9900008160632,Juan Reyes,496,0,116,preliminary,baseline
2026-07-15,1091455,9900005288230,Jordan Ortega,532,535,179,preliminary,baseline
2026-07-15,1284628,9900007477144,travis gibson,436,0,261,established,baseline
2026-07-15,818302,0321691,Justin M Stewart,597,530,2890,established,baseline
2026-07-15,1191690,9900006514437,Josh Young,407,0,61,preliminary,baseline
2026-07-15,1281273,9900007439524,Ronald Kafer,264,300,526,established,baseline
2026-07-15,1166409,9900006056036,Jordan Pelzer,390,405,826,established,baseline
2026-07-15,1228924,9900006898070,Joshua Ford,512,350,600,established,baseline
2026-07-15,1090602,9900005279504,Julie Dodge,448,0,1157,established,baseline
2026-07-15,10589,9900002776112,Jose Manuel Avalos,627,627,3204,established,baseline
2026-07-15,1233159,9900006939667,Jordyn Abernathy,456,355,245,established,baseline
2026-07-15,1274937,9900007373958,Jordan Tiona,398,0,376,established,baseline
2026-07-15,1324546,9900007991473,JORDAN MONTNEY,473,480,9,preliminary,baseline
2026-07-15,985241,9900004019682,Juan Perez,598,0,1008,established,baseline
2026-07-15,996718,9900004177085,Josh Christianson,510,525,1729,established,baseline
2026-07-15,1290904,9900007545133,Evan Olson,387,350,455,established,baseline
2026-07-15,1232366,9900006785721,Joseph R Smith,462,495,1420,established,baseline
2026-07-15,1260275,9900007223840,Jordan Foxx,457,440,673,established,baseline
2026-07-15,1296844,9900007706947,Jose Ramirez,541,535,577,established,baseline
2026-07-15,1160575,9900005995923,JR Rodriguez,547,540,982,established,baseline
2026-07-15,737678,0308295,Jose Cruz,683,625,2989,established,baseline
2026-07-15,1329699,9900008042785,Jorge Macias,346,0,88,preliminary,baseline
2026-07-15,1327025,9900008016434,Joshua Judd,530,525,20,preliminary,baseline
2026-07-15,1274923,9900007373828,Jovanka Mersman,383,400,32,preliminary,baseline
2026-07-15,1184523,9900006443744,Josh Clemons,364,0,119,preliminary,baseline
2026-07-15,1273215,9900007356517,Justin Stewart,531,550,498,established,baseline
2026-07-15,1256871,9900007188262,Toni Blaisdell,461,0,259,established,baseline
2026-07-15,1241895,9900007039410,Josette Rivera,346,300,183,preliminary,baseline
2026-07-15,1293107,9900007567906,Josh Frecks,289,0,73,preliminary,baseline
2026-07-15,1241128,9900007033135,Josh Rottschaefer,524,485,606,established,baseline
2026-07-15,1219920,9900006803753,Josh Messmore,513,500,419,established,baseline
2026-07-15,1348817,9900008384816,Jordan Chadrick,282,0,20,preliminary,baseline
2026-07-15,1345451,9900008198857,Robert MacRi,416,0,334,established,baseline
2026-07-15,1374481,9900008639633,Juan Alvarez,492,0,15,preliminary,baseline
2026-07-15,1389052,9900008782360,Joshua Simpson,467,0,68,preliminary,baseline
2026-07-15,1105184,9900005428551,Kat Plavnick,451,350,1396,established,baseline
2026-07-15,1117387,9900005553246,Kennyth Juarez,554,470,1668,established,baseline
2026-07-15,1014192,9900004348140,Keith Hardman,552,400,1603,established,baseline
2026-07-15,1029985,9900004535373,Ken Murphy,456,400,478,established,baseline
2026-07-15,1351577,9900008414575,Kris Clark,469,0,174,preliminary,baseline
2026-07-15,852126,0166168,Nicole Montoya,506,525,10,preliminary,baseline
2026-07-15,623491,9900005938999,Kiko Ibarra,640,607,793,established,baseline
2026-07-15,1111140,9900005489002,Kim Swenson,291,0,36,preliminary,baseline
2026-07-15,846905,0307401,Kevin Palmer,453,515,276,established,baseline
2026-07-15,1301139,9900007751787,Mustafa Neemuchwala,301,0,37,preliminary,baseline
2026-07-15,990303,9900004097918,Kevin B Wright Jr,531,456,847,established,baseline
2026-07-15,1090688,9900005280487,Krishna Kumar,578,575,1104,established,baseline
2026-07-15,1131330,9900005696059,Kelly Majka,280,0,119,preliminary,baseline
2026-07-15,11763,0038725,Keith Cavaliere,530,536,444,established,baseline
2026-07-15,1093892,9900005314076,Ken Klosterman,541,400,583,established,baseline
2026-07-15,972837,9900005317633,Kevin Blackstock,623,0,900,established,baseline
2026-07-15,1102837,9900005404807,Kris Breth,524,0,1253,established,baseline
2026-07-15,1093527,9900005310030,Kelly Kirkpatrick,447,0,889,established,baseline
2026-07-15,1106165,9900005439069,Kyle Wilson,560,0,150,preliminary,baseline
2026-07-15,651957,0301265,Karl Mendez,420,459,383,established,baseline
2026-07-15,626601,9900000453213,Karl Hutcheson,545,525,402,established,baseline
2026-07-15,1374484,9900008639558,Kelly Stiefel,595,0,66,preliminary,baseline
2026-07-15,1082151,9900005187342,Kiki Rivera,576,525,1643,established,baseline
2026-07-15,1102208,9900005398793,Kim Majerus,463,413,2219,established,baseline
2026-07-15,1150094,9900005890297,Kyle Tjader,532,517,849,established,baseline
2026-07-15,17399,0038728,Kevin Williams,572,600,365,established,baseline
2026-07-15,1202830,9900006629391,Kristen Krause,419,0,69,preliminary,baseline
2026-07-15,712234,0171638,Kevin Gendill,542,524,761,established,baseline
2026-07-15,1242217,9900007042670,Kevin Lytle,427,0,241,established,baseline
2026-07-15,762932,9900003162945,Kris Pipkin,595,625,696,established,baseline
2026-07-15,1232310,9900006932125,Luis Martinez,428,450,264,established,baseline
2026-07-15,1308630,9900007829974,Keenon Babcock,468,0,537,established,baseline
2026-07-15,1331362,9900008059219,Kaylynn Bird,242,296,173,preliminary,baseline
2026-07-15,1241920,9900007039601,Kelly Draper,384,475,425,established,baseline
2026-07-15,1315462,9900007898222,Kimberly Smith,420,0,61,preliminary,baseline
2026-07-15,1121979,9900005600513,Ken Martinez,531,0,1245,established,baseline
2026-07-15,1105699,9900005433272,KATIE PROCK,342,0,122,preliminary,baseline
2026-07-15,1296997,9900007708569,Konrad Johnson,340,415,183,preliminary,baseline
2026-07-15,693386,0233553,Kevin Bradley,519,530,1759,established,baseline
2026-07-15,1256345,9900007182864,Matt Valdez,622,625,768,established,baseline
2026-07-15,789066,0264614,Kristine Douglas,424,369,901,established,baseline
2026-07-15,1370203,9900008597988,Kyle Kuklinski,74,0,36,preliminary,baseline
2026-07-15,1362871,9900008526384,Kennan Ogle,337,0,50,preliminary,baseline
2026-07-15,842807,0152859,KJ Alvaro,442,525,327,established,baseline
2026-07-15,1135320,9900005739343,Kevin Santiesteban,470,424,239,established,baseline
2026-07-15,1274932,9900007373903,Kyle Rein,487,0,35,preliminary,baseline
2026-07-15,1302636,9900007768617,Kevin Flake,465,450,167,preliminary,baseline
2026-07-15,1216220,9900006763927,Marshall McAfee,526,435,1797,established,baseline
2026-07-15,1391745,9900008805410,Kit Dietterich,420,0,38,preliminary,baseline
2026-07-15,978347,9900008331643,Loree Lemaster,328,450,152,preliminary,baseline
2026-07-15,1090606,9900005279542,Lucas Taylor,667,0,1685,established,baseline
2026-07-15,1039860,9900004656368,Lee Urbaniak,588,0,4051,established,baseline
2026-07-15,1031181,9900004548236,Manuel Gonzales,570,0,378,established,baseline
2026-07-15,625774,0262664,Larry Romero,667,669,1724,established,baseline
2026-07-15,1013165,9900004336673,Manuel Barros,577,525,417,established,baseline
2026-07-15,1073682,9900005097153,Luis Altamirano,514,0,643,established,baseline
2026-07-15,927529,0339230,Leon Vigil,582,525,443,established,baseline
2026-07-15,1130388,9900005686500,MARCUS MIRAMONTES,505,0,48,preliminary,baseline
2026-07-15,1134628,9900005732573,Logan Lubischer,365,370,931,established,baseline
2026-07-15,1133177,9900005716948,Larry Valdez,475,0,389,established,baseline
2026-07-15,1137551,9900005761382,Levi Garner,478,0,101,preliminary,baseline
2026-07-15,755032,9900003204393,Larry Unger,508,504,2198,established,baseline
2026-07-15,807014,0250343,Lara Doty,448,525,1959,established,baseline
2026-07-15,1008294,9900004285063,Laura Orlikoff,343,322,990,established,baseline
2026-07-15,1209697,9900006698960,Lloyd Scott,466,440,637,established,baseline
2026-07-15,1168854,9900006083476,Madelyn Whelan,236,0,319,established,baseline
2026-07-15,644198,0318965,Lorelyn Glapion,365,427,627,established,baseline
2026-07-15,875472,0178960,Leo Perales,514,525,410,established,baseline
2026-07-15,1174691,9900006144993,Lorri campbell,397,0,300,established,baseline
2026-07-15,1174690,9900006144795,Leo Calderon,343,0,54,preliminary,baseline
2026-07-15,1202498,9900006626734,Marco Tony Caballeros,350,315,760,established,baseline
2026-07-15,1245573,9900007075890,Linda Olivette,308,350,326,established,baseline
2026-07-15,1245224,9900007072646,Leo Lucero,465,430,893,established,baseline
2026-07-15,1179339,9900006291529,Leo Rowland,511,0,183,preliminary,baseline
2026-07-15,972848,9900004550789,Manuel Gonzales IV,582,525,1510,established,baseline
2026-07-15,1023816,9900004463645,Micheal Queen,489,400,1092,established,baseline
2026-07-15,632782,9900002182876,Manuel Torres,552,531,131,preliminary,baseline
2026-07-15,1199064,9900006592565,Lyndl Navarrete,442,378,347,established,baseline
2026-07-15,695023,9900002993595,Laura Smith,569,425,2018,established,baseline
2026-07-15,1241908,9900007039502,Lawrence Cremean,461,425,168,preliminary,baseline
2026-07-15,1273774,9900007362587,Lincoln Neues,241,250,53,preliminary,baseline
2026-07-15,1133618,9900005721812,Linda Andrews,394,395,834,established,baseline
2026-07-15,1268483,9900007310427,Mack Bonilla,435,455,228,established,baseline
2026-07-15,1135289,9900005739138,Lawrence Anaya,468,450,534,established,baseline
2026-07-15,1120830,9900005588965,Seena Kim,520,0,1879,established,baseline
2026-07-15,1048247,9900004756396,Juan Cruz,505,500,1103,established,baseline
2026-07-15,1324695,9900007992111,Lukas Huff,375,0,32,preliminary,baseline
2026-07-15,813288,0326641,Lamarcus Taylor,512,525,19,preliminary,baseline
2026-07-15,1329788,9900008047483,Manoj Tanga,440,428,261,established,baseline
2026-07-15,1347085,9900008217961,Lindsey May,309,0,132,preliminary,baseline
2026-07-15,1195541,9900006556383,Manuel Jr Torres,458,0,148,preliminary,baseline
2026-07-15,1239086,9900007011393,Leo Hurtado,355,0,22,preliminary,baseline
2026-07-15,1134629,9900005732665,Mark Lubischer,407,422,1368,established,baseline
2026-07-15,688463,0307405,Maria Finley,457,523,3084,established,baseline
2026-07-15,1095832,9900005333671,Max Gallegos,490,0,727,established,baseline
2026-07-15,972854,9900004603706,Matthew Winfield,657,0,2713,established,baseline
2026-07-15,978349,9900005430486,Mary Trujillo-Vasquez,472,480,718,established,baseline
2026-07-15,1086751,9900005240023,James Carlan,493,450,1731,established,baseline
2026-07-15,902437,0275662,Mark Fronzaglia,582,550,2398,established,baseline
2026-07-15,823554,0316295,Michael Krahl,618,525,259,established,baseline
2026-07-15,1122653,9900005607529,Matt Lemmo,321,0,53,preliminary,baseline
2026-07-15,10821,0171522,Melissa Little,649,675,2801,established,baseline
2026-07-15,1068834,9900005050240,Maria Crispin,308,0,867,established,baseline
2026-07-15,1129522,9900005678406,Matthew Branson,453,436,599,established,baseline
2026-07-15,1179341,9900006292007,Martha Candelaria,338,300,1264,established,baseline
2026-07-15,1023382,9900003906969,Matt Burns,521,400,2639,established,baseline
2026-07-15,1155114,9900005940459,LuLu Priddy,352,0,506,established,baseline
2026-07-15,1088315,9900005255706,Matt Kotin,527,575,287,established,baseline
2026-07-15,1189040,9900006488660,Mario Zimmerman,429,353,180,preliminary,baseline
2026-07-15,1260549,9900007226278,Jamie Caron,476,475,187,preliminary,baseline
2026-07-15,1073700,9900005097245,Nathan Smith,640,691,2555,established,baseline
2026-07-15,1115595,9900005535211,Mark Yamasaki,542,450,1729,established,baseline
2026-07-15,1169813,9900006093888,Marvin Johnson,424,420,135,preliminary,baseline
2026-07-15,1169913,9900006094564,Enrique Garcia,401,400,5,preliminary,baseline
2026-07-15,1182423,9900006321349,Michael D Breese,429,0,148,preliminary,baseline
2026-07-15,1105187,9900005428476,Michael Kidd,422,425,289,established,baseline
2026-07-15,1117318,9900005552737,Mark Mcpherson,395,525,517,established,baseline
2026-07-15,1135590,9900005741636,Mark Lanoue,520,575,683,established,baseline
2026-07-15,1144650,9900005834369,Michael Kafel,447,475,1233,established,baseline
2026-07-15,972850,9900000820589,Martin Cano,616,0,1639,established,baseline
2026-07-15,1293109,9900007567593,Micheal Mossberg,341,0,181,preliminary,baseline
2026-07-15,741272,0128696,Merle Wilford,457,548,283,established,baseline
2026-07-15,1102839,9900005404814,Matthew Rice,523,0,704,established,baseline
2026-07-15,1124939,9900005630138,Mark Avery,658,600,2129,established,baseline
2026-07-15,782979,0321896,Matthew Macks,473,474,529,established,baseline
2026-07-15,1166961,9900006061382,Martin Mendoza,478,475,70,preliminary,baseline
2026-07-15,1348818,9900008385240,Martin Dover,468,0,59,preliminary,baseline
2026-07-15,1370205,9900008597704,Mark Janowiec,407,0,21,preliminary,baseline
2026-07-15,1371387,9900008609384,Matteo Vitale,602,0,5,preliminary,baseline
2026-07-15,1155789,9900005946161,Rj Villa,452,0,386,established,baseline
2026-07-15,1085426,9900005219968,Marvin Coon,482,408,342,established,baseline
2026-07-15,13870,0239297,Mary Wobst,518,512,164,preliminary,baseline
2026-07-15,1368186,9900008577676,Mario Perea,381,425,64,preliminary,baseline
2026-07-15,817124,0208403,Miles Ivaska,461,525,402,established,baseline
2026-07-15,1099838,9900005374247,Nate Stark,505,0,66,preliminary,baseline
2026-07-15,1014394,9900004351126,Robert Leivonen,562,500,1011,established,baseline
2026-07-15,754783,0038753,Mike Montoya,555,518,395,established,baseline
2026-07-15,1073698,9900005097566,Mike Rolinson,415,0,770,established,baseline
2026-07-15,1120847,9900005589221,Mike Cronstedt,560,520,777,established,baseline
2026-07-15,993195,9900004141017,Mike Pope,594,550,2408,established,baseline
2026-07-15,1122655,9900005608045,Misty Martinez,298,0,93,preliminary,baseline
2026-07-15,1122654,9900005607512,Mike Thistlewood,469,0,25,preliminary,baseline
2026-07-15,16056,0149746,Mike Willeford,593,525,2117,established,baseline
2026-07-15,984909,9900004012973,Mike Misevicz,572,0,3323,established,baseline
2026-07-15,991247,9900004112307,Mike Storey,532,555,2272,established,baseline
2026-07-15,993214,9900004140942,Mike Kozeniewski,562,400,1210,established,baseline
2026-07-15,11672,0047092,Mike Hellmer,661,675,1619,established,baseline
2026-07-15,1008297,9900004285087,Mike Piccirillo,371,365,591,established,baseline
2026-07-15,760218,9900003216822,Nathaniel Sellis,583,469,1337,established,baseline
2026-07-15,1202835,9900006629605,Michael Magnelli,376,0,142,preliminary,baseline
2026-07-15,1268124,9900007303351,Nancy Grisby,373,400,146,preliminary,baseline
2026-07-15,1256856,9900007188507,Mike Medina,431,0,41,preliminary,baseline
2026-07-15,1106901,9900005446913,Mike hansen,624,0,535,established,baseline
2026-07-15,1236056,9900006980959,Mike Garcia,506,414,287,established,baseline
2026-07-15,1245237,9900007072752,Maya Briggs,191,325,339,established,baseline
2026-07-15,1215152,9900006753553,Nathan Padgett,528,475,607,established,baseline
2026-07-15,1241916,9900007039564,Michael Welling,363,400,407,established,baseline
2026-07-15,1350961,9900008406945,Mike Cox,431,0,655,established,baseline
2026-07-15,16998,0046889,Sam Cordova,671,675,1586,established,baseline
2026-07-15,1313382,9900007877975,Mike Mcgee,366,0,54,preliminary,baseline
2026-07-15,995113,9900004165730,Michael McMinn,490,500,399,established,baseline
2026-07-15,1317557,9900007919927,Nate Lucich,421,0,99,preliminary,baseline
2026-07-15,1228996,9900006899527,Miguel Deleon,442,450,452,established,baseline
2026-07-15,1322536,9900007969625,Mike Melton,510,0,12,preliminary,baseline
2026-07-15,1362875,9900008525592,Michael Maxwell,356,325,165,preliminary,baseline
2026-07-15,1347295,9900008220541,Moriah Allen,378,0,28,preliminary,baseline
2026-07-15,870717,0004663,Mitch Majerus,540,525,1849,established,baseline
2026-07-15,1257750,9900007197998,Michael Zarlengo,417,500,434,established,baseline
2026-07-15,1248243,9900007102459,Michael Wong,394,330,158,preliminary,baseline
2026-07-15,1370208,9900008597384,Mick McCormac,575,0,30,preliminary,baseline
2026-07-15,1339102,9900008136446,Murphy Hall,276,300,153,preliminary,baseline
2026-07-15,1384582,9900008737889,Nathan Kutter,420,425,12,preliminary,baseline
2026-07-15,1073703,9900005097641,Norberto Montano,537,490,1759,established,baseline
2026-07-15,935987,0227378,Pete Way,419,414,918,established,baseline
2026-07-15,1115350,9900005532593,Noel Montano,611,350,2527,established,baseline
2026-07-15,17491,0015706,Nick Smith,660,589,4794,established,baseline
2026-07-15,1121777,9900005598766,Terry R Jones Jr,464,0,1618,established,baseline
2026-07-15,1108145,9900005459654,OSCAR TORRIES,281,0,13,preliminary,baseline
2026-07-15,1121057,9900005591323,Paul Dawson,521,540,820,established,baseline
2026-07-15,1104044,9900005417395,Patrick Bradford,619,575,1834,established,baseline
2026-07-15,1135907,9900005745337,Pete Wade,437,0,657,established,baseline
2026-07-15,1045512,9900004729086,Phil Morishige,502,425,1148,established,baseline
2026-07-15,810552,0301255,Russell Emenaker,455,525,1184,established,baseline
2026-07-15,1153870,9900005928143,Nina Lombardi,526,525,380,established,baseline
2026-07-15,1108144,9900005459630,Norman Meder,587,0,6129,established,baseline
2026-07-15,1160678,9900005996357,Nic Paxton,502,424,746,established,baseline
2026-07-15,1118862,9900005569148,Nick Sposato,451,450,197,preliminary,baseline
2026-07-15,1011419,9900004316675,Patrick Wenzel,462,450,259,established,baseline
2026-07-15,861864,0301261,Pendleton Than,508,472,490,established,baseline
2026-07-15,1343647,9900008180920,Paul Sullivan,346,0,30,preliminary,baseline
2026-07-15,973961,9900003470101,Paxton Mortensen,421,480,230,established,baseline
2026-07-15,1179345,9900006291710,Noel Saenz,378,0,206,established,baseline
2026-07-15,1200711,9900006609072,Nicole Rivera,435,400,900,established,baseline
2026-07-15,1140123,9900005790283,Nelson Harris Jr,509,525,535,established,baseline
2026-07-15,1245578,9900007075944,Paula David,361,425,783,established,baseline
2026-07-15,649109,0230836,Nicole Deherrera,415,525,185,preliminary,baseline
2026-07-15,1186004,9900006457932,Parker Damon,565,300,2232,established,baseline
2026-07-15,925620,0337515,Perry Sanders,509,479,795,established,baseline
2026-07-15,1202838,9900006629339,Peter Sherwin,528,0,522,established,baseline
2026-07-15,1119937,9900005579680,Pete Apodaca,460,525,496,established,baseline
2026-07-15,1172903,9900006125343,Phil Hood,465,460,1481,established,baseline
2026-07-15,1210575,9900006707525,Nikki Maxwell,402,407,1178,established,baseline
2026-07-15,1198552,9900006587462,Nick Williams,412,400,296,established,baseline
2026-07-15,1263273,9900007254738,Nicholas Windsor,365,301,140,preliminary,baseline
2026-07-15,1112531,9900005503449,PABLO BURROLA,426,0,134,preliminary,baseline
2026-07-15,1241919,9900007039595,Patrick Newell,388,380,397,established,baseline
2026-07-15,1181219,9900006311050,Omar Borini,406,525,123,preliminary,baseline
2026-07-15,749606,0157292,Rodney Rodriguez,451,514,1874,established,baseline
2026-07-15,1308633,9900007829608,Pat Thompson,453,0,251,established,baseline
2026-07-15,1135316,9900005739312,Craig Mondragon,527,0,428,established,baseline
2026-07-15,1160252,9900005993110,Taylor Linnabbarry,441,450,151,preliminary,baseline
2026-07-15,1282973,9900007460344,Ramsey Knowles,476,478,1291,established,baseline
2026-07-15,1262935,9900007249581,Nic Barraza,457,0,664,established,baseline
2026-07-15,1347088,9900008218401,Nic Ash,296,0,97,preliminary,baseline
2026-07-15,1356601,9900008463610,Oscar Chaparro,574,0,54,preliminary,baseline
2026-07-15,1159803,9900005988505,Paul Richardson,528,550,150,preliminary,baseline
2026-07-15,1370212,9900008597407,Philip Miller,313,0,13,preliminary,baseline
2026-07-15,1325578,9900008001881,Nick Post,457,0,200,established,baseline
2026-07-15,935986,0379989,Oskar Saks,555,0,446,established,baseline
2026-07-15,1367695,9900008572893,Otis Hartsoe,350,350,0,preliminary,baseline
2026-07-15,875079,0318711,Neal Morgan,507,525,13,preliminary,baseline
2026-07-15,1225811,9900006866550,Priscilla Garcia,192,300,226,established,baseline
2026-07-15,1108147,9900005459425,Presley Allen,479,480,361,established,baseline
2026-07-15,1115352,9900005532807,Ramesh Thammiraju,591,0,2308,established,baseline
2026-07-15,627930,0123503,Randy Abernathy,566,530,1621,established,baseline
2026-07-15,1106902,9900005446975,rafael figuero,434,0,193,preliminary,baseline
2026-07-15,1095165,9900005326888,Renee Norman,405,375,353,established,baseline
2026-07-15,1112846,9900005507263,Ashley Griffin,416,360,139,preliminary,baseline
2026-07-15,17792,0191196,Dave Hubbard,608,625,3375,established,baseline
2026-07-15,15303,0037020,Ray Padilla,593,525,895,established,baseline
2026-07-15,1143536,9900005823554,Raymond Aguirre,459,465,121,preliminary,baseline
2026-07-15,1132303,9900005657463,Rachel Bradford,425,450,1556,established,baseline
2026-07-15,1095834,9900005333695,Ricky Guerrero,446,0,243,established,baseline
2026-07-15,1228270,9900006892399,primo fraire,564,0,557,established,baseline
2026-07-15,641198,0324750,Rebecca Thunstrom,468,468,0,preliminary,baseline
2026-07-15,1201748,9900006619415,Rafael Chavez,446,422,362,established,baseline
2026-07-15,16116,0147868,Ruben Silva Jr,706,675,15357,established,baseline
2026-07-15,1011894,9900004323765,Reid McClanahan,513,502,945,established,baseline
2026-07-15,687877,0253500,Ricky Trujillo,644,639,363,established,baseline
2026-07-15,799926,0048166,Ray Vibar,543,525,686,established,baseline
2026-07-15,1236060,9900006981536,Ray Segura,531,0,23,preliminary,baseline
2026-07-15,1330340,9900008048541,Rigo Garza,361,0,31,preliminary,baseline
2026-07-15,1226729,9900006876658,Randall (Jr) Fishburn Jr,466,347,597,established,baseline
2026-07-15,1180634,9900006305394,Rachel Downing,382,365,678,established,baseline
2026-07-15,1181566,9900006314419,Rick Robb,490,450,208,established,baseline
2026-07-15,1099999,9900005375954,Rebeka Vaticano-McClure,384,350,1100,established,baseline
2026-07-15,1300681,9900007746141,Ricky Griego,524,0,170,preliminary,baseline
2026-07-15,1324696,9900007992838,Rashael Richardson,319,0,42,preliminary,baseline
2026-07-15,1249917,9900007116272,Ricky Gallardo,446,350,694,established,baseline
2026-07-15,1172569,9900006121932,Richard Smiley IV,598,550,851,established,baseline
2026-07-15,765407,0007779,Rick Burbach,585,618,37,preliminary,baseline
2026-07-15,1363252,9900008529286,Pradeep Prabhakaran,444,0,75,preliminary,baseline
2026-07-15,1337899,9900008123736,Rin Van,464,0,100,preliminary,baseline
2026-07-15,1330339,9900008049074,Preston Easley,456,0,319,established,baseline
2026-07-15,1329789,9900008048152,Raj Nayak,406,400,138,preliminary,baseline
2026-07-15,1356607,9900008463818,Rishi Singh,391,0,132,preliminary,baseline
2026-07-15,1247936,9900007095713,Randy Wade,278,300,173,preliminary,baseline
2026-07-15,1352901,9900008427513,Elliot Abraham,450,0,496,established,baseline
2026-07-15,1160268,9900005992540,Ramon Valdez,475,477,272,established,baseline
2026-07-15,1386346,9900008754985,Kathryn Kolp,-90,0,2,preliminary,baseline
2026-07-15,1100364,9900005379624,Raymond Trout,428,425,76,preliminary,baseline
2026-07-15,1374492,9900008639718,Randy Kessler,171,0,20,preliminary,baseline
2026-07-15,1065768,9900005020519,Rose Jones,285,325,176,preliminary,baseline
2026-07-15,14549,0038788,Ron Van Valkenburg,543,541,296,established,baseline
2026-07-15,1009481,9900004296533,Rob Willhoff,602,0,824,established,baseline
2026-07-15,1117388,9900005553352,Robert Dejarnette,579,550,832,established,baseline
2026-07-15,930335,0375290,Ryan Henry,634,0,2429,established,baseline
2026-07-15,1179349,9900006292267,Rob Weaver,420,0,482,established,baseline
2026-07-15,875810,0326643,Russ Green,337,425,779,established,baseline
2026-07-15,1134632,9900005732030,ROBERT LULF,389,0,39,preliminary,baseline
2026-07-15,1136616,9900005752120,rosa lawhorn,349,0,67,preliminary,baseline
2026-07-15,17541,0238465,Ron Lincoln,608,619,1557,established,baseline
2026-07-15,1140026,9900005788235,Ron Halderson,509,0,134,preliminary,baseline
2026-07-15,651698,0312979,Robert Ortiz,519,525,9,preliminary,baseline
2026-07-15,827104,0295825,Robert Tague,567,525,654,established,baseline
2026-07-15,972867,9900008312314,Robert Martinez,551,0,538,established,baseline
2026-07-15,1126101,9900005642216,Russell Warner,471,452,846,established,baseline
2026-07-15,1370216,9900008598107,Rodger Prock,399,0,48,preliminary,baseline
2026-07-15,1014354,9900004350044,Robert Rivers,581,525,832,established,baseline
2026-07-15,1169222,9900006088303,Russell Shepherd,426,415,243,established,baseline
2026-07-15,1236065,9900006981130,Shane Lynch,494,0,159,preliminary,baseline
2026-07-15,1282969,9900007460030,Gil Vaught,267,0,111,preliminary,baseline
2026-07-15,1190036,9900006499369,Robert Figueroa,560,500,1743,established,baseline
2026-07-15,972871,9900004150255,Ryan Leutholtz,479,495,1539,established,baseline
2026-07-15,1190543,9900006504087,Jennifer Harding,296,378,390,established,baseline
2026-07-15,1104146,9900005418026,Robert London,472,500,205,established,baseline
2026-07-15,1090607,9900005279566,Rocky Hobbs,434,0,54,preliminary,baseline
2026-07-15,929300,0031843,Robert Wilson,566,482,669,established,baseline
2026-07-15,1284915,9900007480540,Russ Bjork,455,400,862,established,baseline
2026-07-15,874356,0239637,Ryan Mette,512,517,1535,established,baseline
2026-07-15,1068476,9900005046540,Tim Fisk,559,425,1478,established,baseline
2026-07-15,1238479,9900007005651,Rodney Olguin,588,560,419,established,baseline
2026-07-15,1308991,9900007833759,Ryan Costello,503,480,268,established,baseline
2026-07-15,1238680,9900007007792,Rock Hrovat,473,425,1575,established,baseline
2026-07-15,622303,9900000234034,Roberta Maestas,467,427,2341,established,baseline
2026-07-15,1095391,9900005329339,Ron Cox,480,525,1316,established,baseline
2026-07-15,1173559,9900006131672,Ron Budhi,512,0,542,established,baseline
2026-07-15,1138589,9900005773033,Ruben Vasquez,531,525,171,preliminary,baseline
2026-07-15,1106904,9900005447286,ron shepard,403,0,39,preliminary,baseline
2026-07-15,1223412,9900006843339,Robert Martin,520,0,247,established,baseline
2026-07-15,1256862,9900007188637,Rus Clark,526,0,75,preliminary,baseline
2026-07-15,1147049,9900005859027,Robert Danbury,537,400,1027,established,baseline
2026-07-15,1371916,9900008614692,Robyn Carmine,349,0,82,preliminary,baseline
2026-07-15,1288372,9900007516874,Ryan Dinsmore,508,0,70,preliminary,baseline
2026-07-15,1284300,9900007474013,Ron Loveland,386,350,92,preliminary,baseline
2026-07-15,1343648,9900008181101,Ron Moody,365,0,41,preliminary,baseline
2026-07-15,1386356,9900008755845,Ryan Merrill,-90,0,7,preliminary,baseline
2026-07-15,1096257,9900005337938,Ryne Archuleta,556,550,1096,established,baseline
2026-07-15,645733,0038793,Sam Martinez,660,525,1570,established,baseline
2026-07-15,1108150,9900005459777,Shawn McFarland,516,0,377,established,baseline
2026-07-15,1099829,9900005374186,Shannon Ratz,449,408,443,established,baseline
2026-07-15,731094,0321544,Sandra Padilla,419,375,2588,established,baseline
2026-07-15,1022320,9900004444828,Shane Gedo,550,0,1339,established,baseline
2026-07-15,702519,0275722,Sam Montoya Jr,576,537,771,established,baseline
2026-07-15,15113,0100191,Shawn Hallock,669,525,3194,established,baseline
2026-07-15,1120454,9900005585063,Samuel Estrada,281,0,45,preliminary,baseline
2026-07-15,1122661,9900005607673,sam shelburne,580,0,116,preliminary,baseline
2026-07-15,1090609,9900005279573,Shania Vezelici,452,0,465,established,baseline
2026-07-15,826008,0101761,Ryan Schnackel,557,400,327,established,baseline
2026-07-15,972876,9900008274094,Sean Caldwell,521,0,48,preliminary,baseline
2026-07-15,890610,0239612,Scott Carter,584,525,2431,established,baseline
2026-07-15,1210830,9900006709581,Scott Norton,607,0,307,established,baseline
2026-07-15,1107458,9900005452686,Scott Cadwallader,499,0,587,established,baseline
2026-07-15,972436,0069588,Shawn McKelvy,596,530,3632,established,baseline
2026-07-15,1153318,9900005922363,Ryan Salisbury,291,330,642,established,baseline
2026-07-15,12159,0147029,Sean Gilmore,589,638,852,established,baseline
2026-07-15,1103334,9900005409888,Rebecca Thunstrom,459,525,1043,established,baseline
2026-07-15,1185596,9900006453828,Scott Lorenzi,432,375,1166,established,baseline
2026-07-15,1184526,9900006443539,Sal armendariz,348,0,20,preliminary,baseline
2026-07-15,1102843,9900005404852,Seenae Kim,504,0,778,established,baseline
2026-07-15,1290299,9900007538531,Deeon Warner,353,0,76,preliminary,baseline
2026-07-15,1183657,9900006434803,Sam Fritzinger,469,455,301,established,baseline
2026-07-15,1209960,9900006701066,Samuel Merritt,458,400,503,established,baseline
2026-07-15,1222876,9900006836812,Scott M Stevens,376,0,84,preliminary,baseline
2026-07-15,1236063,9900006981369,Scott Lessard,434,450,235,established,baseline
2026-07-15,1327143,9900008017547,Hope Nickels,-90,0,5,preliminary,baseline
2026-07-15,1140027,9900005788341,Ryan Sabol,47,0,23,preliminary,baseline
2026-07-15,985282,9900004020589,Ryan Vlasak,465,0,167,preliminary,baseline
2026-07-15,650466,0326766,Seth Slape,409,415,793,established,baseline
2026-07-15,1020039,9900004421683,Ryan Tibbetts,422,300,854,established,baseline
2026-07-15,1305803,9900007800935,Sean Rushing,308,300,755,established,baseline
2026-07-15,1348820,9900008384663,Shadd Cordrey,406,0,50,preliminary,baseline
2026-07-15,1343650,9900008181736,Sam Miller,455,0,315,established,baseline
2026-07-15,1258837,9900007208298,Sandra Walsh,414,0,194,preliminary,baseline
2026-07-15,1356609,9900008464167,Shannon Goodman,317,0,21,preliminary,baseline
2026-07-15,1367503,9900008570974,Scott Scott Renner,345,375,60,preliminary,baseline
2026-07-15,1365719,9900008553212,Seph Gonzales,424,0,220,established,baseline
2026-07-15,1370219,9900008597476,Seth Cooprider,383,0,230,established,baseline
2026-07-15,655840,0317759,Shanna Stanley,308,403,167,preliminary,baseline
2026-07-15,1295508,9900007592038,Shardai Salaz,250,0,20,preliminary,baseline
2026-07-15,1313497,9900007879627,Scott Kelly,407,400,46,preliminary,baseline
2026-07-15,1379972,9900008693185,Sam Gass,193,0,23,preliminary,baseline
2026-07-15,627148,9900003175433,Sheila Avalos,286,266,328,established,baseline
2026-07-15,1118023,9900005559781,Tasman Floyde,489,0,197,preliminary,baseline
2026-07-15,928956,0340520,Stephen Wyatt,691,656,701,established,baseline
2026-07-15,1113303,9900005514346,Skyler Gilbert,553,525,1731,established,baseline
2026-07-15,1128450,9900005666564,Spencer Strickland,585,0,370,established,baseline
2026-07-15,927996,0338000,Stephanie Ford,403,370,522,established,baseline
2026-07-15,1150339,9900005892789,Stuart Walker,372,0,421,established,baseline
2026-07-15,1223413,9900006843285,Shiloh Schieck,403,0,85,preliminary,baseline
2026-07-15,663540,0224283,Anthony Flores,550,546,30,preliminary,baseline
2026-07-15,1179351,9900006291895,Shawn Schwindamann,486,0,248,established,baseline
2026-07-15,10899,0048159,Summer Gage,511,524,661,established,baseline
2026-07-15,1125732,9900005638387,Jeff Burnham,531,0,245,established,baseline
2026-07-15,1195122,9900006552736,Tanner Breese,412,0,27,preliminary,baseline
2026-07-15,1343653,9900008181323,Steve Conner,312,0,23,preliminary,baseline
2026-07-15,757234,0247475,Ted Koerselman,516,518,5,preliminary,baseline
2026-07-15,820174,0313179,Steven Clark,571,547,918,established,baseline
2026-07-15,936005,0344832,Steve Casados,546,510,767,established,baseline
2026-07-15,1374858,9900008643463,Kj Alvaro,472,0,0,preliminary,baseline
2026-07-15,1134634,9900005732351,Shawn Shannon,465,400,198,preliminary,baseline
2026-07-15,1114089,9900005519969,Taylor Wolf,533,500,704,established,baseline
2026-07-15,1234221,9900006951096,Suzan Cordova,394,425,443,established,baseline
2026-07-15,1193448,9900006532868,Susan Zarges,347,0,118,preliminary,baseline
2026-07-15,989954,9900004092593,Stephanie Casey,404,400,87,preliminary,baseline
2026-07-15,1255560,9900007174920,Spencer Nguyen,536,0,159,preliminary,baseline
2026-07-15,1298049,9900007718568,Steven Ellis,555,0,237,established,baseline
2026-07-15,1058686,9900004865364,Steve Skelton,501,500,104,preliminary,baseline
2026-07-15,1275710,9900007382448,Steven Chi,466,0,171,preliminary,baseline
2026-07-15,1317558,9900007920206,Steven Salazar,410,0,172,preliminary,baseline
2026-07-15,1238681,9900007007808,Steve D Williams,448,410,363,established,baseline
2026-07-15,1004048,9900004239295,Steven J Walls,421,350,2398,established,baseline
2026-07-15,1020041,9900004421706,Tammy Shupp,400,300,1007,established,baseline
2026-07-15,1341578,9900008160991,Bryan Stock,385,0,26,preliminary,baseline
2026-07-15,1190542,9900006504070,Steve Martz,360,350,574,established,baseline
2026-07-15,1141466,9900005802160,STEVE BEEMAN,468,0,58,preliminary,baseline
2026-07-15,1118022,9900005559415,Sudhir Sarag,447,0,666,established,baseline
2026-07-15,1336929,9900008115151,Skyler Bergeron,457,375,206,established,baseline
2026-07-15,1370220,9900008598114,Stephen Roush,281,0,58,preliminary,baseline
2026-07-15,1371917,9900008614715,Shawn Vrooman,461,0,26,preliminary,baseline
2026-07-15,1309009,9900007837894,Tarek Hafez,499,400,442,established,baseline
2026-07-15,1350965,9900008406990,Scott Brookhouser,416,0,16,preliminary,baseline
2026-07-15,1370221,9900008597612,Steve Irwin,326,0,24,preliminary,baseline
2026-07-15,1370223,9900008598237,Tad Snodgrass,547,0,42,preliminary,baseline
2026-07-15,1095839,9900005333749,Tracey Burns,355,0,1202,established,baseline
2026-07-15,2651,0047427,Tony Piazza,689,747,1959,established,baseline
2026-07-15,1119722,9900005577716,Tenz Lama,589,0,1417,established,baseline
2026-07-15,1121982,9900005600780,Thor Holt,423,425,394,established,baseline
2026-07-15,972895,9900005813371,Travis Thorsten,609,0,1860,established,baseline
2026-07-15,972883,9900005636581,Tiffany Haas,525,525,1081,established,baseline
2026-07-15,1090614,9900005279610,Trevor Seale,612,0,762,established,baseline
2026-07-15,1154371,9900005931617,Toni Sprenger,318,0,57,preliminary,baseline
2026-07-15,1126595,9900005647303,Tony Sintas,454,0,70,preliminary,baseline
2026-07-15,17812,0007765,Terry Duncan,461,425,2968,established,baseline
2026-07-15,1114370,9900005522396,Terry Kallsen,532,0,607,established,baseline
2026-07-15,1095838,9900005333732,Tony Gonzales Jr,513,0,2982,established,baseline
2026-07-15,1309684,9900007841136,Adam Miller,366,400,193,preliminary,baseline
2026-07-15,972886,9900005399950,Tyler Casey,543,0,458,established,baseline
2026-07-15,1008602,9900004288125,Todd McWhirter,496,495,2042,established,baseline
2026-07-15,995096,9900004165921,Tony Trela,576,575,953,established,baseline
2026-07-15,10788,0031848,David Wendlowsky,590,554,365,established,baseline
2026-07-15,1053869,9900004815512,Troy Fenske,470,400,1116,established,baseline
2026-07-15,1268140,9900007304266,Tomas Maciel,563,575,229,established,baseline
2026-07-15,1245583,9900007075999,Tim Einspahr,429,425,875,established,baseline
2026-07-15,1255559,9900007174845,Trung Truong,285,0,29,preliminary,baseline
2026-07-15,1185997,9900006457864,Tom Kriske,462,300,715,established,baseline
2026-07-15,1194516,9900006543550,Tony Haukap,386,0,22,preliminary,baseline
2026-07-15,1184202,9900006439877,Toby Ehrler,524,520,298,established,baseline
2026-07-15,1197427,9900006576329,Todd Short,489,0,211,established,baseline
2026-07-15,1225329,9900006862002,Tom Barnard,516,497,541,established,baseline
2026-07-15,1243327,9900007053850,Troy Michlitsch,519,475,489,established,baseline
2026-07-15,14656,0007566,Tim Cole,513,528,1672,established,baseline
2026-07-15,1101306,9900005389272,Tom Burks,371,300,1506,established,baseline
2026-07-15,1212850,9900006730011,Trish Dawson,321,351,641,established,baseline
2026-07-15,1296609,9900007704189,Tony Neumann,481,0,313,established,baseline
2026-07-15,1100991,9900005386202,Tommy Lopez,529,0,112,preliminary,baseline
2026-07-15,1282977,9900007460504,Tony Cruz,320,0,106,preliminary,baseline
2026-07-15,643033,0265752,Terry Erdmann,496,425,2840,established,baseline
2026-07-15,1227751,9900006886367,TJ Hinesley,389,420,285,established,baseline
2026-07-15,1280299,9900007429228,Toby Smith,472,500,898,established,baseline
2026-07-15,972888,9900004556798,Tyler Depew,586,585,1946,established,baseline
2026-07-15,1342662,9900008172055,Tucker Grossman,477,450,156,preliminary,baseline
2026-07-15,1335227,9900008097990,Todd Hurst,461,465,180,preliminary,baseline
2026-07-15,1159136,9900005981025,Tim drake,433,450,133,preliminary,baseline
2026-07-15,1349311,9900008390541,Tyler Tran,265,0,66,preliminary,baseline
2026-07-15,1360741,9900008503439,Tracy Holbrook,393,415,81,preliminary,baseline
2026-07-15,1346651,9900008211372,Tess Debonis,341,375,94,preliminary,baseline
2026-07-15,1334579,9900008091318,Todd Mettler,526,460,170,preliminary,baseline
2026-07-15,1382857,9900008721468,Tyler Nolen,385,0,34,preliminary,baseline
2026-07-15,1386361,9900008755494,Tyler Spencer,404,0,16,preliminary,baseline
2026-07-15,1378922,9900008683087,Travis Franklin,141,0,8,preliminary,baseline
2026-07-15,1378859,9900008682493,Trey Miller,397,0,16,preliminary,baseline
2026-07-15,1065345,9900005016284,Vince Ivey,556,554,4160,established,baseline
2026-07-15,19028,0015833,Wayne Arde,597,551,868,established,baseline
2026-07-15,1099896,9900005374810,Victor Trujillo,531,0,2212,established,baseline
2026-07-15,1129526,9900005678215,VINCENT HINTZ,605,547,681,established,baseline
2026-07-15,1173571,9900006131931,Zach Medley,395,266,219,established,baseline
2026-07-15,993648,9900004145992,Whone Johnson,401,400,429,established,baseline
2026-07-15,1135910,9900005745450,Zach Clemons,428,405,339,established,baseline
2026-07-15,1134636,9900005732641,Zach Bryan,603,530,2259,established,baseline
2026-07-15,1185598,9900006454436,William Terral,438,0,94,preliminary,baseline
2026-07-15,10310,9900002364685,Woody Quezada,539,525,5134,established,baseline
2026-07-15,1314581,9900007889718,Wilburn Blevins,449,0,465,established,baseline
2026-07-15,1117382,9900005553192,William Sierra,509,475,665,established,baseline
2026-07-15,745183,0253103,Ken Schmidt,499,523,1533,established,baseline
2026-07-15,1228825,9900006897271,Uttam Budathoki,525,0,804,established,baseline
2026-07-15,1231607,9900006925332,Will Merwin,494,0,546,established,baseline
2026-07-15,852709,0038812,Vincent Perez,475,525,696,established,baseline
2026-07-15,1246024,9900007080160,Vladimir Katsuba,413,372,268,established,baseline
2026-07-15,1160635,9900005996500,Yolanda Salinas,369,350,34,preliminary,baseline
2026-07-15,1232692,9900006935959,Victor Lujan,503,0,279,established,baseline
2026-07-15,989953,9900004092586,Vince Holloway,474,400,120,preliminary,baseline
2026-07-15,995081,9900003551985,Woody Smith,423,450,1451,established,baseline
2026-07-15,1337907,9900008124962,Yordanos Demissie,566,0,177,preliminary,baseline
2026-07-15,1287840,9900007513859,Zachary Soron,319,300,430,established,baseline
2026-07-15,1315476,9900007898543,Zayden Budathoki,264,0,23,preliminary,baseline
2026-07-15,1341593,9900008161127,Zack Hrovat,393,0,404,established,baseline
2026-07-15,1148285,9900005871364,Vincent Su,433,400,385,established,baseline
2026-07-15,1381421,9900008707400,William “bill” Harrington,458,0,17,preliminary,baseline
2026-07-15,1374504,9900008640042,Wendy Swanson,370,0,37,preliminary,baseline
2026-07-15,1370227,9900008598268,Will Just,367,0,59,preliminary,baseline
2026-07-15,1337869,9900008123538,Aaron Jensen,-90,0,6,preliminary,baseline
2026-07-15,943785,0356750,Aaron Quintana,362,365,1064,established,baseline
2026-07-15,764364,0301612,Aaron Romero-Weld,381,426,196,preliminary,baseline
2026-07-15,1022926,9900004451857,Aaron Whitaker,-90,0,0,preliminary,baseline
2026-07-15,1367124,9900008567288,Adam Gray,450,450,0,preliminary,baseline
2026-07-15,568,0226828,Adam Mueller,483,525,1167,established,baseline
2026-07-15,1018582,9900004400848,Adam Torres,464,475,25,preliminary,baseline
2026-07-15,1291433,9900007556139,Addison Wong,472,475,30,preliminary,baseline
2026-07-15,1152922,9900005920833,Alana McGee,200,250,71,preliminary,baseline
2026-07-15,1344540,9900008190455,Alden Harris,366,350,61,preliminary,baseline
2026-07-15,1313881,9900007885246,Alex Corneillie,479,475,118,preliminary,baseline
2026-07-15,1058316,9900004858328,Alexander Greene,429,449,25,preliminary,baseline
2026-07-15,629762,0377869,Alexander Miller,357,397,78,preliminary,baseline
2026-07-15,1218797,9900006791944,Alexis Zinni,361,250,464,established,baseline
2026-07-15,1105166,9900005427554,Allen Cornette,375,0,35,preliminary,baseline
2026-07-15,1379812,9900008691600,Allison Hill,478,0,0,preliminary,baseline
2026-07-15,1068245,9900005044157,Allyn Beth Brown,335,340,7,preliminary,baseline
2026-07-15,1014795,9900004355179,Alyssa Rogers,366,375,4,preliminary,baseline
2026-07-15,622152,9900005845846,Amanda Davidson,485,525,203,established,baseline
2026-07-15,1326317,9900008009474,Amber Frye,273,325,158,preliminary,baseline
2026-07-15,1111129,9900005489293,Amie Jelderks,412,0,10,preliminary,baseline
2026-07-15,707672,0318059,Amy Gladu,447,450,482,established,baseline
2026-07-15,844192,0326760,Amy Wilson,328,325,54,preliminary,baseline
2026-07-15,1249054,9900007107850,Andres Pulido,290,300,5,preliminary,baseline
2026-07-15,1106894,9900005446678,Andrew Fry,506,0,64,preliminary,baseline
2026-07-15,969250,0385093,Andrew Gamble,438,460,99,preliminary,baseline
2026-07-15,1189293,9900006491639,Andrew Gillespie,431,0,583,established,baseline
2026-07-15,1133677,9900008355946,Andrew Marquez,-19,0,0,preliminary,baseline
2026-07-15,1060301,9900004889438,Andrew Tran,517,0,209,established,baseline
2026-07-15,1306927,9900007817377,Andy Blanton,342,375,54,preliminary,baseline
2026-07-15,1066509,9900005029000,Andy Freeman,355,350,25,preliminary,baseline
2026-07-15,1145386,9900005841718,Angelo Mestas,416,0,13,preliminary,baseline
2026-07-15,1202493,9900006626680,Anna Prebyl,237,300,355,established,baseline
2026-07-15,1174252,9900006140520,Anne Gambrel,452,450,343,established,baseline
2026-07-15,2518,0256788,Anthony Evans,637,612,52,preliminary,baseline
2026-07-15,1223771,9900006847009,Antoinette Bowers,424,450,25,preliminary,baseline
2026-07-15,1343634,9900008181361,April Maez,267,0,5,preliminary,baseline
2026-07-15,1301634,9900007760321,Arrie Mitchell,262,270,155,preliminary,baseline
2026-07-15,1056882,9900004843706,Art Stasny,513,510,136,preliminary,baseline
2026-07-15,1172979,9900006127415,Ash Garcia,243,250,24,preliminary,baseline
2026-07-15,1005275,9900004251266,Ashley Ramey,304,300,15,preliminary,baseline
2026-07-15,1042638,9900004692182,Ashley Walker,295,300,50,preliminary,baseline
2026-07-15,644486,0283798,Audra Wasson,403,425,2700,established,baseline
2026-07-15,1361801,9900008514909,Austin Romerein,535,525,5,preliminary,baseline
2026-07-15,1310544,9900007849842,Austin Simmons,226,0,7,preliminary,baseline
2026-07-15,1315446,9900007898383,axl rohac,522,0,150,preliminary,baseline
2026-07-15,644737,0251118,Ben Berg,370,376,139,preliminary,baseline
2026-07-15,665060,0321288,Ben Ellis,464,475,68,preliminary,baseline
2026-07-15,717222,0308303,Bill Hellner,566,566,1719,established,baseline
2026-07-15,989334,9900004084758,Bill Stine,492,0,328,established,baseline
2026-07-15,883122,0240489,Billy Brodnax,514,518,5,preliminary,baseline
2026-07-15,1265011,9900007271780,Billy Ray Marshall,392,374,121,preliminary,baseline
2026-07-15,1149195,9900005880328,Bob Howard,349,0,79,preliminary,baseline
2026-07-15,622706,9900008246121,Bob Madara,551,527,97,preliminary,baseline
2026-07-15,1349437,9900008391913,Bob Waldvogel,493,500,25,preliminary,baseline
2026-07-15,1118769,9900005568448,Bobby Hood,361,0,38,preliminary,baseline
2026-07-15,13739,0261669,Bobby Salazar,422,464,210,established,baseline
2026-07-15,1247934,9900007096307,Brad James,393,0,9,preliminary,baseline
2026-07-15,1260598,9900007229989,Brad McNeill,320,320,6,preliminary,baseline
2026-07-15,1313494,9900007879597,Brandon Hennessey,470,470,0,preliminary,baseline
2026-07-15,1064928,9900004917964,Brandon Neff,355,350,35,preliminary,baseline
2026-07-15,931907,0332727,Brandon Rice,496,459,1271,established,baseline
2026-07-15,1057216,9900004847056,Brenda Bedel,273,300,21,preliminary,baseline
2026-07-15,1278138,9900007407042,Brent Campbell,324,0,0,preliminary,baseline
2026-07-15,1003315,9900004229463,Brent Taylor,398,400,3,preliminary,baseline
2026-07-15,1382839,9900008721062,Brian Burns,492,0,27,preliminary,baseline
2026-07-15,1191027,9900006508863,Brian Noffsinger,391,395,288,established,baseline
2026-07-15,1167735,9900006069326,Brian Schultz,88,0,0,preliminary,baseline
2026-07-15,948189,0227490,Brian Swift,383,0,46,preliminary,baseline
2026-07-15,1322526,9900007969533,Brian Tatum,396,0,12,preliminary,baseline
2026-07-15,1154862,9900005938098,Brian Weiss,440,450,72,preliminary,baseline
2026-07-15,756402,0310772,Bridgett Raub,382,390,741,established,baseline
2026-07-15,1127047,9900005652277,Britany Connolly,292,300,4,preliminary,baseline
2026-07-15,1343635,9900008181408,Britt Hagaman,112,0,9,preliminary,baseline
2026-07-15,1173552,9900006131191,Britt Little,286,275,516,established,baseline
2026-07-15,1050664,9900004778640,Brittanie Garson,352,0,738,established,baseline
2026-07-15,1162677,9900006017297,Brooke Gibson,370,0,45,preliminary,baseline
2026-07-15,1107445,9900005453188,BROOKE WILLIAMSON,420,425,338,established,baseline
2026-07-15,1195431,9900006555324,Bryan Schmittel,328,300,156,preliminary,baseline
2026-07-15,1362854,9900008525318,Bryson Ford-Bachman,383,0,18,preliminary,baseline
2026-07-15,818967,9900008279297,Bubba Aguirre,526,526,10,preliminary,baseline
2026-07-15,930970,0375370,Cameron Hicks,401,0,61,preliminary,baseline
2026-07-15,839913,0259934,Candice Currie,325,365,307,established,baseline
2026-07-15,1345429,9900008198680,Carlos Soltero,391,0,12,preliminary,baseline
2026-07-15,1382735,9900008720317,Cassie Burt,481,0,0,preliminary,baseline
2026-07-15,1090965,9900005283921,Cecille Weisbrod,243,275,287,established,baseline
2026-07-15,1151885,9900005910025,Chad Reid,455,460,381,established,baseline
2026-07-15,1065722,9900005019438,CHAD SAILER,451,450,190,preliminary,baseline
2026-07-15,1202367,9900006625492,Chad Stearns,289,300,235,established,baseline
2026-07-15,1313392,9900007878941,Chad Wright,426,450,56,preliminary,baseline
2026-07-15,1178612,9900006283357,Charles Richardson,334,0,47,preliminary,baseline
2026-07-15,696253,0286186,Charles First Rider,525,525,0,preliminary,baseline
2026-07-15,772485,0312283,Cheryl Ide,321,272,1901,established,baseline
2026-07-15,14046,0004676,Chisolm Woodson,600,625,4846,established,baseline
2026-07-15,1377101,9900008665007,Chris Abel,159,0,9,preliminary,baseline
2026-07-15,842650,0309543,Christopher Cordova,525,525,0,preliminary,baseline
2026-07-15,1002861,9900004223690,Chris Cuthbert,296,300,5,preliminary,baseline
2026-07-15,1119357,9900005574081,Chris Galvan,460,485,762,established,baseline
2026-07-15,1009676,9900004299145,Chris Givens,520,525,25,preliminary,baseline
2026-07-15,1267895,9900007300817,Chris Woodcock,377,410,377,established,baseline
2026-07-15,1379664,9900008689898,Christian Welbaum,520,0,9,preliminary,baseline
2026-07-15,1262476,9900007245736,Christina Coffan,286,290,6,preliminary,baseline
2026-07-15,1301576,9900007758113,Christine Eddings,328,330,200,established,baseline
2026-07-15,1035058,9900004603065,Christopher Bevan,302,300,112,preliminary,baseline
2026-07-15,1229286,9900006903460,Christopher Hill,518,0,1269,established,baseline
2026-07-15,1090592,9900005279405,Cim Vue,391,400,400,established,baseline
2026-07-15,1028644,9900004521246,Cody Kaump,391,400,12,preliminary,baseline
2026-07-15,762012,0327394,Colin Hart,504,509,6,preliminary,baseline
2026-07-15,669118,0301282,Colleen Kissel,188,430,420,established,baseline
2026-07-15,1128001,9900005662306,Collin Riss,428,395,536,established,baseline
2026-07-15,1159781,9900005987607,Colton Brown,414,450,241,established,baseline
2026-07-15,1254790,9900007167267,Colton Terry,302,300,5,preliminary,baseline
2026-07-15,1354240,9900008440727,Conner Rust,304,305,92,preliminary,baseline
2026-07-15,1201742,9900006619163,Connor Schulze,295,0,8,preliminary,baseline
2026-07-15,1134622,9900005732085,Conor Dwyer,372,0,22,preliminary,baseline
2026-07-15,1263464,9900007264539,Corey Hull,300,300,0,preliminary,baseline
2026-07-15,1190697,9900006505510,Corey Vezina,411,300,735,established,baseline
2026-07-15,972782,9900008307587,Cory Austring,518,0,58,preliminary,baseline
2026-07-15,1292736,9900007564103,Cory Romero,473,440,149,preliminary,baseline
2026-07-15,1315448,9900007898666,coty scott,534,0,5,preliminary,baseline
2026-07-15,1114846,9900005527537,Dallas Trahan,429,435,368,established,baseline
2026-07-15,1133675,9900005722352,Damian Langston,423,0,899,established,baseline
2026-07-15,677701,0239625,Dammon Spencer,528,525,2237,established,baseline
2026-07-15,1105172,9900005428339,Damon Carr,451,0,35,preliminary,baseline
2026-07-15,1227588,9900006884707,Dan Heffernan,457,475,38,preliminary,baseline
2026-07-15,1165696,9900006048345,Daniel Simmons,449,375,435,established,baseline
2026-07-15,1313553,9900007880234,Dane Patterson,470,470,0,preliminary,baseline
2026-07-15,1018590,9900004400817,Daniel Feldman,482,500,70,preliminary,baseline
2026-07-15,1108136,9900005459180,daniel gillespie,557,0,18,preliminary,baseline
2026-07-15,1090137,9900005274875,Daniel Munson,416,425,45,preliminary,baseline
2026-07-15,1251698,9900007134207,Daniel Portillo,374,0,86,preliminary,baseline
2026-07-15,1383622,9900008729198,DANIEL SISNEROS,347,350,14,preliminary,baseline
2026-07-15,1197231,9900006574158,Daniel C Vigil,356,350,41,preliminary,baseline
2026-07-15,1111133,9900005489552,Danielle Swenson,338,325,225,established,baseline
2026-07-15,1252543,9900007140611,Danny Wilson,-90,0,6,preliminary,baseline
2026-07-15,1212233,9900006723372,Darrell Horton,529,0,36,preliminary,baseline
2026-07-15,1233413,9900006942476,Darren Mossman,420,450,218,established,baseline
2026-07-15,1282964,9900007459881,Darul Nealy,475,0,12,preliminary,baseline
2026-07-15,1324688,9900007992418,Darwin Grant,271,0,10,preliminary,baseline
2026-07-15,1105174,9900005428513,Dave Kirchoffner,419,0,74,preliminary,baseline
2026-07-15,1005130,9900004249683,David Hadley,256,250,59,preliminary,baseline
2026-07-15,907479,0307389,David Jantzen,485,500,807,established,baseline
2026-07-15,1043965,9900004703772,David Purcell,447,450,63,preliminary,baseline
2026-07-15,1310530,9900007849255,David Rodriguez,524,0,90,preliminary,baseline
2026-07-15,1239594,9900007017708,Dawn Ferris,161,325,428,established,baseline
2026-07-15,1372301,9900008618423,Day Palmer,244,250,25,preliminary,baseline
2026-07-15,658908,0264613,Debbie Potter,335,425,208,established,baseline
2026-07-15,799389,0114200,Debbie Hellner,349,330,194,preliminary,baseline
2026-07-15,1348807,9900008384779,Dennis Schatz,322,0,6,preliminary,baseline
2026-07-15,1164006,9900006031286,Derek Bemoras,491,450,896,established,baseline
2026-07-15,840275,0224084,Derrick Pettis,450,472,79,preliminary,baseline
2026-07-15,968001,0380395,Derrick Shehan,640,575,1495,established,baseline
2026-07-15,1159100,9900005980868,Devin Fischer,309,0,8,preliminary,baseline
2026-07-15,1176491,9900006163338,Devin Holiday,472,475,60,preliminary,baseline
2026-07-15,1162743,9900006018010,Devin Minardi,507,500,1203,established,baseline
2026-07-15,1310090,9900007844908,Diana Carlson,296,300,176,preliminary,baseline
2026-07-15,1166443,9900006059426,Dianne Chavez,400,400,0,preliminary,baseline
2026-07-15,1092376,9900005297560,DJ Wilson,573,450,173,preliminary,baseline
2026-07-15,1190858,9900006507545,Donald Gonzales,296,325,119,preliminary,baseline
2026-07-15,1136605,9900005752151,don hodson,-90,0,6,preliminary,baseline
2026-07-15,1090478,9900005278439,Donald Carrigan,441,450,1655,established,baseline
2026-07-15,1045927,9900004733359,Dorinda Johnson,355,300,253,established,baseline
2026-07-15,1357890,9900008476702,Doug Bryan,495,495,85,preliminary,baseline
2026-07-15,883119,0317784,Doug Pobar,525,525,0,preliminary,baseline
2026-07-15,1305037,9900007792490,Drew kennis,399,0,9,preliminary,baseline
2026-07-15,993383,9900004143448,Duane Perea,389,300,563,established,baseline
2026-07-15,854027,0239623,duke Trieu,508,527,73,preliminary,baseline
2026-07-15,1049041,9900004764476,Dustin Gonzalez,301,325,16,preliminary,baseline
2026-07-15,1333016,9900008075875,Dustin Huett,263,285,41,preliminary,baseline
2026-07-15,1374467,9900008639510,Dustin Keranen,356,0,17,preliminary,baseline
2026-07-15,1130200,9900005687446,Dustin Montgomery,228,300,110,preliminary,baseline
2026-07-15,1147287,9900005861686,Dustin Neff,341,350,4,preliminary,baseline
2026-07-15,1241917,9900007039571,Dylan Gebauer,403,405,205,established,baseline
2026-07-15,1260599,9900007229996,Dylan Manzanares,375,365,250,established,baseline
2026-07-15,1254513,9900007164075,Eddie Dobrini,392,400,189,preliminary,baseline
2026-07-15,693154,0243698,Eddie Pacheco,503,525,2234,established,baseline
2026-07-15,970841,9900003911710,Edward Garcia,399,400,5,preliminary,baseline
2026-07-15,1029967,9900004535205,Edward Gooderham,392,0,45,preliminary,baseline
2026-07-15,1344122,9900008186335,Edwin Ronoh,538,500,100,preliminary,baseline
2026-07-15,1307500,9900007818251,Elizabeth Lewis,248,325,210,established,baseline
2026-07-15,1341425,9900008159568,Elizabeth Wastell,274,300,20,preliminary,baseline
2026-07-15,1299314,9900007731086,JUAN EMILIO RON FERNANDEZ-MOSQUERA,363,0,0,preliminary,baseline
2026-07-15,1200521,9900006606606,Emily Fiedler,244,0,9,preliminary,baseline
2026-07-15,1367504,9900008570981,Emma Renner,311,350,45,preliminary,baseline
2026-07-15,893340,0300235,Eric Andrychow,552,517,343,established,baseline
2026-07-15,1092519,9900005299298,Eric Bryant,453,430,138,preliminary,baseline
2026-07-15,1115344,9900005532234,Eric Felker,398,0,89,preliminary,baseline
2026-07-15,1122646,9900005607574,eric nicoli,450,400,371,established,baseline
2026-07-15,1256846,9900007187876,Eric Reyhle,506,0,216,established,baseline
2026-07-15,1379668,9900008689904,Erica Rhodes,253,0,9,preliminary,baseline
2026-07-15,1238459,9900007005507,Erick Franco,498,500,232,established,baseline
2026-07-15,714286,0321671,Erik Rupprecht,503,410,1894,established,baseline
2026-07-15,1152739,9900005917031,Erin Judy,221,275,65,preliminary,baseline
2026-07-15,1374666,9900008641599,Ernie Lopez,394,450,84,preliminary,baseline
2026-07-15,1200523,9900006607146,Erren Mcintosh,108,0,6,preliminary,baseline
2026-07-15,1315453,9900007898819,Ethan Anders,342,0,12,preliminary,baseline
2026-07-15,669003,0307367,Eugene Denmon,528,534,11,preliminary,baseline
2026-07-15,757787,0281864,Eugene Onofrio,514,545,1703,established,baseline
2026-07-15,1249897,9900007116265,Eva Mulkin,399,395,305,established,baseline
2026-07-15,1187485,9900006474083,Evan Rainford,441,443,342,established,baseline
2026-07-15,1005226,9900004251013,Filip Stibral,485,485,235,established,baseline
2026-07-15,1255400,9900007173053,Francisco Ayala,408,0,34,preliminary,baseline
2026-07-15,1381493,9900008708124,Frankie Leal,491,525,94,preliminary,baseline
2026-07-15,1017945,9900004392037,fred barnes,-90,0,4,preliminary,baseline
2026-07-15,1384907,9900008741473,Gabrielle Nicholas,304,300,20,preliminary,baseline
2026-07-15,1264991,9900007272367,Gail Nadeau,378,375,275,established,baseline
2026-07-15,1077551,9900005136708,Garrett Chasenah,465,424,982,established,baseline
2026-07-15,1115994,9900005540031,Gary Gordon,380,380,0,preliminary,baseline
2026-07-15,1202484,9900006626604,Gary Prebyl,359,360,450,established,baseline
2026-07-15,1047268,9900004747066,Gavin Reid,466,410,2005,established,baseline
2026-07-15,623086,9900008302711,Gaylen Goodnight,503,509,41,preliminary,baseline
2026-07-15,1009705,9900004299404,Gemini Burns,335,325,305,established,baseline
2026-07-15,709518,0250146,Geoffrey Quezada,632,525,3281,established,baseline
2026-07-15,1100228,9900005378054,George Bannoura,664,600,674,established,baseline
2026-07-15,1243970,9900007060445,George Bristow,369,300,636,established,baseline
2026-07-15,1336858,9900008114222,George Perkins,362,400,18,preliminary,baseline
2026-07-15,1203900,9900006640600,Gessler Lopez,417,0,166,preliminary,baseline
2026-07-15,1284313,9900007474112,Glenn Good,425,525,307,established,baseline
2026-07-15,762838,0239635,Grant Burnham,474,485,38,preliminary,baseline
2026-07-15,1074523,9900005106541,Greg Graham,530,0,13,preliminary,baseline
2026-07-15,1367588,9900008572190,Greg Kasarcik,400,0,45,preliminary,baseline
2026-07-15,623237,0165918,Greg Quintana,522,524,21,preliminary,baseline
2026-07-15,932749,0010962,Greg Stevens,512,488,773,established,baseline
2026-07-15,1158194,9900005972368,Greg Walton,479,499,116,preliminary,baseline
2026-07-15,885452,0325944,Hana Sunrise,381,406,14,preliminary,baseline
2026-07-15,800701,0236156,Heather Frayer,450,402,913,established,baseline
2026-07-15,798883,0299560,Heather Gunderson,407,431,537,established,baseline
2026-07-15,1154192,9900005933253,Heather Jantzen,302,300,503,established,baseline
2026-07-15,1236250,9900006983011,Heather Stevens,-90,0,11,preliminary,baseline
2026-07-15,1188160,9900006481586,Heidi Oliver,321,350,514,established,baseline
2026-07-15,1276628,9900007391990,Ian Lusk,336,375,70,preliminary,baseline
2026-07-15,1171520,9900006111070,Ilme Lee,298,300,20,preliminary,baseline
2026-07-15,786871,0271875,Irene Padilla,344,327,706,established,baseline
2026-07-15,732237,0264839,Jack Quist,630,525,1611,established,baseline
2026-07-15,1343638,9900008181163,Jack Sharp,404,0,50,preliminary,baseline
2026-07-15,1373522,9900008630302,Jackson Perenyi,471,0,0,preliminary,baseline
2026-07-15,1235550,9900006975580,Jackson Williams,478,0,18,preliminary,baseline
2026-07-15,1257778,9900007197622,Jacob Garza,441,360,200,established,baseline
2026-07-15,1327823,9900008024293,Jacob Gaspari,366,400,120,preliminary,baseline
2026-07-15,1181346,9900006312132,Jacqueline Moore,261,250,38,preliminary,baseline
2026-07-15,1210190,9900006703671,Jade Melgarejo,406,400,48,preliminary,baseline
2026-07-15,1302145,9900007763193,Jaime Ospina,477,475,176,preliminary,baseline
2026-07-15,972811,9900000532888,James Brothers,563,525,1750,established,baseline
2026-07-15,1111878,9900005500394,James Carney,361,400,55,preliminary,baseline
2026-07-15,879881,9900008228097,James Conley,528,525,62,preliminary,baseline
2026-07-15,927097,0339031,James Duffy,525,525,0,preliminary,baseline
2026-07-15,1370190,9900008597452,James Neal,341,0,13,preliminary,baseline
2026-07-15,1232451,9900006939445,James O'Connell,406,415,375,established,baseline
2026-07-15,1039640,9900004654685,James Santucci,556,547,660,established,baseline
2026-07-15,1326003,9900008006411,James Tafoya,450,450,0,preliminary,baseline
2026-07-15,1076359,9900005124781,James Trotter,451,350,195,preliminary,baseline
2026-07-15,655705,0321680,James Weston,354,391,366,established,baseline
2026-07-15,1054010,9900004813624,Jamos Purtill,448,475,901,established,baseline
2026-07-15,1380717,9900008700746,Jared Carrier,349,0,9,preliminary,baseline
2026-07-15,1266598,9900007287491,Jared Sharpe,416,375,235,established,baseline
2026-07-15,810956,0302226,Jarod Adams,506,522,284,established,baseline
2026-07-15,1343673,9900008182115,Jarrett Cochran,478,495,75,preliminary,baseline
2026-07-15,722852,0245785,Jason van Boxtel,346,386,48,preliminary,baseline
2026-07-15,1036216,9900004614832,Jason Hough,377,375,5,preliminary,baseline
2026-07-15,1228264,9900006892061,Jason Kaczynski,398,0,257,established,baseline
2026-07-15,625189,0318326,Jason Secor,643,525,2587,established,baseline
2026-07-15,1176419,9900006162782,Jaydn Dunbar,302,300,2,preliminary,baseline
2026-07-15,1256850,9900007188156,Jeff Chichester,534,0,345,established,baseline
2026-07-15,1169212,9900006087733,Jeffrey Crilly,396,400,60,preliminary,baseline
2026-07-15,1362866,9900008526049,Jeff Dank,460,0,61,preliminary,baseline
2026-07-15,1272167,9900007345641,Jeff Grames,400,425,327,established,baseline
2026-07-15,1327689,9900008023418,Jeff Schwieterman,252,280,79,preliminary,baseline
2026-07-15,1313265,9900007877425,Jeff Winkelman,410,425,60,preliminary,baseline
2026-07-15,1138542,9900005771701,Jennifer Carroll,429,425,50,preliminary,baseline
2026-07-15,1139231,9900005778984,JENNIFER HANSEN,315,0,63,preliminary,baseline
2026-07-15,1383109,9900008724230,Jennifer Isenhart,291,300,42,preliminary,baseline
2026-07-15,1104520,9900005421385,Jennifer Lee,430,475,296,established,baseline
2026-07-15,1354374,9900008441991,Jennifer Van Voorst,264,300,90,preliminary,baseline
2026-07-15,1322534,9900007969342,Jeremy Noll,361,0,5,preliminary,baseline
2026-07-15,1019821,9900004418911,Jeromie Flanery,393,450,1406,established,baseline
2026-07-15,1317554,9900007920077,Jerry Gonzales,471,0,75,preliminary,baseline
2026-07-15,1305658,9900007799253,Jesse Vigil,460,470,190,preliminary,baseline
2026-07-15,1382846,9900008721406,Jessica Kitterman,251,0,16,preliminary,baseline
2026-07-15,1348991,9900008386155,Jesus Gamboa,565,0,47,preliminary,baseline
2026-07-15,1209106,9900006693552,Jim Harding,297,300,25,preliminary,baseline
2026-07-15,1009681,9900004299183,Jim Sauers,419,525,1191,established,baseline
2026-07-15,1370193,9900008598343,Jimmy Smyrnios,303,0,6,preliminary,baseline
2026-07-15,1056075,9900004835633,Jimmy Weeks,498,500,15,preliminary,baseline
2026-07-15,1220378,9900006808932,JJ Labertew,449,0,11,preliminary,baseline
2026-07-15,1341042,9900008155980,Joann Roybal,308,300,140,preliminary,baseline
2026-07-15,1227443,9900006882895,Job Eagle,422,400,324,established,baseline
2026-07-15,1228453,9900006893600,Jodi jacobs,398,0,12,preliminary,baseline
2026-07-15,745393,0085183,Jody Brooks,531,529,5,preliminary,baseline
2026-07-15,706350,0265351,Joe Raehal,308,525,1815,established,baseline
2026-07-15,674685,0036439,Joe Ricard,525,525,0,preliminary,baseline
2026-07-15,1150095,9900005890259,Joel Dallin,331,350,120,preliminary,baseline
2026-07-15,931012,0338545,Joel Green,494,447,107,preliminary,baseline
2026-07-15,1369230,9900008587941,Joel Leavy,317,0,9,preliminary,baseline
2026-07-15,1164931,9900006041506,Joey Cravotta,405,0,139,preliminary,baseline
2026-07-15,893433,0301294,John Backowski,503,500,915,established,baseline
2026-07-15,623634,0215261,John Doherty,616,697,4455,established,baseline
2026-07-15,1256049,9900007180211,John Gaborek,473,460,259,established,baseline
2026-07-15,1115347,9900005532326,John Hall,630,0,138,preliminary,baseline
2026-07-15,981050,9900003952737,John Kirby,368,0,52,preliminary,baseline
2026-07-15,645374,0259354,John McGee,464,525,422,established,baseline
2026-07-15,1095757,9900005332797,John Putzer,460,0,202,established,baseline
2026-07-15,652630,0264607,John Raehal,465,525,2103,established,baseline
2026-07-15,1348816,9900008384311,John Sawchuk,387,0,7,preliminary,baseline
2026-07-15,1099072,9900005366730,John Steinmark,-90,0,0,preliminary,baseline
2026-07-15,1284395,9900007474877,John Sutliff,536,450,284,established,baseline
2026-07-15,1210829,9900006709970,John Yara,312,300,102,preliminary,baseline
2026-07-15,1169229,9900006087870,Jonathan Zagar,456,425,54,preliminary,baseline
2026-07-15,1133680,9900005722413,Jon Zemp,-19,0,0,preliminary,baseline
2026-07-15,989957,9900004092623,Joni Vecchiarelli,231,300,375,established,baseline
2026-07-15,1097694,9900005352566,Jordan Delitz,154,300,222,established,baseline
2026-07-15,1066451,9900005026900,Jordan Hale,-90,0,0,preliminary,baseline
2026-07-15,1275302,9900007378014,Jorge Avina,393,475,181,preliminary,baseline
2026-07-15,1170967,9900006105635,Jose Barajas,332,325,16,preliminary,baseline
2026-07-15,1250055,9900007117668,Joseph Best,425,425,0,preliminary,baseline
2026-07-15,1122651,9900005607444,joseph bradley,180,0,7,preliminary,baseline
2026-07-15,1323605,9900007982136,Joseph Gray,442,0,75,preliminary,baseline
2026-07-15,1108141,9900005459760,josh muniz,196,0,7,preliminary,baseline
2026-07-15,1254755,9900007167281,Joshua Hall,480,498,406,established,baseline
2026-07-15,972832,9900002605504,Joshua Ramey,500,0,1136,established,baseline
2026-07-15,774496,0215224,Joshua Scott,621,605,776,established,baseline
2026-07-15,1301637,9900007758588,Joshua Setter,439,440,160,preliminary,baseline
2026-07-15,809711,0159457,Joy Remollo,578,560,90,preliminary,baseline
2026-07-15,1364761,9900008544067,Joy Stiles,280,280,8,preliminary,baseline
2026-07-15,1253708,9900007155776,Juan Gonzalez,394,0,13,preliminary,baseline
2026-07-15,1202488,9900006626901,Juliena Carlson,331,340,285,established,baseline
2026-07-15,1383039,9900008723530,Julio Sanchez,450,450,0,preliminary,baseline
2026-07-15,1337838,9900008123880,Weslley (Junior) Rodriguez,379,0,9,preliminary,baseline
2026-07-15,1386670,9900008758877,Junior Velez,485,0,0,preliminary,baseline
2026-07-15,1133686,9900005722451,Justin Padilla,423,405,225,established,baseline
2026-07-15,1345737,9900008202394,Justin Travis,438,453,100,preliminary,baseline
2026-07-15,1095166,9900005326895,Kari Solano,433,425,202,established,baseline
2026-07-15,1361240,9900008509301,Karim Scott,386,425,85,preliminary,baseline
2026-07-15,1140024,9900005788211,Karla Bohl,342,350,139,preliminary,baseline
2026-07-15,1332682,9900008074380,Kathryn Mandanici,327,350,82,preliminary,baseline
2026-07-15,1244376,9900007064528,KC Catherine Nelson,366,350,205,established,baseline
2026-07-15,1244684,9900007067369,Keith Parker,588,0,106,preliminary,baseline
2026-07-15,1009684,9900004299213,Kelli Harrison,357,375,1654,established,baseline
2026-07-15,1348186,9900008379010,Kellie Sorensen,439,0,0,preliminary,baseline
2026-07-15,767184,0313221,Ken Kirby,323,316,164,preliminary,baseline
2026-07-15,1148972,9900005877939,Kenneth Vallarte,301,0,10,preliminary,baseline
2026-07-15,1305776,9900007800720,Kenny Maciborski,329,330,342,established,baseline
2026-07-15,1370200,9900008598022,Kerry Berman,442,0,2,preliminary,baseline
2026-07-15,830262,0073064,Kevin Cardona,501,537,107,preliminary,baseline
2026-07-15,669526,0309583,Kevin Donnelly,525,525,0,preliminary,baseline
2026-07-15,1271949,9900007342657,Kevin Nadeau,711,0,147,preliminary,baseline
2026-07-15,1250433,9900007121122,Kevin Powell,415,0,31,preliminary,baseline
2026-07-15,1040431,9900004662307,KEVIN YANG,-90,0,3,preliminary,baseline
2026-07-15,1356305,9900008461074,Kippy Melone,242,300,101,preliminary,baseline
2026-07-15,1249911,9900007115886,Krista Azer,265,300,85,preliminary,baseline
2026-07-15,1136612,9900005752298,Kurt Wiebe,416,0,18,preliminary,baseline
2026-07-15,978061,9900006872209,Kyle Coleman,529,0,561,established,baseline
2026-07-15,360338,0239622,KYLE CRONE,513,530,127,preliminary,baseline
2026-07-15,993391,9900004143356,Kyle Donham,393,400,23,preliminary,baseline
2026-07-15,1296455,9900007702567,Kyle Rupprecht,538,350,295,established,baseline
2026-07-15,1189339,9900006492346,Kylie Pelzer,278,300,594,established,baseline
2026-07-15,1057396,9900004849029,Kyra Brown,-90,0,5,preliminary,baseline
2026-07-15,1039443,9900004652810,Larry Sherman,345,360,51,preliminary,baseline
2026-07-15,1068474,9900002333049,Laura Moshel,382,400,466,established,baseline
2026-07-15,1242033,9900007039922,Lauren Fried,-90,0,5,preliminary,baseline
2026-07-15,1249912,9900007115893,Laverne Gomez,362,350,64,preliminary,baseline
2026-07-15,1155943,9900005950014,Lawrence Subiono,418,435,390,established,baseline
2026-07-15,1097857,9900005354355,Lee Heilig,515,475,599,established,baseline
2026-07-15,1329917,9900008044352,Lee kramer,185,0,17,preliminary,baseline
2026-07-15,1136613,9900005751840,leena louis,-90,0,6,preliminary,baseline
2026-07-15,1232162,9900006930381,Lenora Madey,352,400,442,established,baseline
2026-07-15,1228267,9900006891972,Leo Lewis,298,0,15,preliminary,baseline
2026-07-15,1362928,9900008525905,Leonardo Salazar,484,0,15,preliminary,baseline
2026-07-15,1378101,9900008675501,Leslie Nixon,291,300,35,preliminary,baseline
2026-07-15,1054401,9900004818810,Lindsay Briggs,286,300,60,preliminary,baseline
2026-07-15,1267069,9900007292594,Lindsey Peterson,335,0,177,preliminary,baseline
2026-07-15,1337133,9900008117063,Lisa Gonzales,300,300,5,preliminary,baseline
2026-07-15,669415,0226398,Lisa Hipley,426,404,153,preliminary,baseline
2026-07-15,1237956,9900007000465,Logan Gadbury,389,0,29,preliminary,baseline
2026-07-15,1096156,9900005336832,Logan Rothering,316,0,10,preliminary,baseline
2026-07-15,15420,0156586,Lucas Davidson,469,410,360,established,baseline
2026-07-15,1242956,9900007050095,Luis Arreola,462,455,150,preliminary,baseline
2026-07-15,1226613,9900006875156,Luke Miller,454,0,104,preliminary,baseline
2026-07-15,717791,0292944,Lynda Byrd,346,425,260,established,baseline
2026-07-15,1325220,9900007998755,Lyndsay Taylor,246,260,242,established,baseline
2026-07-15,771276,0301258,Lynn Huey,354,305,501,established,baseline
2026-07-15,1057205,9900004846967,Lynne Mills,295,300,12,preliminary,baseline
2026-07-15,1371434,9900008609834,Maggie Donham,326,325,20,preliminary,baseline
2026-07-15,12105,0179573,Mandi Ritthaler,467,520,598,established,baseline
2026-07-15,1387154,9900008763574,Marcus Russell,236,0,6,preliminary,baseline
2026-07-15,1193128,9900006530772,Marcus Douglas,419,415,155,preliminary,baseline
2026-07-15,1141900,9900005807813,Marcus Hubenka,479,500,291,established,baseline
2026-07-15,1197564,9900006577654,Marcus Jimenez,399,0,60,preliminary,baseline
2026-07-15,1232688,9900006936161,Marcy Mullan,328,0,40,preliminary,baseline
2026-07-15,627159,0205752,Mario Delgado,345,340,2143,established,baseline
2026-07-15,1127232,9900005653687,Mark Kabigting,-36,0,0,preliminary,baseline
2026-07-15,935975,9900008228844,Mark Morgan,422,0,17,preliminary,baseline
2026-07-15,706349,0293284,Mark Walker,468,525,211,established,baseline
2026-07-15,930331,0378737,Marvin Owens,619,600,662,established,baseline
2026-07-15,1074059,9900005101577,Mary Bryant,438,397,1393,established,baseline
2026-07-15,784940,0326713,Mason Adams,421,447,36,preliminary,baseline
2026-07-15,807440,0074702,Matt Forbes,554,525,1894,established,baseline
2026-07-15,749532,0312205,Matt Ritz,399,423,59,preliminary,baseline
2026-07-15,1215801,9900006759326,Matthew Maxwell,398,400,30,preliminary,baseline
2026-07-15,1339167,9900008140528,Maurice Hall,251,260,65,preliminary,baseline
2026-07-15,1056545,9900004841566,Max Doolittle,405,425,72,preliminary,baseline
2026-07-15,1354511,9900008443353,Maxx Montiel,340,340,0,preliminary,baseline
2026-07-15,1339169,9900008139690,Megan Crooks,269,275,40,preliminary,baseline
2026-07-15,1371911,9900008614739,Melanie Elson,84,0,12,preliminary,baseline
2026-07-15,1028992,9900004523738,Michael Downing,503,500,237,established,baseline
2026-07-15,1030868,9900004544962,Michael Ellison,347,0,195,preliminary,baseline
2026-07-15,1385239,9900008744313,Michael Foley,438,430,20,preliminary,baseline
2026-07-15,1258210,9900007203132,Michael Frye,372,375,6,preliminary,baseline
2026-07-15,1040219,9900004660655,Michael Gallegos,400,450,155,preliminary,baseline
2026-07-15,1023457,9900004459303,Michael Loeffler,405,400,354,established,baseline
2026-07-15,997287,9900004180443,Michael Otero,488,500,26,preliminary,baseline
2026-07-15,1046595,9900004739993,Michelle Grooms,199,250,125,preliminary,baseline
2026-07-15,1009691,9900004299275,Michelle Landsberg,196,315,299,established,baseline
2026-07-15,1281873,9900007445860,Michelle Martinez,206,250,48,preliminary,baseline
2026-07-15,1191037,9900006508917,Mickie Beaman,390,390,73,preliminary,baseline
2026-07-15,1286817,9900007499665,Mike archer,381,0,135,preliminary,baseline
2026-07-15,1100230,9900005378061,Mike Bannoura,619,580,730,established,baseline
2026-07-15,1099461,9900005370768,Mike Blizzard,449,0,15,preliminary,baseline
2026-07-15,929510,9900003904484,Mike Golden,340,368,33,preliminary,baseline
2026-07-15,1129354,9900005675771,Mike Hillen,541,0,15,preliminary,baseline
2026-07-15,669860,0017146,Mike Lopez,369,518,398,established,baseline
2026-07-15,1131224,9900005694833,Mike Miles,282,0,24,preliminary,baseline
2026-07-15,1314796,9900007891841,Mike Scoles,294,300,42,preliminary,baseline
2026-07-15,1241140,9900007032862,Miles Taono,573,560,206,established,baseline
2026-07-15,1373070,9900008626114,Mindy Montgomery,272,0,26,preliminary,baseline
2026-07-15,972857,9900003545441,Miriam Goetzke,330,402,283,established,baseline
2026-07-15,624199,9900008360643,Monica Riley,543,539,38,preliminary,baseline
2026-07-15,1237661,9900006997483,Mohin Afsar,599,620,170,preliminary,baseline
2026-07-15,1103794,9900005414752,Monico Rivera,381,360,744,established,baseline
2026-07-15,1136614,9900005751918,mya whitlock,424,0,82,preliminary,baseline
2026-07-15,1198238,9900006584300,Mychal Brown,174,0,14,preliminary,baseline
2026-07-15,858909,0324754,Naz Hassen,547,525,109,preliminary,baseline
2026-07-15,1108143,9900005459357,nelson reed,399,0,24,preliminary,baseline
2026-07-15,1093288,9900005307955,"Nicholas ""Nick"" David",448,450,305,established,baseline
2026-07-15,1228950,9900006899503,Nicholas Longi,467,460,122,preliminary,baseline
2026-07-15,1050505,9900004777483,Nicholas Massenkoff,646,0,4,preliminary,baseline
2026-07-15,947904,0266428,Nicholas Stone,415,0,91,preliminary,baseline
2026-07-15,1347209,9900008219538,Nicholas Thomson,682,0,20,preliminary,baseline
2026-07-15,1219470,9900006799001,Nick Hamilton,459,0,36,preliminary,baseline
2026-07-15,1124941,9900005629583,Nick Neidhofer,466,0,15,preliminary,baseline
2026-07-15,1258567,9900007205846,Nick Puffer,531,505,320,established,baseline
2026-07-15,1160260,9900005992472,Nicole McWilliams,273,0,19,preliminary,baseline
2026-07-15,1383438,9900008727415,Nicole Rogers,290,300,52,preliminary,baseline
2026-07-15,951185,0337881,Nikki Brundige,425,450,587,established,baseline
2026-07-15,1302796,9900007770108,Nikki Ruppel,306,325,55,preliminary,baseline
2026-07-15,1205571,9900006657455,Nikunja Patel,323,300,64,preliminary,baseline
2026-07-15,1377531,9900008669890,Nina Manalastas,476,0,0,preliminary,baseline
2026-07-15,1288369,9900007516713,noel fehrmann,120,0,14,preliminary,baseline
2026-07-15,1313552,9900007880227,Norm Evans,403,400,9,preliminary,baseline
2026-07-15,1313547,9900007880173,Pamela Dubois,350,350,0,preliminary,baseline
2026-07-15,1122656,9900005607451,pat baksa,365,0,23,preliminary,baseline
2026-07-15,1014700,9900004353991,Patrick Marshall,263,300,124,preliminary,baseline
2026-07-15,995088,9900004165495,Patrick McNally,538,535,1618,established,baseline
2026-07-15,1345449,9900008199427,Patrick Reyhle,433,0,122,preliminary,baseline
2026-07-15,980729,9900003453777,Sean-Paul Salazar,512,488,3331,established,baseline
2026-07-15,1343646,9900008181262,Paul Smith,-90,0,2,preliminary,baseline
2026-07-15,1307945,9900007824115,Paxtyn Borgen,175,250,85,preliminary,baseline
2026-07-15,1232425,9900006932798,Peggy Litton,299,300,298,established,baseline
2026-07-15,1379676,9900008690856,Peter Kubat,142,0,8,preliminary,baseline
2026-07-15,1123120,9900005612790,Phillip Gomez,226,300,155,preliminary,baseline
2026-07-15,1005230,9900004250672,Prav Grant,422,425,611,established,baseline
2026-07-15,1207395,9900006675480,Quoc dong,346,0,11,preliminary,baseline
2026-07-15,1385367,9900008745426,Rachelle Hernandez,312,312,0,preliminary,baseline
2026-07-15,1154193,9900005934564,Rachel Sierra,276,250,433,established,baseline
2026-07-15,1288593,9900007518915,Rachel Wallace,497,0,111,preliminary,baseline
2026-07-15,972863,9900005618846,Raechel Fogle,385,350,730,established,baseline
2026-07-15,1054037,9900004813686,Raechel Purtill,314,320,482,established,baseline
2026-07-15,1222059,9900006829289,Rafael Figueroa,427,500,169,preliminary,baseline
2026-07-15,1382852,9900008720911,Ray Mills,500,0,22,preliminary,baseline
2026-07-15,847358,0155538,Ray Oakes,467,515,609,established,baseline
2026-07-15,1105188,9900005428438,Rey Cortez,502,525,611,established,baseline
2026-07-15,935991,0344830,Rhonda Casados,350,320,437,established,baseline
2026-07-15,1340223,9900008147459,Ricardo Ortega Pérez,564,0,611,established,baseline
2026-07-15,1117657,9900005556155,Richard Grodahl,290,300,5,preliminary,baseline
2026-07-15,1106903,9900005446807,richard lehl,449,0,15,preliminary,baseline
2026-07-15,1245235,9900007072738,Richard Vigil,475,475,0,preliminary,baseline
2026-07-15,1102140,9900005397055,Rick Owens,-90,0,4,preliminary,baseline
2026-07-15,1327149,9900008017653,Ricky Thomas,370,0,28,preliminary,baseline
2026-07-15,1009674,9900004299121,RJ Kelley,369,525,275,established,baseline
2026-07-15,1200649,9900006608662,Carl RJ Williamson,422,0,14,preliminary,baseline
2026-07-15,1376461,9900008659259,Rob Stegall,360,350,15,preliminary,baseline
2026-07-15,1256859,9900007188453,Robert Boucher,436,0,362,established,baseline
2026-07-15,855155,0301295,Robert Chadwick,495,525,2129,established,baseline
2026-07-15,1356608,9900008463702,Robert Davis,354,0,70,preliminary,baseline
2026-07-15,1319468,9900007939239,Robert Mosley,399,0,21,preliminary,baseline
2026-07-15,1096897,9900005344417,Robert Thayer,551,0,387,established,baseline
2026-07-15,825463,0301274,Robin Chadwick,429,441,743,established,baseline
2026-07-15,1216662,9900006768441,Robin Meehan,340,385,512,established,baseline
2026-07-15,1086752,9900005240030,Robin Turley,348,300,1116,established,baseline
2026-07-15,935995,0344838,Robinson Diaz,552,0,508,established,baseline
2026-07-15,1315472,9900007898727,Roland jimenez,369,350,132,preliminary,baseline
2026-07-15,930697,0128559,Roland Lucero,588,525,596,established,baseline
2026-07-15,653528,0324758,Ron Foster,526,534,5,preliminary,baseline
2026-07-15,679564,0265535,Ronald Gardner,350,525,1926,established,baseline
2026-07-15,1105190,9900005428612,Ronnie Nelson,532,520,770,established,baseline
2026-07-15,1313551,9900007880210,Ronnie Overton,435,435,103,preliminary,baseline
2026-07-15,1127137,9900005652673,Ross Wilson,328,0,20,preliminary,baseline
2026-07-15,1136617,9900005751758,Rowland Nwaohuocha,325,0,12,preliminary,baseline
2026-07-15,1023257,9900004455305,Russ Cox,249,0,12,preliminary,baseline
2026-07-15,1167582,9900006067704,Ryan Bischof,87,0,0,preliminary,baseline
2026-07-15,1104319,9900005420098,ryan galitz,364,335,193,preliminary,baseline
2026-07-15,1135642,9900005742671,Ryan Liles,374,375,4,preliminary,baseline
2026-07-15,1129523,9900005677799,Ryan Nuss,477,400,600,established,baseline
2026-07-15,1205854,9900006660363,Sabrina Lopez,297,0,73,preliminary,baseline
2026-07-15,1260548,9900007226261,Sadie Meehan,185,285,255,established,baseline
2026-07-15,1129258,9900005675115,Safi Mommandi,541,520,205,established,baseline
2026-07-15,1025683,9900004485616,Sal Aguilar,413,0,51,preliminary,baseline
2026-07-15,1198497,9900006586922,Sam Butler,344,350,12,preliminary,baseline
2026-07-15,1179350,9900006291741,Sam Ferris,511,522,1548,established,baseline
2026-07-15,1218519,9900006788692,Samuel Fiechter,462,0,97,preliminary,baseline
2026-07-15,1056078,9900004835398,Sammy Frye,345,425,176,preliminary,baseline
2026-07-15,1150337,9900005892277,Sam Post,433,0,263,established,baseline
2026-07-15,1118889,9900005568981,SARAH DOBLER,-90,0,3,preliminary,baseline
2026-07-15,1032127,9900004560276,Scott Hills,446,425,1030,established,baseline
2026-07-15,1144837,9900005836417,Scott Miles,475,500,44,preliminary,baseline
2026-07-15,1232690,9900006935775,Seajay Johnson,427,0,187,preliminary,baseline
2026-07-15,1301580,9900007758144,Sean Baas,379,360,379,established,baseline
2026-07-15,1232691,9900006935928,Sean McGowan,161,0,40,preliminary,baseline
2026-07-15,1225327,9900006862408,Sean Menard,432,0,32,preliminary,baseline
2026-07-15,1273371,9900007357903,Sean Rogers,330,475,185,preliminary,baseline
2026-07-15,1127543,9900005657210,Sean Seeley,468,450,48,preliminary,baseline
2026-07-15,1363058,9900008527374,Seth Baughman,392,400,225,established,baseline
2026-07-15,1161793,9900006008110,Seth Jackson,479,475,10,preliminary,baseline
2026-07-15,1126591,9900005646788,Shane Shoemaker,480,538,96,preliminary,baseline
2026-07-15,1347329,9900008220800,Shannon Clark,403,0,17,preliminary,baseline
2026-07-15,1136618,9900005752205,shannon ubben,165,0,7,preliminary,baseline
2026-07-15,1209511,9900006696737,Shawn Fielding,286,300,219,established,baseline
2026-07-15,624311,0121543,Shawn Ford,445,445,386,established,baseline
2026-07-15,1356610,9900008463764,Shawn Rice,-90,0,7,preliminary,baseline
2026-07-15,1375104,9900008645849,Shawn Williamson,411,435,39,preliminary,baseline
2026-07-15,987796,9900004059626,Shawn Zillmann,325,350,1760,established,baseline
2026-07-15,1345792,9900008202912,Shawna Hyde,375,425,102,preliminary,baseline
2026-07-15,1256692,9900007185810,Shelly Dempsey,254,0,8,preliminary,baseline
2026-07-15,1190866,9900006507828,Shonda Dunlavy,421,421,431,established,baseline
2026-07-15,744056,0284250,Sierra Provencher,413,421,3,preliminary,baseline
2026-07-15,1214348,9900006749396,Sinjin Sison,538,425,956,established,baseline
2026-07-15,1313549,9900007880197,Sir Jacobs,400,400,0,preliminary,baseline
2026-07-15,808649,0226400,Sivong Yang,419,447,76,preliminary,baseline
2026-07-15,1379678,9900008690672,Spencer Smith,549,0,33,preliminary,baseline
2026-07-15,1133665,9900005722307,Staci Wright,415,414,246,established,baseline
2026-07-15,1082978,9900005197747,Steve Avery,532,550,174,preliminary,baseline
2026-07-15,1313548,9900007880180,Steve Benko,435,435,0,preliminary,baseline
2026-07-15,711275,0203957,Steve Hopkins,424,479,65,preliminary,baseline
2026-07-15,811717,0318317,Steve Johnson,347,391,57,preliminary,baseline
2026-07-15,1069206,9900005054286,Steven Wilkerson,413,425,21,preliminary,baseline
2026-07-15,1076621,9900005127393,Steven Claustre,546,500,471,established,baseline
2026-07-15,663464,0284751,Stosh Olsbo,393,525,488,established,baseline
2026-07-15,1256867,9900007188422,Tacoma Ward,440,0,11,preliminary,baseline
2026-07-15,807480,0214545,Tammy Bennett,415,419,4,preliminary,baseline
2026-07-15,1144597,9900005833935,Tanner Freeman,438,0,73,preliminary,baseline
2026-07-15,1024587,9900004470186,TANNER HARRISON,492,0,1784,established,baseline
2026-07-15,1301633,9900007758557,Tanya Love,237,255,216,established,baseline
2026-07-15,1275414,9900007379585,Tayelor Walter,451,450,10,preliminary,baseline
2026-07-15,1176942,9900006167893,Terry Abram,259,260,16,preliminary,baseline
2026-07-15,1238585,9900007006757,Theodore Hummel,467,455,279,established,baseline
2026-07-15,1365053,9900008546931,Thomas Herrera,458,0,0,preliminary,baseline
2026-07-15,1280664,9900007432464,Tim Shelton,506,0,19,preliminary,baseline
2026-07-15,759538,0011327,Tima Fanning,300,300,0,preliminary,baseline
2026-07-15,1260141,9900007222508,Tom McGoldrick,289,290,141,preliminary,baseline
2026-07-15,1318099,9900007927366,Tommy Bonney,466,475,145,preliminary,baseline
2026-07-15,650352,0305547,Tony Carothers,497,505,12,preliminary,baseline
2026-07-15,1237673,9900006997537,Tony Goldsmith,371,400,366,established,baseline
2026-07-15,1202841,9900006629988,Tony Harris,211,0,8,preliminary,baseline
2026-07-15,1374498,9900008640004,Tony Martin,409,0,7,preliminary,baseline
2026-07-15,697318,0327991,Tony Reed,432,450,35,preliminary,baseline
2026-07-15,1247836,9900007094839,tracy morris,-90,0,5,preliminary,baseline
2026-07-15,867812,0302426,Travis Buxton,560,600,835,established,baseline
2026-07-15,1123536,9900005616170,Travis Leach,398,0,15,preliminary,baseline
2026-07-15,1228272,9900006891729,Trevor Lee,421,0,31,preliminary,baseline
2026-07-15,1321333,9900007958261,Trevor Reece,396,0,40,preliminary,baseline
2026-07-15,825396,0295853,Trina Gray,372,387,506,established,baseline
2026-07-15,1239761,9900007018903,Shawn (Truman) McElroy,483,495,210,established,baseline
2026-07-15,1136620,9900005752113,Tung Vo,434,350,721,established,baseline
2026-07-15,1347096,9900008218258,Turner Mann,235,0,31,preliminary,baseline
2026-07-15,1391752,9900008805779,Ty Kaatz,311,0,16,preliminary,baseline
2026-07-15,1105702,9900005434248,Tyler Andrews,516,525,367,established,baseline
2026-07-15,1105343,9900005430691,Tyler Barnette,351,500,218,established,baseline
2026-07-15,983482,9900003994539,Tyler Campbell,585,580,2757,established,baseline
2026-07-15,932542,0377376,Tyler Marshall,210,0,42,preliminary,baseline
2026-07-15,708726,0239640,tyson Lair,422,448,37,preliminary,baseline
2026-07-15,1249893,9900007116074,Vanessa Davila,320,300,270,established,baseline
2026-07-15,1280169,9900007427552,Vasuki Pydipalli,453,465,339,established,baseline
2026-07-15,1127991,9900005662221,Victoria Bail,279,265,197,preliminary,baseline
2026-07-15,1313498,9900007879634,Vincent Barron,400,400,11,preliminary,baseline
2026-07-15,1332882,9900008075011,Wayne Bruni,424,430,180,preliminary,baseline
2026-07-15,1228577,9900006895031,William Hoyt,414,450,63,preliminary,baseline
2026-07-15,989948,9900004092548,Xavier Lucero,568,520,1863,established,baseline
2026-07-15,1053892,9900004813587,Yolanda Polsky,342,0,631,established,baseline
2026-07-15,1218397,9900006788500,Zachary Cuykendall-Barry,256,0,150,preliminary,baseline
2026-07-15,1307951,9900007823187,Zach Wiethorn,302,320,187,preliminary,baseline
2026-07-15,1176643,9900006165127,ZACHARY GRIFFIN,430,470,85,preliminary,baseline
2026-07-15,1360179,9900008498995,Zoey Johnson,300,300,0,preliminary,baseline
2026-07-15,1153839,9900005927900,Anthony Lopez,539,534,721,established,baseline
2026-07-15,1046164,9900004735667,Austin Hanshew,514,490,715,established,baseline
2026-07-15,1249900,9900007115817,Austin Shelton,429,391,615,established,baseline
2026-07-15,1090477,9900005278422,Barbara Hanson,138,300,290,established,baseline
2026-07-15,1015370,9900004361521,Ben Whitehill,474,475,75,preliminary,baseline
2026-07-15,1378974,9900008683544,Brian Barr,477,0,0,preliminary,baseline
2026-07-15,1262126,9900007243312,Brian Hall,374,500,272,established,baseline
2026-07-15,669772,0223075,Bruce Reed,491,500,787,established,baseline
2026-07-15,731182,0231832,Carlos Gonzalez,503,500,976,established,baseline
2026-07-15,799719,0239620,Charles Burger,561,525,1868,established,baseline
2026-07-15,1117360,9900005552980,Charles Harris,463,525,78,preliminary,baseline
2026-07-15,895795,0246572,Chris Foster,518,525,2231,established,baseline
2026-07-15,1368643,9900008582106,Chris Gonzalez,464,0,0,preliminary,baseline
2026-07-15,1269401,9900007316702,Chris Gordon,339,350,97,preliminary,baseline
2026-07-15,989951,9900004092579,Chris Salazar,459,400,53,preliminary,baseline
2026-07-15,1203563,9900006637143,Christopher A Walker,423,500,415,established,baseline
2026-07-15,1272385,9900007347881,Christine Cook,320,325,60,preliminary,baseline
2026-07-15,1114086,9900005519938,Christopher Cho,429,440,769,established,baseline
2026-07-15,1290902,9900007545119,Courtney Anderson,273,275,9,preliminary,baseline
2026-07-15,1009872,9900004301015,Craig Howe,501,525,35,preliminary,baseline
2026-07-15,1301638,9900007758595,Daniel Quinlan,340,340,193,preliminary,baseline
2026-07-15,737004,0224992,David Bradley,436,463,50,preliminary,baseline
2026-07-15,1101049,9900005386943,David Brown,320,300,206,established,baseline
2026-07-15,1268484,9900007310434,David Jose Guzman,463,460,236,established,baseline
2026-07-15,1047511,9900004749183,David Marsh,539,525,526,established,baseline
2026-07-15,1009688,9900004299244,David Ortiz,361,375,1240,established,baseline
2026-07-15,1247358,9900007090749,Della Hernandez,290,300,5,preliminary,baseline
2026-07-15,1228575,9900006895017,Dean Bryan,341,400,88,preliminary,baseline
2026-07-15,1301918,9900007761120,Eric Johnson,363,370,260,established,baseline
2026-07-15,1380419,9900008697527,Eric Taylor,426,450,123,preliminary,baseline
2026-07-15,1242283,9900007043301,Frank Souk,427,425,425,established,baseline
2026-07-15,1138592,9900005773057,Gary Brown,337,375,874,established,baseline
2026-07-15,1363086,9900008527657,George Young,305,250,104,preliminary,baseline
2026-07-15,993392,9900004143363,Heidi Land,233,350,557,established,baseline
2026-07-15,1100338,9900005379549,Jake Jacobson,539,0,60,preliminary,baseline
2026-07-15,1354222,9900008440543,James Boyce,296,310,92,preliminary,baseline
2026-07-15,1332677,9900008072782,James Keech,339,350,37,preliminary,baseline
2026-07-15,1241129,9900007032817,Jamie Rogers,248,365,275,established,baseline
2026-07-15,1154180,9900005933154,Jason Carroll,403,435,414,established,baseline
2026-07-15,1130813,9900005691207,Jason Ford,426,450,305,established,baseline
2026-07-15,1330512,9900008050636,Jason Hudson,507,0,50,preliminary,baseline
2026-07-15,972816,9900006760544,Jason Valdez,485,0,39,preliminary,baseline
2026-07-15,1142809,9900005816068,Jeff Robertson,354,375,699,established,baseline
2026-07-15,1065767,9900005020502,Jim Waldron,354,350,35,preliminary,baseline
2026-07-15,1086273,9900005234909,Joe Laughlin,576,450,1098,established,baseline
2026-07-15,1313550,9900007880203,John Earley,436,435,96,preliminary,baseline
2026-07-15,17798,0063726,Jonathan Amo,603,620,1418,established,baseline
2026-07-15,1358213,9900008479857,Jon Gill,410,410,60,preliminary,baseline
2026-07-15,976399,9900003916289,William Jon Hall,430,450,64,preliminary,baseline
2026-07-15,1060962,9900004897969,Jon Harris,353,350,15,preliminary,baseline
2026-07-15,868753,0253502,Jose Garcia,493,525,78,preliminary,baseline
2026-07-15,1361806,9900008514954,Josh Hamilton,321,350,40,preliminary,baseline
2026-07-15,782131,0238327,Justin Garcia,517,525,147,preliminary,baseline
2026-07-15,803216,0296370,Keith Price,516,525,1252,established,baseline
2026-07-15,1311782,9900007862049,Kenny Davis Jr,392,450,210,established,baseline
2026-07-15,1086584,9900005238266,Kevin Taylor,514,450,1193,established,baseline
2026-07-15,1333869,9900008085546,Kevin Walker,439,425,140,preliminary,baseline
2026-07-15,1296119,9900007598627,Kyle Adams,422,425,15,preliminary,baseline
2026-07-15,1361802,9900008514916,Lucas Wang,422,425,10,preliminary,baseline
2026-07-15,1056880,9900004843683,Mark Fall,351,350,35,preliminary,baseline
2026-07-15,1005213,9900004250528,Matt Olsen,427,440,222,established,baseline
2026-07-15,1028696,9900004525817,Michael Broussard,357,350,370,established,baseline
2026-07-15,1138184,9900005768107,Michael Brown,452,450,868,established,baseline
2026-07-15,1209285,9900006694832,Michael Palmer,321,335,227,established,baseline
2026-07-15,1118537,9900005565294,Michael Phillips,432,0,29,preliminary,baseline
2026-07-15,993196,9900004140775,Michael Romero,389,375,539,established,baseline
2026-07-15,1228568,9900006895642,Kris Michael Sandoval,523,475,209,established,baseline
2026-07-15,1117380,9900005553178,Michael Weaver,520,525,65,preliminary,baseline
2026-07-15,16126,0140834,Miguel Martinez,624,541,3064,established,baseline
2026-07-15,1245221,9900007073483,Mike Jones,419,485,593,established,baseline
2026-07-15,993219,9900004140997,Mike Myers,538,375,1720,established,baseline
2026-07-15,1249856,9900007115510,Nicholas Miller,440,440,2,preliminary,baseline
2026-07-15,1242861,9900007048900,Nicole Howell,235,325,96,preliminary,baseline
2026-07-15,1366133,9900008557562,Pamela Brown,459,0,0,preliminary,baseline
2026-07-15,625612,0269902,Patrick Roy,649,565,1063,established,baseline
2026-07-15,1005216,9900004250559,Pedro Santos,433,0,115,preliminary,baseline
2026-07-15,1202476,9900006626550,Richard Alcala,414,395,538,established,baseline
2026-07-15,1342981,9900008174998,Rick Leyba,348,350,24,preliminary,baseline
2026-07-15,828284,0226399,Rob Ballard,488,516,37,preliminary,baseline
2026-07-15,1364333,9900008539940,Rodney Bryant,512,0,12,preliminary,baseline
2026-07-15,1202491,9900006626666,Ron Bush,352,330,444,established,baseline
2026-07-15,1086272,9900005234893,Ron Troeger,412,397,808,established,baseline
2026-07-15,14972,9900002264206,Ryan Brown,526,547,2051,established,baseline
2026-07-15,849847,0295814,Ryan Moore,525,525,0,preliminary,baseline
2026-07-15,1332668,9900008072720,Sarah Webb,230,250,29,preliminary,baseline
2026-07-15,1120551,9900005586152,Scott Fisher,525,525,142,preliminary,baseline
2026-07-15,668777,0292940,Michelle Beck,454,429,2187,established,baseline
2026-07-15,1380275,9900008696100,Steve Decker,365,425,45,preliminary,baseline
2026-07-15,727654,0255268,Tim Currie,510,525,2954,established,baseline
2026-07-15,647217,0262690,Travis Jones,524,531,5,preliminary,baseline
2026-07-15,1123467,9900005615043,ALEX COOPER,488,0,177,preliminary,baseline
2026-07-15,1191823,9900006517490,Andy bacon,304,320,60,preliminary,baseline
2026-07-15,1376717,9900008661320,Andy Harvey,433,0,12,preliminary,baseline
2026-07-15,1012642,9900004330985,Angie Vaughn,341,250,316,established,baseline
2026-07-15,1023036,9900004453264,Benny Cooper,516,500,994,established,baseline
2026-07-15,1255763,9900007177204,ROBERT APODACA,418,425,35,preliminary,baseline
2026-07-15,1243494,9900007055588,Chuck Cannon,406,460,191,preliminary,baseline
2026-07-15,751240,0068602,Charlie Williamson,555,525,2761,established,baseline
2026-07-15,1093531,9900005310061,Christy Swart,410,409,732,established,baseline
2026-07-15,876176,0316831,Chrissie Garritano,305,425,591,established,baseline
2026-07-15,1288357,9900007517369,Chris Eynon,135,0,7,preliminary,baseline
2026-07-15,1124935,9900005629798,Chris Lewe,493,0,289,established,baseline
2026-07-15,1132884,9900005714333,Chris McCarthy,498,500,3,preliminary,baseline
2026-07-15,629728,9900003796836,Chris Rivers,571,575,56,preliminary,baseline
2026-07-15,1147070,9900005859195,Dan Frey,350,350,0,preliminary,baseline
2026-07-15,1170440,9900006100166,Daniel Hayes Jr,397,0,33,preliminary,baseline
2026-07-15,1138185,9900005768114,Dave Eubanks,414,405,696,established,baseline
2026-07-15,731079,0244678,Dave Frankovic,447,422,232,established,baseline
2026-07-15,1244165,9900007062432,Andrew Fisher,455,425,28,preliminary,baseline
2026-07-15,1386601,9900008758181,Andy Lindsey,340,400,54,preliminary,baseline
2026-07-15,1250424,9900007120729,Andrew Salazar,456,0,19,preliminary,baseline
2026-07-15,958329,0376786,Jake Lawson,525,525,1506,established,baseline
2026-07-15,1272172,9900007345665,Jim Ruppel,391,375,175,preliminary,baseline
2026-07-15,1379673,9900008691075,Jeff Kakac,404,0,13,preliminary,baseline
2026-07-15,1136606,9900005751659,Jeff Shirk,443,436,117,preliminary,baseline
2026-07-15,1265652,9900007278321,Jesse Blair,528,540,43,preliminary,baseline
2026-07-15,1150336,9900005892192,Jess Rappoport,-90,0,8,preliminary,baseline
2026-07-15,1343006,9900008175377,James Neff,426,0,0,preliminary,baseline
2026-07-15,1363343,9900008530183,JAMES DYSART,449,480,56,preliminary,baseline
2026-07-15,1105788,9900005435320,James Kinney,457,475,283,established,baseline
2026-07-15,815184,0239651,james Moranor,388,420,47,preliminary,baseline
2026-07-15,1160138,9900005991079,Jonatan Delgado,328,350,10,preliminary,baseline
2026-07-15,1123838,9900005620597,Joe Conway,425,425,0,preliminary,baseline
2026-07-15,1031038,9900004546638,Josh Daigle,424,450,311,established,baseline
2026-07-15,1118021,9900005559224,Josh Ullstrom,504,0,123,preliminary,baseline
2026-07-15,653712,0297166,Ken Binder,525,525,0,preliminary,baseline
2026-07-15,813997,0158882,Ken Byrd,451,525,2840,established,baseline
2026-07-15,625028,0313372,Lawrence Ybarra,495,525,379,established,baseline
2026-07-15,1104529,9900005421453,Matt Cogburn,373,500,392,established,baseline
2026-07-15,948699,0266392,Matt McKee,367,0,23,preliminary,baseline
2026-07-15,1035740,9900004610070,Matt Milan,-90,0,0,preliminary,baseline
2026-07-15,1238492,9900007006061,Matt Roybal,414,400,474,established,baseline
2026-07-15,1259396,9900007214480,Mike Harman,452,510,380,established,baseline
2026-07-15,722340,0230693,Mike Hinrichs,454,491,18,preliminary,baseline
2026-07-15,629936,0378218,Shelly Murphy,306,355,54,preliminary,baseline
2026-07-15,1238587,9900007007266,Michael Anaya,315,320,206,established,baseline
2026-07-15,1235281,9900006969268,Nathan Cleveland,330,320,45,preliminary,baseline
2026-07-15,1321120,9900007956656,NATHAN TOWNSEND,463,0,53,preliminary,baseline
2026-07-15,750643,0133631,Nick Dittmar,587,575,69,preliminary,baseline
2026-07-15,1296727,9900007705681,Pat McClure,409,420,11,preliminary,baseline
2026-07-15,1161785,9900006008059,Phil Hahn,309,325,260,established,baseline
2026-07-15,1125076,9900005634297,Bobby Yang,530,545,1183,established,baseline
2026-07-15,1363061,9900008527404,Steve Ebele,472,550,242,established,baseline
2026-07-15,1244686,9900007067383,Tom Forster,415,0,194,preliminary,baseline
2026-07-15,1186713,9900006466415,CHRIS FORDE,534,0,69,preliminary,baseline
2026-07-15,1135629,9900005742633,Tori Russick,342,335,777,established,baseline
2026-07-15,1199370,9900006595597,Shirish Patel,508,0,192,preliminary,baseline
2026-07-15,1318143,9900007926246,Carmen Cruz,265,0,24,preliminary,baseline
2026-07-15,1102834,9900005404777,Fred Castellano,406,0,27,preliminary,baseline
2026-07-15,1377329,9900008667889,Garret Petrie,339,300,80,preliminary,baseline
2026-07-15,1223769,9900006846255,Isaiah Bowers,333,400,157,preliminary,baseline
2026-07-15,1316306,9900007907771,Jason Marques,450,450,5,preliminary,baseline
2026-07-15,1282463,9900007454718,Javi Olivas,377,350,372,established,baseline
2026-07-15,1271342,9900007336632,Jeff Halvorson,250,300,220,established,baseline
2026-07-15,1165129,9900006042619,Jeff lashell,434,0,32,preliminary,baseline
2026-07-15,1106898,9900005447194,Jen lockwood,363,0,34,preliminary,baseline
2026-07-15,1369171,9900008587330,Johnny Quintana,363,350,122,preliminary,baseline
2026-07-15,1060038,9900004884433,Michael R Farrell,397,425,1898,established,baseline
2026-07-15,1007620,9900004277570,Richard Borus,427,375,410,established,baseline
2026-07-15,1243969,9900007060551,Taylor Aviles,212,300,474,established,baseline
2026-07-15,1099495,9900005371079,Zach Johnson,-90,0,0,preliminary,baseline
2026-07-15,1015017,9900004357784,Greg Brown,449,400,234,established,baseline
2026-07-15,1058794,9900004866453,Greg Brown,397,350,105,preliminary,baseline
2026-07-15,1120801,9900005588613,Jeff Lang,341,325,35,preliminary,baseline
2026-07-15,1009701,9900004299374,Jeff Lang,640,525,1909,established,baseline
2026-07-15,1249922,9900007115930,Kris M. Sandoval,483,480,5,preliminary,baseline
2026-07-15,1380955,9900008702801,Tim Brown,417,425,35,preliminary,baseline
2026-07-15,1164869,9900006040097,Tim Brown,75,0,0,preliminary,baseline
2026-07-15,1368535,9900008581109,Prem Koru,365,375,44,preliminary,baseline
2026-07-15,1356604,9900008463849,Prem Koru,383,0,98,preliminary,baseline
2026-07-15,1360884,9900008505761,Jennifer Smith,365,365,45,preliminary,baseline
2026-07-15,1237966,9900007003220,Patti Little,166,375,385,established,baseline
2026-07-15,1116151,9900005540529,Andy Tran,376,375,268,established,baseline
2026-07-15,1114160,9900005520774,Aaron Allen,422,425,40,preliminary,baseline
2026-07-15,969124,0355884,Aaron Gupton,567,525,1366,established,baseline
2026-07-15,1365894,9900008555193,Aaron Gutierrez,384,375,81,preliminary,baseline
2026-07-15,983650,0398488,Abbey Molina,459,463,134,preliminary,baseline
2026-07-15,1163272,9900006023298,Abdul alburaidi,544,530,317,established,baseline
2026-07-15,1364706,9900008543510,Adam Johnson II,272,250,79,preliminary,baseline
2026-07-15,1065647,9900005019131,Adam Lombardi,527,530,850,established,baseline
2026-07-15,1363085,9900008527640,Adan Nevarez,275,250,37,preliminary,baseline
2026-07-15,1304469,9900007787519,AJ Chase,486,525,192,preliminary,baseline
2026-07-15,1364697,9900008543428,Alan Scheidt,262,250,73,preliminary,baseline
2026-07-15,847683,0295312,Alex Barraza,446,475,69,preliminary,baseline
2026-07-15,880208,0276722,Alex Cabrera,426,525,1177,established,baseline
2026-07-15,1055419,9900004828413,Alex Rios,308,0,71,preliminary,baseline
2026-07-15,1257644,9900007196199,Alex Ruskaup,491,500,51,preliminary,baseline
2026-07-15,1239084,9900007011676,Alexa Pinzon,277,0,26,preliminary,baseline
2026-07-15,1249747,9900007114599,Allison Cole,368,325,286,established,baseline
2026-07-15,1365444,9900008550440,Alvaro Ortiz,285,0,9,preliminary,baseline
2026-07-15,1372293,9900008618348,Alyx Stockton,235,250,28,preliminary,baseline
2026-07-15,1100505,9900005380415,Amanda Gibson,418,0,69,preliminary,baseline
2026-07-15,1065697,9900005019346,ANDRIA GARCIA,466,400,756,established,baseline
2026-07-15,1104686,9900005423648,ANDY ARCHULETA,447,0,17,preliminary,baseline
2026-07-15,1268476,9900007310359,Andy Duncan,316,400,70,preliminary,baseline
2026-07-15,1154194,9900005933260,Angel Guevara,414,400,490,established,baseline
2026-07-15,1327133,9900008017318,Angie Russell,250,0,6,preliminary,baseline
2026-07-15,1153857,9900005928044,Annette Rios,401,405,191,preliminary,baseline
2026-07-15,1334600,9900008091493,Anthony Maleville,463,450,34,preliminary,baseline
2026-07-15,1138543,9900005771718,Anthony Miller,529,470,1310,established,baseline
2026-07-15,1105690,9900005434071,ANTHONY OLIVA,425,0,51,preliminary,baseline
2026-07-15,1377327,9900008667865,Anuj Chhetri,316,250,137,preliminary,baseline
2026-07-15,1118765,9900005568523,Arik Diehl,529,0,538,established,baseline
2026-07-15,1243036,9900007050965,Arlene Regensburger,369,425,75,preliminary,baseline
2026-07-15,1135546,9900005741568,Aron Weaver,517,0,20,preliminary,baseline
2026-07-15,1280660,9900007432501,Audrie Scheele,95,0,10,preliminary,baseline
2026-07-15,1193980,9900006538365,Austen Vasquez,394,325,105,preliminary,baseline
2026-07-15,1269425,9900007316870,Austin Woods,314,325,16,preliminary,baseline
2026-07-15,1364569,9900008542247,Belem Ceballos,265,250,103,preliminary,baseline
2026-07-15,1364560,9900008542155,Ben Conner,373,309,120,preliminary,baseline
2026-07-15,1190539,9900006504056,Benjamin Riddle,315,305,154,preliminary,baseline
2026-07-15,1191013,9900006508771,Blake Fardulis,412,400,78,preliminary,baseline
2026-07-15,715148,0308255,Bob Ernst,436,422,701,established,baseline
2026-07-15,1100972,9900005385960,Bob Medina,455,0,51,preliminary,baseline
2026-07-15,1271564,9900007339268,Brandon Francis,254,0,8,preliminary,baseline
2026-07-15,1215720,9900006758497,Brandon Weed,550,550,0,preliminary,baseline
2026-07-15,1090588,9900005279368,Braxton Haremza,460,0,156,preliminary,baseline
2026-07-15,1367586,9900008572534,Brennen Henry,419,0,120,preliminary,baseline
2026-07-15,626113,0100188,Brent Rich,526,552,1095,established,baseline
2026-07-15,1186381,9900006461014,Brent Steigelman,423,0,31,preliminary,baseline
2026-07-15,1117866,9900005558180,Brett Anzlovar,328,350,126,preliminary,baseline
2026-07-15,1118517,9900005564853,Brett Clauson,532,0,23,preliminary,baseline
2026-07-15,1239199,9900007013977,Brett Stralo,195,350,161,preliminary,baseline
2026-07-15,1034462,9900004598712,Brian Armstrong,399,400,9,preliminary,baseline
2026-07-15,1102822,9900005404654,Brian Dewire,213,0,52,preliminary,baseline
2026-07-15,769082,0308308,Brian Krapes,602,586,1052,established,baseline
2026-07-15,1119900,9900005579314,Brian McGraw,401,0,90,preliminary,baseline
2026-07-15,1363057,9900008527367,Brian Pement,495,550,540,established,baseline
2026-07-15,1316832,9900007913093,Brittany Clark,313,350,411,established,baseline
2026-07-15,660694,0004667,Bruce Ryan,462,517,1102,established,baseline
2026-07-15,702816,0234696,Bryan LaVelle,453,525,1220,established,baseline
2026-07-15,1363082,9900008527619,Bryson Ford,417,425,22,preliminary,baseline
2026-07-15,1231603,9900006924632,Caleb Baca,288,0,29,preliminary,baseline
2026-07-15,1391736,9900008805762,Carl Gehm,179,0,11,preliminary,baseline
2026-07-15,1227752,9900006886879,Carlos Cordova,238,320,100,preliminary,baseline
2026-07-15,1278375,9900007408964,Carlos Gonzales,401,0,40,preliminary,baseline
2026-07-15,1220377,9900006808383,Carlos Koons,366,0,9,preliminary,baseline
2026-07-15,735091,0320628,Casey Betancur,492,397,1939,established,baseline
2026-07-15,1030291,9900004539241,Chad Sholders,643,625,899,established,baseline
2026-07-15,1210827,9900006709710,Chris Allen,444,0,17,preliminary,baseline
2026-07-15,1104317,9900005420074,Chris Bourg,390,368,978,established,baseline
2026-07-15,1364696,9900008543411,Chris Connroy,286,250,83,preliminary,baseline
2026-07-15,1005211,9900004250504,Chris Devenney,397,0,240,established,baseline
2026-07-15,1363056,9900008527350,Chris Elawar,323,300,32,preliminary,baseline
2026-07-15,1300777,9900007747476,Chris Krueger,386,400,254,established,baseline
2026-07-15,1291729,9900007552964,CHRIS LINNEN,494,0,109,preliminary,baseline
2026-07-15,1082204,9900005188233,Chris Masias,579,450,1114,established,baseline
2026-07-15,1034666,9900004599023,Chris Mcneal,432,0,12,preliminary,baseline
2026-07-15,1307847,9900007821879,Chris Quintana,526,550,80,preliminary,baseline
2026-07-15,1364962,9900008546030,Chris Santistevan,444,485,206,established,baseline
2026-07-15,626560,0307388,Chuck Leeper Jr,625,603,834,established,baseline
2026-07-15,1223405,9900006842462,Codi Moses,477,0,9,preliminary,baseline
2026-07-15,1132512,9900005711004,Cody Hervert,514,0,262,established,baseline
2026-07-15,1335488,9900008101512,Colin Holgate,440,450,41,preliminary,baseline
2026-07-15,1315305,9900007900253,Conor Dascomb,455,450,186,preliminary,baseline
2026-07-15,1364694,9900008543398,Cory Roberts,447,420,98,preliminary,baseline
2026-07-15,1364707,9900008543527,Craig Cook,449,440,17,preliminary,baseline
2026-07-15,776879,0299575,Craig Ware,380,525,418,established,baseline
2026-07-15,1103869,9900005415278,Crystal Rose Frias,413,0,326,established,baseline
2026-07-15,1382107,9900008714064,Curtis Ross,390,400,4,preliminary,baseline
2026-07-15,1345977,9900008204770,Dan Breggin,454,0,200,established,baseline
2026-07-15,1076035,9900005121490,Dan Chiquito,568,397,771,established,baseline
2026-07-15,1374461,9900008639589,Dan Pizzillo,523,0,24,preliminary,baseline
2026-07-15,995108,9900004165686,Daniel Bennett,421,425,192,preliminary,baseline
2026-07-15,1395319,9900008841333,Daniel Rocksted,293,290,15,preliminary,baseline
2026-07-15,788284,0007747,Danny Kulp,517,525,23,preliminary,baseline
2026-07-15,1085612,9900005221862,Danyelle Figueroa,497,425,671,established,baseline
2026-07-15,1364690,9900008543350,Dave Mattingly,576,610,86,preliminary,baseline
2026-07-15,797207,0322182,Dave Pelletier,451,468,63,preliminary,baseline
2026-07-15,1231351,9900006928210,David Bender,426,410,634,established,baseline
2026-07-15,879320,0219015,David Brunner,363,525,223,established,baseline
2026-07-15,1054692,9900004821445,David Fremgen,398,0,340,established,baseline
2026-07-15,1363080,9900008527596,David Johnson,448,335,143,preliminary,baseline
2026-07-15,1043412,9900004698177,David lawry,397,0,58,preliminary,baseline
2026-07-15,1374462,9900008640332,David Mans,-90,0,10,preliminary,baseline
2026-07-15,1174534,9900006143811,David Trachy,445,0,323,established,baseline
2026-07-15,1320744,9900007952870,Dawn Wells,231,0,8,preliminary,baseline
2026-07-15,1117379,9900005553161,Debbie Smith,291,425,385,established,baseline
2026-07-15,1363245,9900008529217,Dennis Houman,438,420,285,established,baseline
2026-07-15,1379781,9900008691327,Derek Kovach,404,400,12,preliminary,baseline
2026-07-15,1010093,9900004303125,Devin Schweer,635,455,2222,established,baseline
2026-07-15,1310104,9900007845004,Dick Lincoln,312,300,50,preliminary,baseline
2026-07-15,1286276,9900007493465,dj vela,505,0,41,preliminary,baseline
2026-07-15,993305,9900004142427,Dominic Gomez,425,425,0,preliminary,baseline
2026-07-15,1154043,9900005929904,Don Buntrock,527,525,120,preliminary,baseline
2026-07-15,726238,0299003,Don Lane,453,465,216,established,baseline
2026-07-15,672331,0301264,Don Oyama,552,565,727,established,baseline
2026-07-15,1084139,9900005207088,Drew Weidenfeller,439,425,25,preliminary,baseline
2026-07-15,1092592,9900005299816,Dustin Chapin,549,500,302,established,baseline
2026-07-15,1263285,9900007254806,Dustin Mastay,431,450,337,established,baseline
2026-07-15,1363055,9900008527343,Dustin Thurman,314,325,12,preliminary,baseline
2026-07-15,1013993,9900004346030,Dylan Eno,496,0,80,preliminary,baseline
2026-07-15,1237671,9900006997513,Edward Kiefer,425,400,537,established,baseline
2026-07-15,1243037,9900007050972,Ed Regensburger,365,375,173,preliminary,baseline
2026-07-15,1365004,9900008546443,Eddie Wong,457,480,122,preliminary,baseline
2026-07-15,819229,9900001950940,Eric Esquivel,228,525,368,established,baseline
2026-07-15,974649,9900005557930,Eric Mayeda,483,525,287,established,baseline
2026-07-15,1364695,9900008543404,Eric Montez,254,250,21,preliminary,baseline
2026-07-15,1114161,9900005521214,Evan Galperin,433,400,114,preliminary,baseline
2026-07-15,987609,9900004056076,Evan Stoumbaugh,502,465,282,established,baseline
2026-07-15,1323537,9900007981016,Evan Weissman,545,525,60,preliminary,baseline
2026-07-15,1337886,9900008124252,Fiross Jarrar,174,0,25,preliminary,baseline
2026-07-15,1098100,9900005356618,Francisco Monge,584,514,150,preliminary,baseline
2026-07-15,1364691,9900008543367,Fred Nicolai,409,410,72,preliminary,baseline
2026-07-15,1275206,9900007377031,Gabriel Mora,466,465,305,established,baseline
2026-07-15,1364693,9900008543381,Gary Killcoyne,523,500,114,preliminary,baseline
2026-07-15,1365834,9900008554622,Gene Hintz,455,475,29,preliminary,baseline
2026-07-15,1073626,9900005096453,Geoff Schoenfeld,473,490,910,established,baseline
2026-07-15,1087522,9900005247602,George Hoffman,530,0,315,established,baseline
2026-07-15,1237948,9900007000168,gilberto salinas,421,0,187,preliminary,baseline
2026-07-15,1100979,9900005386226,Gina Cerda Lopez,292,0,24,preliminary,baseline
2026-07-15,1273865,9900007362815,Ginger Flaherty,269,275,10,preliminary,baseline
2026-07-15,935952,0292941,Grant Wittenwyler,474,525,2873,established,baseline
2026-07-15,1232260,9900006931333,Greg Sibayan,512,525,94,preliminary,baseline
2026-07-15,1026797,9900004498272,Greg Webster,617,600,800,established,baseline
2026-07-15,1075841,9900005119589,Gustaf Friberg,583,0,724,established,baseline
2026-07-15,1003738,9900004234504,Heather Howell,343,0,234,established,baseline
2026-07-15,1291734,9900007553497,Heath Hughes,433,0,31,preliminary,baseline
2026-07-15,1049682,9900004769693,Hector Cisneros,515,450,1403,established,baseline
2026-07-15,989959,9900004092647,Ismael Martinez,526,525,184,preliminary,baseline
2026-07-15,1165707,9900006048420,Jace Weaver,311,250,343,established,baseline
2026-07-15,1231541,9900006923727,Jack Taft,478,431,269,established,baseline
2026-07-15,649676,0285227,Jackhammer Wilt,488,496,16,preliminary,baseline
2026-07-15,1175814,9900006156972,Jackie Blackwell,429,0,41,preliminary,baseline
2026-07-15,1123637,9900005617924,Jacob Fields,441,0,20,preliminary,baseline
2026-07-15,1122399,9900008321880,Jacob Zimmerman,487,400,288,established,baseline
2026-07-15,1226048,9900006868592,Jaime Crouch,618,0,121,preliminary,baseline
2026-07-15,1085601,9900005221848,Jake Nova,321,325,24,preliminary,baseline
2026-07-15,1208382,9900006685533,Jamal Bannoura,538,570,324,established,baseline
2026-07-15,1096252,9900005337884,James Hilzer,695,667,292,established,baseline
2026-07-15,744196,0149741,James Lyman,509,625,2670,established,baseline
2026-07-15,1053461,9900004809047,James Stephan,561,0,51,preliminary,baseline
2026-07-15,1212799,9900006729572,Jamie Krapes,246,300,59,preliminary,baseline
2026-07-15,1237952,9900007000281,jaquen stoops,321,0,59,preliminary,baseline
2026-07-15,1395191,9900008839811,Jared Jenkins,525,0,12,preliminary,baseline
2026-07-15,989031,9900004078917,JARED SCOTT,484,0,85,preliminary,baseline
2026-07-15,1176238,9900006161495,Jasper (JD) Holt,448,500,2361,established,baseline
2026-07-15,1130383,9900005686227,JAY LORDS,409,0,24,preliminary,baseline
2026-07-15,994704,9900001142086,Jeanette Schmiedbauer,369,425,375,established,baseline
2026-07-15,1258627,9900007206256,Jeanie Gannon,286,0,0,preliminary,baseline
2026-07-15,1179334,9900006292199,Jed Salvador,357,0,26,preliminary,baseline
2026-07-15,626919,0253101,Jeff Goeller,582,577,2091,established,baseline
2026-07-15,1317808,9900007922897,JEFF NESS,431,450,32,preliminary,baseline
2026-07-15,1251136,9900007128589,Jeff Stark,274,270,82,preliminary,baseline
2026-07-15,1252053,9900007137901,Jeff Williams,504,520,25,preliminary,baseline
2026-07-15,1265864,9900007280034,Jennifer Nyquist,420,0,123,preliminary,baseline
2026-07-15,1370192,9900008597438,Jenny Goring,174,0,7,preliminary,baseline
2026-07-15,1304468,9900007787502,Jenny Souvanthong,336,325,255,established,baseline
2026-07-15,1094964,9900005325065,jeremy leedom,441,440,574,established,baseline
2026-07-15,1205041,9900006651903,Jerrica Marion,257,300,70,preliminary,baseline
2026-07-15,1189213,9900006491028,Jesus Dominguez,400,400,285,established,baseline
2026-07-15,1295503,9900007592076,Jesus Flores,-90,0,2,preliminary,baseline
2026-07-15,1374475,9900008640059,Jesus Luva,415,0,23,preliminary,baseline
2026-07-15,1191281,9900006511498,Jill Rodriguez,415,425,376,established,baseline
2026-07-15,739461,0301297,Jim Moore,425,425,0,preliminary,baseline
2026-07-15,1270624,9900007329603,Jim Poitra,450,445,309,established,baseline
2026-07-15,1334003,9900008085577,Jj Defranco,435,486,125,preliminary,baseline
2026-07-15,990298,9900004097864,Jody Johnson,623,585,350,established,baseline
2026-07-15,687097,0305632,Joe Boyd,475,506,685,established,baseline
2026-07-15,1240333,9900007024737,Joe Gray,376,375,184,preliminary,baseline
2026-07-15,1363063,9900008527428,Joe Kalish,483,535,214,established,baseline
2026-07-15,748372,0295715,Joe Richard,433,476,26,preliminary,baseline
2026-07-15,1105696,9900005433517,JOE ROYBAL,440,0,108,preliminary,baseline
2026-07-15,694797,0218705,Joel Davis,534,531,4,preliminary,baseline
2026-07-15,995111,9900004165716,John Adams,540,550,1632,established,baseline
2026-07-15,1179336,9900006292342,John Collins,459,455,445,established,baseline
2026-07-15,1100980,9900005385908,John Cooney,502,0,273,established,baseline
2026-07-15,1372300,9900008618416,John Hartsoe,379,350,63,preliminary,baseline
2026-07-15,1190533,9900006504018,John Krue,506,473,1012,established,baseline
2026-07-15,1022929,9900004451864,John Main,-90,0,0,preliminary,baseline
2026-07-15,1159777,9900005987577,John Mulloy,469,475,302,established,baseline
2026-07-15,1236053,9900006981239,John Speer,283,0,23,preliminary,baseline
2026-07-15,1135687,9900005745672,John Trujillo,366,375,144,preliminary,baseline
2026-07-15,1179337,9900006292410,Johnny Valencia,521,527,34,preliminary,baseline
2026-07-15,1090601,9900005279498,Jon Felzien,489,0,103,preliminary,baseline
2026-07-15,893939,0185695,Jon Hartgrove,525,525,19,preliminary,baseline
2026-07-15,1339542,9900008150664,Jonathan Hittle,312,320,4,preliminary,baseline
2026-07-15,1137375,9900005760170,Jon Hyman,-90,0,4,preliminary,baseline
2026-07-15,1139628,9900005784473,Jon Moy,514,500,528,established,baseline
2026-07-15,1234206,9900006950990,Jordan Barker,555,540,180,preliminary,baseline
2026-07-15,1317809,9900007922903,JOSE CANALES,542,549,32,preliminary,baseline
2026-07-15,1268125,9900007304402,Josh Olivas,385,400,100,preliminary,baseline
2026-07-15,1374479,9900008639602,Josh Scott,363,0,9,preliminary,baseline
2026-07-15,1356589,9900008463924,Joshua Orwig,249,0,9,preliminary,baseline
2026-07-15,1364700,9900008543459,JP Marciel,233,250,81,preliminary,baseline
2026-07-15,1317807,9900007922880,JR MENDEZ,499,519,32,preliminary,baseline
2026-07-15,1358654,9900008484301,Juan Jesús García LInares,526,0,36,preliminary,baseline
2026-07-15,1329782,9900008047445,Justin Blanchard,369,360,297,established,baseline
2026-07-15,1090603,9900005279511,Justin Chapas,497,0,39,preliminary,baseline
2026-07-15,1013413,9900004338905,Justin England,543,0,351,established,baseline
2026-07-15,1098102,9900005356632,Justin Schaller,481,492,458,established,baseline
2026-07-15,1095822,9900005333572,Kara Hernandez,341,0,58,preliminary,baseline
2026-07-15,1235188,9900006968438,Kari Fortunato,314,350,327,established,baseline
2026-07-15,1150226,9900005891195,KATELYNN GARCIA,439,0,248,established,baseline
2026-07-15,13281,0046189,Kathy Crump,479,477,1136,established,baseline
2026-07-15,1218256,9900006786438,Keith Gravis,391,400,56,preliminary,baseline
2026-07-15,1114845,9900005527520,Keith Martinez,357,300,367,established,baseline
2026-07-15,1264375,9900007265192,Ken Martin,443,475,291,established,baseline
2026-07-15,787953,0205750,Kenny Thompson,409,400,1853,established,baseline
2026-07-15,1104277,9900005419092,Kennedy Wolf,240,0,17,preliminary,baseline
2026-07-15,1065684,9900005019483,KEVIN GRISBY,405,400,207,established,baseline
2026-07-15,1370201,9900008597377,Kevin Hendren,290,300,5,preliminary,baseline
2026-07-15,1040176,9900004660631,Kevin Pikus,439,350,243,established,baseline
2026-07-15,1324694,9900007992029,Kevin Reid,553,0,169,preliminary,baseline
2026-07-15,857027,0063708,Kevin Vigil,459,526,97,preliminary,baseline
2026-07-15,1293108,9900007567340,Kohl Wingfield,356,0,27,preliminary,baseline
2026-07-15,1193981,9900006538372,Kristen Lindbloom,325,350,104,preliminary,baseline
2026-07-15,1364561,9900008542162,Kristi Persinger,332,325,62,preliminary,baseline
2026-07-15,1364562,9900008542179,Larn Reynolds,289,275,51,preliminary,baseline
2026-07-15,1129520,9900005677805,Larry Farrell,415,0,44,preliminary,baseline
2026-07-15,1013837,9900004343961,Laura Anderson,343,360,108,preliminary,baseline
2026-07-15,1241688,9900007037195,Leanetta Malone,267,275,307,established,baseline
2026-07-15,1190862,9900006507347,Leann Hubbard,472,0,310,established,baseline
2026-07-15,1268145,9900007303504,Lee White,376,375,317,established,baseline
2026-07-15,1118847,9900005568035,LEN LAMASTER,446,0,16,preliminary,baseline
2026-07-15,1363062,9900008527411,Leo Bannoura,389,335,125,preliminary,baseline
2026-07-15,998206,9900001285936,Les Bagley,547,565,1026,established,baseline
2026-07-15,1244627,9900007066355,Lesley Wilson,259,0,8,preliminary,baseline
2026-07-15,1105185,9900005428865,LEVI LESTER,376,0,80,preliminary,baseline
2026-07-15,1364699,9900008543442,Lexi Scheidt,283,250,57,preliminary,baseline
2026-07-15,1065638,9900005019001,LINO CHAVEZ,605,550,190,preliminary,baseline
2026-07-15,1065659,9900005019308,Lloyd Scheele,397,500,203,established,baseline
2026-07-15,1326925,9900008016281,Lucho Paba,346,375,80,preliminary,baseline
2026-07-15,1372299,9900008618409,Luis Castaneda,437,300,127,preliminary,baseline
2026-07-15,1275300,9900007378205,Luis Enriquez,465,445,370,established,baseline
2026-07-15,1231959,9900006928524,Luke Taylor,299,450,267,established,baseline
2026-07-15,1237957,9900007000458,mario salinas,454,0,10,preliminary,baseline
2026-07-15,1345445,9900008198710,Mario Vasquez,494,0,275,established,baseline
2026-07-15,1026276,9900004496438,Mark Gerber,481,485,37,preliminary,baseline
2026-07-15,1006978,9900004271585,Mark Rapson,426,450,1308,established,baseline
2026-07-15,1303090,9900007773017,Mason Flora,417,0,24,preliminary,baseline
2026-07-15,1107454,9900005452662,MATT DONNELLY,-90,0,5,preliminary,baseline
2026-07-15,872220,0251226,Matt Hurlburt,521,520,241,established,baseline
2026-07-15,1365001,9900008546412,Matt Sylvester,512,550,142,preliminary,baseline
2026-07-15,1186010,9900006457994,Max Lantz,397,300,117,preliminary,baseline
2026-07-15,1380218,9900008695592,Michael Bracy,281,250,33,preliminary,baseline
2026-07-15,972855,9900008108504,Michael Karr,547,548,270,established,baseline
2026-07-15,1195428,9900006555461,Mickale Brock,304,300,30,preliminary,baseline
2026-07-15,721810,0246766,Mike Brown,525,525,0,preliminary,baseline
2026-07-15,1030020,9900004535731,Mike Farrey,541,0,26,preliminary,baseline
2026-07-15,777049,9900003329966,Mike Jacobs,529,514,2366,established,baseline
2026-07-15,1317556,9900007920190,Mike Miller,354,0,17,preliminary,baseline
2026-07-15,1108563,9900005463378,Mike Story,422,0,44,preliminary,baseline
2026-07-15,1248864,9900007106433,Mike Wikoff,282,350,120,preliminary,baseline
2026-07-15,1234222,9900006951102,Mikia Carter,375,375,0,preliminary,baseline
2026-07-15,1006983,9900004272384,Milagros Fabela,352,380,352,established,baseline
2026-07-15,932826,9900003365988,Mitch Wilson JR,431,378,798,established,baseline
2026-07-15,1372295,9900008618362,Morgan Townsend,470,450,41,preliminary,baseline
2026-07-15,820725,0230708,Nate Robinson,525,525,0,preliminary,baseline
2026-07-15,1275232,9900007377604,Neil Maxwell,502,525,76,preliminary,baseline
2026-07-15,1184015,9900006438092,Nicholas Thomas,356,425,153,preliminary,baseline
2026-07-15,1381758,9900008710615,Nick Currie,452,450,45,preliminary,baseline
2026-07-15,1161691,9900006006574,Nick Fiore,532,0,18,preliminary,baseline
2026-07-15,1379286,9900008686200,Nick Mullen,231,0,10,preliminary,baseline
2026-07-15,1237958,9900007000076,Nick Winters,292,300,52,preliminary,baseline
2026-07-15,1169228,9900006087863,Oscar Rivera,437,425,359,established,baseline
2026-07-15,1022040,9900004443401,Paden Clements,407,375,546,established,baseline
2026-07-15,1041229,9900004677936,Patrick Tafoya,408,350,358,established,baseline
2026-07-15,15681,0128536,Paul Drinnon,584,525,1835,established,baseline
2026-07-15,1374491,9900008640257,Pedro Guzman,308,0,17,preliminary,baseline
2026-07-15,1386547,9900008757238,Pedro Romero,572,0,133,preliminary,baseline
2026-07-15,1231070,9900006898957,Penny Scheierman,313,350,256,established,baseline
2026-07-15,1007836,9900004280112,Pete Passantino,399,425,248,established,baseline
2026-07-15,1218265,9900006791623,Peter Huettner,414,380,442,established,baseline
2026-07-15,1156154,9900005950830,Rachael Nadeau,409,475,280,established,baseline
2026-07-15,1268136,9900007304495,Reid Ottem,411,455,134,preliminary,baseline
2026-07-15,1154348,9900005931952,Rick Isbell,573,0,38,preliminary,baseline
2026-07-15,1050197,9900004775793,Rick Montoya,504,480,935,established,baseline
2026-07-15,1132743,9900005712834,Rick Ortega,437,0,86,preliminary,baseline
2026-07-15,1346259,9900008207528,Rick Weingarten,410,450,55,preliminary,baseline
2026-07-15,1148606,9900005874808,Rigo Mendoza,301,300,4,preliminary,baseline
2026-07-15,1118876,9900005568851,Riley Yermasek,257,300,363,established,baseline
2026-07-15,1340968,9900008154952,Robert Baker,565,570,167,preliminary,baseline
2026-07-15,1209193,9900006693804,Robert Barrett,482,470,219,established,baseline
2026-07-15,1004206,9900004239318,Robert Duran,357,525,1213,established,baseline
2026-07-15,886261,0324735,Robert Hamilton,494,518,55,preliminary,baseline
2026-07-15,1191695,9900006515090,Robert Hawk,503,0,179,preliminary,baseline
2026-07-15,1122658,9900005607369,Robert Olson,629,658,609,established,baseline
2026-07-15,1117492,9900005553758,Robert StubbleField,582,0,687,established,baseline
2026-07-15,935996,0246040,Rod Ashby,502,0,93,preliminary,baseline
2026-07-15,1364703,9900008543480,Roderick Springs,420,400,32,preliminary,baseline
2026-07-15,1012601,9900004331067,Roderick Whitehorse,489,425,209,established,baseline
2026-07-15,1342719,9900008172611,Roman Archuleta,449,450,33,preliminary,baseline
2026-07-15,1154370,9900005931921,Ron Barnaby,318,0,9,preliminary,baseline
2026-07-15,1308141,9900007825044,Ron Cunningham,408,300,263,established,baseline
2026-07-15,1335225,9900008098874,Ron Henderson,386,400,81,preliminary,baseline
2026-07-15,1096899,9900005344431,Ron Sullivan,523,550,67,preliminary,baseline
2026-07-15,993390,9900004143349,Rose Ramos,449,440,941,established,baseline
2026-07-15,796867,0237774,Ross Howell,525,525,0,preliminary,baseline
2026-07-15,1218518,9900006789248,Ruben Ramos,394,375,121,preliminary,baseline
2026-07-15,1364970,9900008546115,Ruben Sanchez,477,425,163,preliminary,baseline
2026-07-15,1306840,9900007816752,Ruben Trujillo,426,400,60,preliminary,baseline
2026-07-15,1196592,9900006567365,Rudy Soto,372,0,22,preliminary,baseline
2026-07-15,1374496,9900008640226,Ruff De Dios,423,0,26,preliminary,baseline
2026-07-15,1160253,9900005993127,Russ Bohl,402,450,266,established,baseline
2026-07-15,676079,0218263,Ryan Diebel,469,400,756,established,baseline
2026-07-15,1065692,9900005019278,Ryan Lockhart,483,400,2496,established,baseline
2026-07-15,1044476,9900004711500,Ryan Nalty,539,300,388,established,baseline
2026-07-15,1337903,9900008123446,Sam Chedid,451,0,220,established,baseline
2026-07-15,1390471,9900008795711,Sam Hidalgo,340,310,75,preliminary,baseline
2026-07-15,1064935,9900004918008,Sam Rodriguez,599,575,100,preliminary,baseline
2026-07-15,972875,9900004547048,Sam Trojanovich,527,525,170,preliminary,baseline
2026-07-15,1096900,9900005344448,Scotty Embree,391,0,17,preliminary,baseline
2026-07-15,849893,0068629,Scott Prater,580,565,55,preliminary,baseline
2026-07-15,976275,9900003916265,Scott Williamson,450,450,719,established,baseline
2026-07-15,1105191,9900005429039,Sean Dorrance,365,370,269,established,baseline
2026-07-15,1118891,9900005569032,Sean Hoffman,555,550,58,preliminary,baseline
2026-07-15,1067678,9900005038873,Sean McCoy,363,450,1123,established,baseline
2026-07-15,1365011,9900008546511,Shanna Shushereba,223,250,20,preliminary,baseline
2026-07-15,1306925,9900007819012,Shannon Mooney,288,300,65,preliminary,baseline
2026-07-15,1227181,9900006880631,Shannon Venrick,299,300,97,preliminary,baseline
2026-07-15,1242220,9900007042496,Shayn Evilsizer,31,0,14,preliminary,baseline
2026-07-15,1282975,9900007460436,Sheldon Leonard,267,275,33,preliminary,baseline
2026-07-15,1377117,9900008665830,Shirley Hatcher,256,0,10,preliminary,baseline
2026-07-15,1319471,9900007940587,Sierra Schell,-90,0,7,preliminary,baseline
2026-07-15,1364692,9900008543374,Simon Watkins,607,610,122,preliminary,baseline
2026-07-15,1379533,9900008688952,Spencer Johnson,463,0,62,preliminary,baseline
2026-07-15,1334617,9900008091608,Stephen Dubois,447,450,54,preliminary,baseline
2026-07-15,1007994,9900004281430,Steven Allen,373,300,162,preliminary,baseline
2026-07-15,1100989,9900005386165,Steve Esquivel,372,0,32,preliminary,baseline
2026-07-15,1235154,9900006967929,Steve Lindsay,413,400,357,established,baseline
2026-07-15,1381188,9900008705116,Steven Valdez,480,0,0,preliminary,baseline
2026-07-15,1152944,9900005920987,Steven Watson,521,525,15,preliminary,baseline
2026-07-15,1356268,9900008460701,Steven Blan,366,0,12,preliminary,baseline
2026-07-15,698902,0262647,Sue Boucher,385,404,669,established,baseline
2026-07-15,1111608,9900005494372,Tara Cura,243,250,40,preliminary,baseline
2026-07-15,1090612,9900005279597,Taylor Sallee,547,0,417,established,baseline
2026-07-15,1252459,9900007140024,Thien Tran,447,443,20,preliminary,baseline
2026-07-15,972887,9900005070361,Tim Channel,569,572,1908,established,baseline
2026-07-15,1070174,9900005063318,Timothy Clayton,495,0,53,preliminary,baseline
2026-07-15,1007041,9900004270823,Timothy Francis,449,525,731,established,baseline
2026-07-15,1268132,9900007304167,Tim Greene,459,450,45,preliminary,baseline
2026-07-15,1118062,9900005560343,Tim Ramirez,350,350,25,preliminary,baseline
2026-07-15,1000868,9900003888944,Tim Thompson,588,585,508,established,baseline
2026-07-15,1154045,9900005930351,Todd Tipotsch,445,435,183,preliminary,baseline
2026-07-15,669310,0114222,Tom Maddux,381,525,315,established,baseline
2026-07-15,1118908,9900005568752,TOM RIVERA,526,0,41,preliminary,baseline
2026-07-15,1100000,9900005375909,Tommy Martin,521,0,930,established,baseline
2026-07-15,1367468,9900008570639,Toni Cruz,366,400,105,preliminary,baseline
2026-07-15,1218520,9900006788975,Tony Sanchez,386,500,209,established,baseline
2026-07-15,1173561,9900006131436,Tony Thomas,521,0,48,preliminary,baseline
2026-07-15,1379784,9900008691358,Tonya Kumer,212,250,103,preliminary,baseline
2026-07-15,1278993,9900007415979,Tonya Ottem,298,300,20,preliminary,baseline
2026-07-15,989440,9900004085670,Tracy Rogers,327,345,818,established,baseline
2026-07-15,1065641,9900005019612,Trent Scheele,557,550,1713,established,baseline
2026-07-15,1147575,9900005865738,Trey McClanahan,479,485,267,established,baseline
2026-07-15,1268163,9900007303641,Troy Bell,472,470,8,preliminary,baseline
2026-07-15,1010280,9900004304924,Troy Gray,414,400,899,established,baseline
2026-07-15,693257,0158101,Tyler Huffman,525,525,0,preliminary,baseline
2026-07-15,1374502,9900008639794,Tyler Oldefest,396,0,17,preliminary,baseline
2026-07-15,1391753,9900008805632,Val Gehm,-90,0,11,preliminary,baseline
2026-07-15,673168,0326644,Vanessa Minnard,387,397,1107,established,baseline
2026-07-15,1348824,9900008384939,Victor Vargas,426,0,10,preliminary,baseline
2026-07-15,1377563,9900008670216,Wendy Gonzalez,325,325,0,preliminary,baseline
2026-07-15,1237653,9900006997629,Wesley Thompson,533,530,135,preliminary,baseline
2026-07-15,1173300,9900006134857,William Fleming,420,399,453,established,baseline
2026-07-15,1217863,9900006782454,Will Redden,454,0,38,preliminary,baseline
2026-07-15,752133,0236470,Will Stridde,539,525,96,preliminary,baseline
2026-07-15,1363060,9900008527398,Wilmer Acosta,379,325,57,preliminary,baseline
2026-07-15,1334307,9900008087496,Zachary Solon,415,0,0,preliminary,baseline
2026-07-15,1384509,9900008737506,Zane Reed,474,480,10,preliminary,baseline
2026-07-15,1259343,9900007213933,Daryl-Lynne Cousins,251,250,638,established,baseline
2026-07-15,1306841,9900007816769,Monique Mo Santistevan,403,375,195,preliminary,baseline
2026-07-15,1156272,9900005952131,Allan Sease,546,400,728,established,baseline
2026-07-15,1128444,9900005666557,Ashleigh Skoworn,477,474,262,established,baseline
2026-07-15,1183340,9900006431789,Chantelle Schuckman,270,300,555,established,baseline
2026-07-15,1280171,9900007427576,Conn Hall,320,0,104,preliminary,baseline
2026-07-15,1113412,9900005512250,DENISE TENORIO,415,0,399,established,baseline
2026-07-15,1122645,9900005607772,deo basnet,545,0,381,established,baseline
2026-07-15,1185591,9900006454252,David Rusch,549,532,918,established,baseline
2026-07-15,1028707,9900004525886,Gina Trujillo,313,350,496,established,baseline
2026-07-15,1105180,9900005428391,Jenny Laney,385,0,218,established,baseline
2026-07-15,1131331,9900005696066,Kurt Schmidt,396,412,307,established,baseline
2026-07-15,666351,0222501,Kent Hoffman,494,525,4558,established,baseline
2026-07-15,1272169,9900007345658,Matthew R Cox,267,330,226,established,baseline
2026-07-15,1100225,9900005378047,Miguel Anariba,562,0,651,established,baseline
2026-07-15,1144651,9900005834598,Nick Leblanc,588,500,555,established,baseline
2026-07-15,972889,9900003913448,Tina Payne,477,490,678,established,baseline
2026-07-15,998403,9900001493614,Aaron Alexander,365,500,340,established,baseline
2026-07-15,1227045,9900006879154,Aaron Bigelow,403,370,535,established,baseline
2026-07-15,1344781,9900008192978,Aaron Derr,424,425,8,preliminary,baseline
2026-07-15,1332283,9900008069539,Aaron Hampshire,300,300,127,preliminary,baseline
2026-07-15,16684,0031869,Aaron Hodge,593,570,140,preliminary,baseline
2026-07-15,1395537,9900008843382,Aaron Knobloch,345,345,5,preliminary,baseline
2026-07-15,1189294,9900006491646,Aaron Segesman,467,0,570,established,baseline
2026-07-15,1370460,9900008600176,Adam Chiszar,509,525,10,preliminary,baseline
2026-07-15,1330792,9900008054023,Adam Johnson,380,375,40,preliminary,baseline
2026-07-15,1300896,9900007748732,Adam Lee,499,0,20,preliminary,baseline
2026-07-15,1383623,9900008729204,Adam Lopez,283,300,35,preliminary,baseline
2026-07-15,1002562,9900004218597,Adam Sanchez,450,445,884,established,baseline
2026-07-15,1038144,9900004636803,Adam Tapler,433,500,1391,established,baseline
2026-07-15,1205079,9900006656656,Adrian Houston,386,385,214,established,baseline
2026-07-15,1095390,9900005329261,adrian silva,197,525,230,established,baseline
2026-07-15,1035037,9900004603218,Aidan Figueroa,302,300,90,preliminary,baseline
2026-07-15,1015243,9900004360340,AJ Schroetlin,548,525,98,preliminary,baseline
2026-07-15,1010949,9900004312189,Alan Adams,314,400,1452,established,baseline
2026-07-15,1319442,9900007939734,Alan Dortsch,436,0,53,preliminary,baseline
2026-07-15,1234219,9900006951072,Alan Knight,504,550,514,established,baseline
2026-07-15,1316032,9900007905098,Alana Campbell,261,280,274,established,baseline
2026-07-15,1359980,9900008497172,Alandis Snipes,440,450,117,preliminary,baseline
2026-07-15,1311066,9900007854761,Albert Ortega,410,400,25,preliminary,baseline
2026-07-15,1215803,9900006759333,Alejandro Fitzgibbons,275,275,0,preliminary,baseline
2026-07-15,1123545,9900005617214,Alex Angelelli,392,275,239,established,baseline
2026-07-15,1232942,9900006939032,Alex Banvelos,501,525,45,preliminary,baseline
2026-07-15,1010726,9900004309653,Alex Kirk,388,375,87,preliminary,baseline
2026-07-15,1388238,9900008774297,Alex Munson,393,400,30,preliminary,baseline
2026-07-15,781493,0223644,Alex Vigil,431,440,648,established,baseline
2026-07-15,1334475,9900008090441,Alexander Burg,445,495,160,preliminary,baseline
2026-07-15,1273165,9900007355800,Alexander Pantick,344,350,20,preliminary,baseline
2026-07-15,1052829,9900004803311,Alexander Parasino,335,350,72,preliminary,baseline
2026-07-15,1389656,9900008787587,Alfred Monteilh,290,300,5,preliminary,baseline
2026-07-15,1336302,9900008109303,Alfredo Dominguez,433,450,57,preliminary,baseline
2026-07-15,931271,0332995,Alicia Quezada,442,365,1170,established,baseline
2026-07-15,1188402,9900006483634,Alison Kingston,426,425,174,preliminary,baseline
2026-07-15,1316066,9900007905326,Allan Cease,522,525,5,preliminary,baseline
2026-07-15,801163,0263895,Allan DeGuzman,529,525,94,preliminary,baseline
2026-07-15,1204217,9900006643892,Allan Weddel,301,300,84,preliminary,baseline
2026-07-15,17220,0035841,Allen Akin,507,440,365,established,baseline
2026-07-15,10858,0000030,Allen Dillie,476,486,2185,established,baseline
2026-07-15,1017489,9900004385091,Allen Sauer,429,350,841,established,baseline
2026-07-15,1337696,9900008122708,Allen Taylor,436,450,5,preliminary,baseline
2026-07-15,1062831,9900004916950,Allen Wilson,462,300,233,established,baseline
2026-07-15,1309731,9900007841433,Allison Hoskins,385,350,203,established,baseline
2026-07-15,1050320,9900004781596,Ally Gaylord,330,400,90,preliminary,baseline
2026-07-15,1271351,9900007336694,Amanda Olsen,317,325,70,preliminary,baseline
2026-07-15,1323031,9900007975978,Amy Barrett,330,315,56,preliminary,baseline
2026-07-15,1098522,9900005361247,Amy Hall,453,525,100,preliminary,baseline
2026-07-15,1067716,9900005038217,Amy Martinez,386,0,247,established,baseline
2026-07-15,697563,0275660,Amy Smith,401,433,147,preliminary,baseline
2026-07-15,1381521,9900008708407,Andrea Valdes,237,250,16,preliminary,baseline
2026-07-15,1029760,9900004533065,Andrew Andresen,471,450,201,established,baseline
2026-07-15,1358316,9900008480785,Andrew Antanola,229,260,91,preliminary,baseline
2026-07-15,1146402,9900005853469,Andrew Bonne,510,525,5,preliminary,baseline
2026-07-15,1397450,9900008862215,Andrew Dugan,298,300,5,preliminary,baseline
2026-07-15,1313281,9900007879160,Andrew Funk,397,350,177,preliminary,baseline
2026-07-15,1339051,9900008136002,Andrew Gonzales,374,430,111,preliminary,baseline
2026-07-15,1367502,9900008570967,Andrew Martinez,340,375,105,preliminary,baseline
2026-07-15,1383443,9900008727460,Andrew Muller,286,325,45,preliminary,baseline
2026-07-15,859446,0176381,Andrew Murr,536,525,224,established,baseline
2026-07-15,1245236,9900007072745,Andrew Oneal,344,350,370,established,baseline
2026-07-15,1303551,9900007777831,Andrew Pellum,248,260,78,preliminary,baseline
2026-07-15,1019674,9900004416832,Andrew Popek,357,400,1211,established,baseline
2026-07-15,1274916,9900007374573,Andrew Troxel,283,280,242,established,baseline
2026-07-15,1378103,9900008675525,Andrew Wells,314,325,45,preliminary,baseline
2026-07-15,1144175,9900005829815,Andy Konechne,368,355,596,established,baseline
2026-07-15,699129,0170192,Andy Stange,566,522,427,established,baseline
2026-07-15,1237753,9900006998541,Angel Borges,531,400,621,established,baseline
2026-07-15,1270781,9900007332160,Angela Caldwell,227,250,219,established,baseline
2026-07-15,1319344,9900007938652,Angela Thompson,302,300,202,established,baseline
2026-07-15,1037964,9900004631280,Ani Shull,361,375,61,preliminary,baseline
2026-07-15,1392986,9900008817871,Anna Byrd,292,290,8,preliminary,baseline
2026-07-15,1320403,9900007949191,Anna Parham,275,300,144,preliminary,baseline
2026-07-15,1026354,9900004497893,Annette Jewell,491,525,78,preliminary,baseline
2026-07-15,1383627,9900008729242,Annette Stephens,233,250,10,preliminary,baseline
2026-07-15,1351771,9900008416425,Anthony Alvarado,483,475,64,preliminary,baseline
2026-07-15,1061582,9900004903868,Anthony Caputo,350,279,350,established,baseline
2026-07-15,1246020,9900007080269,Anthony Cataldi,615,675,304,established,baseline
2026-07-15,1232303,9900006932071,Anthony Gardner,391,350,466,established,baseline
2026-07-15,1052830,9900004803403,Anthony LaScola,361,350,72,preliminary,baseline
2026-07-15,1319889,9900007943953,Anthony Losino,477,475,257,established,baseline
2026-07-15,987913,9900004061049,Anthony Sandoval,441,435,654,established,baseline
2026-07-15,1247244,9900007089736,Anthony Venuto,280,350,381,established,baseline
2026-07-15,1331528,9900008060864,Antonio Nabors,195,250,196,preliminary,baseline
2026-07-15,1309785,9900007841815,Ari Schapira,455,350,247,established,baseline
2026-07-15,1029178,9900004527101,Ariana Kravette,229,250,470,established,baseline
2026-07-15,1137645,9900005762716,Aric Elmberger,525,525,30,preliminary,baseline
2026-07-15,1011400,9900001929335,Ariel Bruni,303,0,662,established,baseline
2026-07-15,1366790,9900008564003,Arjun Prithvi,307,325,35,preliminary,baseline
2026-07-15,1107443,9900005452471,ARMANDO SALAS,658,0,874,established,baseline
2026-07-15,1041483,9900004680370,Art Valdez,437,440,237,established,baseline
2026-07-15,1337870,9900008124269,Art Vasquez,408,0,16,preliminary,baseline
2026-07-15,1058608,9900004864770,Arthur Dahl,451,450,24,preliminary,baseline
2026-07-15,1117538,9900005554861,Artina Ruibal,384,395,268,established,baseline
2026-07-15,1279830,9900007424803,Ashlyn Hoyer,300,300,0,preliminary,baseline
2026-07-15,1227728,9900006886206,Augustine Garcia,310,350,326,established,baseline
2026-07-15,1147527,9900005863864,Austin Bozeman,345,400,677,established,baseline
2026-07-15,1389156,9900008783404,Austin Donnellan,322,325,5,preliminary,baseline
2026-07-15,838853,0324747,Austin Harlan,326,320,458,established,baseline
2026-07-15,1379023,9900008683971,Austin Kerchner,262,280,22,preliminary,baseline
2026-07-15,1262128,9900007243077,Avery Peterson,400,400,0,preliminary,baseline
2026-07-15,1239504,9900007016039,Baldo Cortez Jr,522,0,5,preliminary,baseline
2026-07-15,1040661,9900004667586,Barb Olson,302,300,5,preliminary,baseline
2026-07-15,1332664,9900008072706,Beck Kunsman,409,400,66,preliminary,baseline
2026-07-15,1392994,9900008817956,Bella Jackman,280,280,6,preliminary,baseline
2026-07-15,1383274,9900008725848,Ben Andrews,324,325,30,preliminary,baseline
2026-07-15,1273347,9900007357781,Ben Black,296,300,65,preliminary,baseline
2026-07-15,1133684,9900005722437,Ben Daugherty,566,547,1010,established,baseline
2026-07-15,1282382,9900007453636,Ben forrester,350,350,98,preliminary,baseline
2026-07-15,1105352,9900005430653,Ben Hodges,412,525,315,established,baseline
2026-07-15,1191046,9900006509129,Ben Judovits,342,350,742,established,baseline
2026-07-15,1014201,9900004348225,Ben Mackendrick,450,400,540,established,baseline
2026-07-15,1136405,9900005750362,Ben North,226,250,102,preliminary,baseline
2026-07-15,1357189,9900008469797,Benjamin Bachran,363,370,166,preliminary,baseline
2026-07-15,1226715,9900006876528,Benjamin Peregrine,418,0,931,established,baseline
2026-07-15,1107444,9900005452389,BETH MACHE,362,0,162,preliminary,baseline
2026-07-15,1022924,9900004452212,Beth Stearns,326,400,130,preliminary,baseline
2026-07-15,1270508,9900007328064,Bex Beisner,228,250,455,established,baseline
2026-07-15,869583,0214257,Bill Brown,469,525,458,established,baseline
2026-07-15,627565,0031959,Bill Bryant,431,525,173,preliminary,baseline
2026-07-15,1111484,9900005493627,Bill Farmer,519,525,44,preliminary,baseline
2026-07-15,1113580,9900005514759,bill fowler,481,547,969,established,baseline
2026-07-15,783728,0031892,Bill Lindsey,502,525,202,established,baseline
2026-07-15,1344892,9900008193883,Bill Marcum,383,350,91,preliminary,baseline
2026-07-15,1163632,9900006027289,Bill McDonagh,529,525,21,preliminary,baseline
2026-07-15,1383295,9900008726029,Bill Meder,524,525,5,preliminary,baseline
2026-07-15,626381,0266350,Bill Mellecker,598,583,302,established,baseline
2026-07-15,1324683,9900007992920,Bill Mellenthin,377,0,34,preliminary,baseline
2026-07-15,1111831,9900005500073,Bill Scott,473,525,525,established,baseline
2026-07-15,10566,0015762,Bill Sepelak,583,525,364,established,baseline
2026-07-15,883385,0133591,Bill Thomas,436,425,273,established,baseline
2026-07-15,1040175,9900004660594,Bill Tobin,461,500,2288,established,baseline
2026-07-15,832618,0206239,Bill Wilhelm,379,421,154,preliminary,baseline
2026-07-15,1351970,9900008418399,Billy Pierce,290,300,24,preliminary,baseline
2026-07-15,1358230,9900008479987,Birdie Valdez,371,350,111,preliminary,baseline
2026-07-15,1380843,9900008701743,Blake LaVergne,347,350,33,preliminary,baseline
2026-07-15,1005199,9900004250399,Blake Stewart,481,450,977,established,baseline
2026-07-15,996672,9900004176873,Bob Brand,421,525,766,established,baseline
2026-07-15,1221453,9900006819792,Bob Burns,311,300,80,preliminary,baseline
2026-07-15,698687,0205267,Bob Chartier Sr,473,505,276,established,baseline
2026-07-15,1202479,9900006626789,Bob Davidson,220,300,513,established,baseline
2026-07-15,626949,0122357,Bob Hamrick Jr,551,522,256,established,baseline
2026-07-15,1009686,9900004299237,Bob King,485,525,1359,established,baseline
2026-07-15,18928,0077307,Bob Mason,403,491,302,established,baseline
2026-07-15,817060,0272276,Bob Rabito,527,525,1465,established,baseline
2026-07-15,1275306,9900007378038,Bob Raymond,303,375,225,established,baseline
2026-07-15,1262315,9900007244142,Bob Rivera Sr,390,440,725,established,baseline
2026-07-15,726313,0125445,Bob Sahl,544,545,864,established,baseline
2026-07-15,1320450,9900007949771,Bobby Hicks,443,475,54,preliminary,baseline
2026-07-15,1082198,9900005188172,Bonnie Ford,407,368,367,established,baseline
2026-07-15,1058606,9900004864763,Boyd Livesey,292,300,72,preliminary,baseline
2026-07-15,1346260,9900008207399,Brad Bates,309,375,130,preliminary,baseline
2026-07-15,1380449,9900008697824,Brad Jacobson,287,295,30,preliminary,baseline
2026-07-15,830054,9900000947965,Brad Oswald,424,404,425,established,baseline
2026-07-15,1010555,9900004307789,Brad Perdue,489,500,9,preliminary,baseline
2026-07-15,1384508,9900008737490,Bradley Howard,447,450,35,preliminary,baseline
2026-07-15,1136661,9900005752779,brady bernau,510,525,5,preliminary,baseline
2026-07-15,1294296,9900007579510,Branden Hubbard,390,0,46,preliminary,baseline
2026-07-15,1031314,9900004550949,Branden Hummel,531,400,161,preliminary,baseline
2026-07-15,1301577,9900007758120,Brandi Skanes,181,260,310,established,baseline
2026-07-15,1191848,9900006517193,Brandie Carl,261,300,144,preliminary,baseline
2026-07-15,1250116,9900007118511,Brandon Books,311,295,297,established,baseline
2026-07-15,1314108,9900007885550,Brandon Coburn,250,260,66,preliminary,baseline
2026-07-15,1383658,9900008729556,Brandon Georges,447,450,5,preliminary,baseline
2026-07-15,1203045,9900006632278,Brandon Knapp,378,525,450,established,baseline
2026-07-15,1396388,9900008851769,Brandon Lacy,294,300,5,preliminary,baseline
2026-07-15,1302647,9900007768693,Brandon Ridder,465,470,32,preliminary,baseline
2026-07-15,872311,0301310,Brandon Romero,526,530,277,established,baseline
2026-07-15,1316064,9900007905302,Brandon Tyler,462,450,234,established,baseline
2026-07-15,1347286,9900008220473,Brandon Voth,351,362,255,established,baseline
2026-07-15,1005840,9900004257671,Brant Thurston,421,375,380,established,baseline
2026-07-15,1357287,9900008470779,Branwyn Adkins,205,250,84,preliminary,baseline
2026-07-15,1318488,9900007929773,Breck Johnson,473,475,5,preliminary,baseline
2026-07-15,1246477,9900007084700,Brendea Stock,298,400,252,established,baseline
2026-07-15,1247442,9900007091913,Brennan Wallace,271,275,290,established,baseline
2026-07-15,719298,0042811,Brent Johnson,391,487,1658,established,baseline
2026-07-15,1126301,9900005644630,Brent Smith,424,350,796,established,baseline
2026-07-15,887281,0304736,Bret Sibley,447,525,150,preliminary,baseline
2026-07-15,972771,9900005040111,Brett Colbert,532,0,359,established,baseline
2026-07-15,1363970,9900008536314,Brett Harkwell,333,325,85,preliminary,baseline
2026-07-15,1100549,9900005381641,Brian Bogart,526,540,691,established,baseline
2026-07-15,1095389,9900005329179,brian cornwell,421,525,60,preliminary,baseline
2026-07-15,806342,0070857,Brian Easter,575,525,608,established,baseline
2026-07-15,1026955,9900004500289,Brian Griego,609,525,886,established,baseline
2026-07-15,1136214,9900005748406,brian janson,427,525,65,preliminary,baseline
2026-07-15,1152848,9900005918656,Brian Loitsch,352,345,278,established,baseline
2026-07-15,12517,0093600,Brian Mohr,562,431,463,established,baseline
2026-07-15,853317,0143182,Brian Olson,463,513,318,established,baseline
2026-07-15,1393287,9900008820840,Brian  Phelps,387,400,21,preliminary,baseline
2026-07-15,1332676,9900008072775,Brian Roybal,421,450,140,preliminary,baseline
2026-07-15,1394549,9900008833918,Brian Sakuma,346,340,12,preliminary,baseline
2026-07-15,1117377,9900005553147,Britt Terry,391,554,436,established,baseline
2026-07-15,1271176,9900007334942,Brooklynn Nelson,415,405,290,established,baseline
2026-07-15,1228993,9900006898919,Bruce Balsley,341,400,214,established,baseline
2026-07-15,996700,9900004176996,Bruce Barrios,307,525,1195,established,baseline
2026-07-15,935926,0227845,Bruce Douglas,426,0,300,established,baseline
2026-07-15,1131347,9900005696646,Bruce Huggins,446,525,55,preliminary,baseline
2026-07-15,1290592,9900007541234,Bruce Pizzimenti,387,525,244,established,baseline
2026-07-15,1274325,9900007369555,Bruce Tucker,585,350,423,established,baseline
2026-07-15,1324210,9900007987964,Bruce XXX,444,450,10,preliminary,baseline
2026-07-15,1383437,9900008727408,Bryan Downey,296,325,35,preliminary,baseline
2026-07-15,1045607,9900004730037,Bryan Kochheiser,494,500,281,established,baseline
2026-07-15,871755,0132139,Bryan Williams,436,525,204,established,baseline
2026-07-15,1131345,9900005696486,Bryce Roebuck,325,525,134,preliminary,baseline
2026-07-15,831490,0223689,Bryce Tallent,519,525,143,preliminary,baseline
2026-07-15,1377808,9900008672586,Brye Michaels,321,320,15,preliminary,baseline
2026-07-15,18951,0142862,Bud Winger,444,486,451,established,baseline
2026-07-15,1097241,9900005348132,Burt Mason,480,525,290,established,baseline
2026-07-15,1377579,9900008670377,Byron Miller,453,450,6,preliminary,baseline
2026-07-15,1011730,9900000772895,Cal Post,422,425,40,preliminary,baseline
2026-07-15,1160353,9900005993684,Caleb Rountree,415,350,565,established,baseline
2026-07-15,1284150,9900007472941,Calvin Malkoski,496,500,210,established,baseline
2026-07-15,1107005,9900005447859,Cam sanchez,522,525,35,preliminary,baseline
2026-07-15,1383433,9900008727361,Cameron Baldwin,275,325,45,preliminary,baseline
2026-07-15,1245228,9900007072684,Carl Neer,522,500,282,established,baseline
2026-07-15,1083770,9900005203653,Carlos Guerra,535,500,82,preliminary,baseline
2026-07-15,1283040,9900007463109,Carlos Guerrero,518,500,139,preliminary,baseline
2026-07-15,1334628,9900008092568,Carlos Navin,440,450,20,preliminary,baseline
2026-07-15,1028708,9900004525893,Carlos Ortega,455,440,275,established,baseline
2026-07-15,722349,0205266,Carol Chartier,344,391,254,established,baseline
2026-07-15,1117378,9900005553154,Carol Terry,318,300,189,preliminary,baseline
2026-07-15,1122642,9900005607994,Carol Zuccaro,419,445,96,preliminary,baseline
2026-07-15,1239108,9900007013519,Caryn Dalrymple,203,425,374,established,baseline
2026-07-15,1281902,9900007446515,Casey Davis,227,270,199,preliminary,baseline
2026-07-15,1174237,9900006141527,Cate Wood,295,280,348,established,baseline
2026-07-15,1209850,9900006700328,Cathy Dillie,349,350,5,preliminary,baseline
2026-07-15,1085843,9900005224177,Cathy Lievrow,272,300,21,preliminary,baseline
2026-07-15,1174399,9900006142807,Chad Edinger,400,395,693,established,baseline
2026-07-15,1005210,9900004250498,Chad Hartmann,338,350,373,established,baseline
2026-07-15,898037,0274103,Chad Korbe,481,525,35,preliminary,baseline
2026-07-15,1039837,9900003214880,Chad Luepke,384,550,245,established,baseline
2026-07-15,1028021,9900004514859,Chad Merz,464,350,734,established,baseline
2026-07-15,1383272,9900008725824,Charity Terry,407,400,30,preliminary,baseline
2026-07-15,1050178,9900004775694,Charles Fischer,449,500,80,preliminary,baseline
2026-07-15,1035049,9900004603027,Charles French,306,275,90,preliminary,baseline
2026-07-15,1385074,9900008743118,Charles Maritnez,403,425,30,preliminary,baseline
2026-07-15,1008295,9900004285070,Charles McNerney,399,390,124,preliminary,baseline
2026-07-15,1103960,9900005416756,Charles Sickels,326,300,524,established,baseline
2026-07-15,1040347,9900004664738,Charles Talbert,443,480,807,established,baseline
2026-07-15,1238476,9900007005965,Charley McNerny,300,300,10,preliminary,baseline
2026-07-15,858645,0299568,Charlie Dittrick,444,522,762,established,baseline
2026-07-15,1260553,9900007226797,Charlie Sardelli,353,350,32,preliminary,baseline
2026-07-15,879224,0015751,Charlie Swanepoel,476,525,54,preliminary,baseline
2026-07-15,1191845,9900006517162,Chayce Lutz,339,350,174,preliminary,baseline
2026-07-15,1382655,9900008719526,Chelsea Jackson,341,350,32,preliminary,baseline
2026-07-15,1343096,9900008176336,Cherie Anderson,377,400,50,preliminary,baseline
2026-07-15,1046926,9900004746205,Cherilyn Rasmussen,363,425,888,established,baseline
2026-07-15,900421,0005454,Cheryl Bates,415,291,390,established,baseline
2026-07-15,1364564,9900008542193,Cheryl Jones,421,400,44,preliminary,baseline
2026-07-15,1098523,9900005361254,chris ashmore,496,525,20,preliminary,baseline
2026-07-15,1245219,9900007073728,Chris Beck,342,350,446,established,baseline
2026-07-15,1292806,9900007564561,Chris cochran,343,300,345,established,baseline
2026-07-15,1260594,9900007226728,Chris Collins,410,415,152,preliminary,baseline
2026-07-15,1389197,9900008783787,Chris Cook,284,300,25,preliminary,baseline
2026-07-15,1174403,9900006142227,Chris Davenport,534,435,785,established,baseline
2026-07-15,1365008,9900008546481,Chris Delacruz,387,400,41,preliminary,baseline
2026-07-15,729979,0278703,Chris Gallegos,416,525,487,established,baseline
2026-07-15,1248245,9900007102121,Chris Gandy,385,370,375,established,baseline
2026-07-15,1041781,9900004688840,Chris Goodrow,523,485,559,established,baseline
2026-07-15,1173793,9900006134291,Chris Howard,376,375,54,preliminary,baseline
2026-07-15,1191849,9900006517209,Chris King,331,350,274,established,baseline
2026-07-15,1142185,9900005810899,Chris Los,477,475,725,established,baseline
2026-07-15,640297,0405897,Chris Mann,523,525,2099,established,baseline
2026-07-15,1261182,9900007232873,Chris Meis,378,400,155,preliminary,baseline
2026-07-15,831448,0221615,Chris Melle,439,510,995,established,baseline
2026-07-15,1340611,9900008151456,Chris Parish,391,385,92,preliminary,baseline
2026-07-15,625938,0053290,Chris Patrinas,587,585,606,established,baseline
2026-07-15,1385347,9900008745228,Chris Simmons,400,400,19,preliminary,baseline
2026-07-15,899545,0120846,Chris Stilson,379,400,188,preliminary,baseline
2026-07-15,1227522,9900006884189,Chris West,410,525,356,established,baseline
2026-07-15,1336294,9900008109914,Chrissi Wheeler,284,375,165,preliminary,baseline
2026-07-15,1010288,9900004304993,Christian McWilliams,277,275,911,established,baseline
2026-07-15,1169205,9900006087665,Christina Azzara,282,250,90,preliminary,baseline
2026-07-15,1291227,9900007548660,Christine Ortega,242,265,324,established,baseline
2026-07-15,1395620,9900008844204,Christine  Robertson,243,250,4,preliminary,baseline
2026-07-15,781427,0312288,Christine Seeley,422,370,634,established,baseline
2026-07-15,1016881,9900004378406,Christopher Edl,442,400,181,preliminary,baseline
2026-07-15,1022922,9900003550438,Chuck Bargas,384,400,223,established,baseline
2026-07-15,1181216,9900006311029,Chuck Gehr,321,350,155,preliminary,baseline
2026-07-15,1133205,9900005717488,Chuy Luna,589,525,354,established,baseline
2026-07-15,928498,0338005,Cindy Bergeron,452,451,1268,established,baseline
2026-07-15,1344186,9900008189824,Cisco Garcia,363,400,119,preliminary,baseline
2026-07-15,1057213,9900004847025,Clint Woods,314,300,55,preliminary,baseline
2026-07-15,993645,9900004145961,Cody Ford,391,350,440,established,baseline
2026-07-15,1383268,9900008725787,Cody McAllister,387,375,30,preliminary,baseline
2026-07-15,1338603,9900008131854,CODY NELSON,575,583,56,preliminary,baseline
2026-07-15,1342835,9900008173496,Cody Riley,395,0,13,preliminary,baseline
2026-07-15,1364458,9900008541141,Colt Brown,491,310,230,established,baseline
2026-07-15,1367501,9900008570950,Colton Martinez,277,300,95,preliminary,baseline
2026-07-15,1301681,9900007758908,Conner Bernardin,289,290,105,preliminary,baseline
2026-07-15,1383442,9900008727453,Connor Deagle,253,325,45,preliminary,baseline
2026-07-15,1008598,9900004288088,Cord Thompson,477,465,379,established,baseline
2026-07-15,1191850,9900006517216,Corey Azevedo,257,270,162,preliminary,baseline
2026-07-15,1295173,9900007588628,Cornelio Chavez,342,300,85,preliminary,baseline
2026-07-15,1226716,9900006875965,Cornelius Stokes,402,400,21,preliminary,baseline
2026-07-15,1366404,9900008560159,Corrina Provo,255,275,35,preliminary,baseline
2026-07-15,1191902,9900006517742,Corry Peters,338,350,126,preliminary,baseline
2026-07-15,1344170,9900008189664,Courtney Pierce,463,500,113,preliminary,baseline
2026-07-15,1332777,9900008074342,craig Ashrin,436,450,18,preliminary,baseline
2026-07-15,627579,0135891,Craig Colpitts,492,499,1006,established,baseline
2026-07-15,1214287,9900006744186,Craig Forrest,238,260,176,preliminary,baseline
2026-07-15,1301678,9900007758878,Craig Rempher,403,400,6,preliminary,baseline
2026-07-15,1313882,9900007885901,Craig Sirkin,285,285,132,preliminary,baseline
2026-07-15,1150008,9900005889383,Crystal Blackford,264,425,175,preliminary,baseline
2026-07-15,1121821,9900005599183,Crystal Terrazas,402,400,43,preliminary,baseline
2026-07-15,1291332,9900007549988,Cullum Clampitt,296,300,153,preliminary,baseline
2026-07-15,1239726,9900007019184,Curt Warner,272,250,163,preliminary,baseline
2026-07-15,1005277,9900004251280,Curtis Escamilla,434,0,228,established,baseline
2026-07-15,1376342,9900008658122,Curtis Gordon,425,425,40,preliminary,baseline
2026-07-15,1190532,9900006504520,Curtis Rose,391,385,638,established,baseline
2026-07-15,1231267,9900006922393,Cynthia Harris,101,300,317,established,baseline
2026-07-15,1035040,9900004602945,Cynthia Holcombe,248,250,6,preliminary,baseline
2026-07-15,1389198,9900008783794,Dale Dunkle,324,350,36,preliminary,baseline
2026-07-15,1117864,9900005558173,Dale Eller,330,350,1104,established,baseline
2026-07-15,1328222,9900008028512,Dalton Bartholomew,287,325,125,preliminary,baseline
2026-07-15,806492,0200188,Dalton Williams,465,525,184,preliminary,baseline
2026-07-15,1202477,9900006626567,Damien Lozano,294,300,539,established,baseline
2026-07-15,1081876,9900005184839,Damin Guthrie,600,600,932,established,baseline
2026-07-15,1005278,9900004251297,Dan Becker,465,460,955,established,baseline
2026-07-15,1266575,9900007287750,Dan Bergeron,485,525,464,established,baseline
2026-07-15,1183156,9900006429410,Dan Hogan,329,330,147,preliminary,baseline
2026-07-15,1379476,9900008688440,Dan Holly,446,450,18,preliminary,baseline
2026-07-15,1280455,9900007430774,Dan Keaty,425,420,120,preliminary,baseline
2026-07-15,743356,0132110,Dan King,443,525,232,established,baseline
2026-07-15,1208254,9900006684550,Dan Kohler,382,405,457,established,baseline
2026-07-15,1275417,9900007379592,Dan Lesko,301,275,269,established,baseline
2026-07-15,791400,0023408,Dan Okorn,461,525,2203,established,baseline
2026-07-15,1057214,9900004847032,Dan Peterson,310,300,35,preliminary,baseline
2026-07-15,1396626,9900008854081,Dan Ukleja,268,275,15,preliminary,baseline
2026-07-15,1045885,9900004732871,Dana Johnson,249,0,17,preliminary,baseline
2026-07-15,1152851,9900005918014,Daneil Martinez,328,310,219,established,baseline
2026-07-15,1271225,9900007337363,Dani Bean,204,250,293,established,baseline
2026-07-15,1261184,9900007232897,Daniel Allison,362,400,412,established,baseline
2026-07-15,1172030,9900006115856,Daniel DeBruyn,487,0,630,established,baseline
2026-07-15,1368650,9900008582175,Daniel Estergard,290,300,15,preliminary,baseline
2026-07-15,972437,0014442,Daniel Hoyer,500,525,2121,established,baseline
2026-07-15,1351973,9900008418429,Daniel LaGrange,296,300,73,preliminary,baseline
2026-07-15,753037,0327540,Daniel Martinez,494,525,502,established,baseline
2026-07-15,931270,0330619,Daniel Richardson,491,625,554,established,baseline
2026-07-15,1348806,9900008384526,Daniel Rodriguez,418,425,146,preliminary,baseline
2026-07-15,1169978,9900006095592,Daniel Ty,349,350,5,preliminary,baseline
2026-07-15,739394,0318813,Danny Atkinson,418,425,43,preliminary,baseline
2026-07-15,1337694,9900008122685,Danny O'Brein,431,450,15,preliminary,baseline
2026-07-15,11346,0005451,Dar Kyle,459,413,883,established,baseline
2026-07-15,715957,0316835,Darin Lovato,311,525,538,established,baseline
2026-07-15,1226718,9900006875897,Darrell Medina,399,0,60,preliminary,baseline
2026-07-15,1129519,9900005678154,Darren Maya,362,353,161,preliminary,baseline
2026-07-15,1113581,9900005514766,darren megalo,507,525,85,preliminary,baseline
2026-07-15,1232941,9900006939438,Darren Sais,503,525,180,preliminary,baseline
2026-07-15,1011402,9900004316507,Darrin Sais,481,450,315,established,baseline
2026-07-15,1208260,9900006684611,DAVE ATTEBERRY,421,400,511,established,baseline
2026-07-15,1126188,9900005643428,Dave Compton,193,250,300,established,baseline
2026-07-15,723047,0093561,Dave DeBoe,410,525,249,established,baseline
2026-07-15,1284121,9900007472873,Dave Doe,493,500,11,preliminary,baseline
2026-07-15,1093528,9900005310047,Dave Kixmiller,349,0,94,preliminary,baseline
2026-07-15,1107584,9900003468078,Dave Murphy,297,425,452,established,baseline
2026-07-15,1158677,9900005976571,Dave Smith,563,400,910,established,baseline
2026-07-15,843419,0218285,Dave Stauter,411,517,205,established,baseline
2026-07-15,1150893,9900005898507,Dave Symon,523,525,30,preliminary,baseline
2026-07-15,1282165,9900007449998,Dave Teed,420,500,226,established,baseline
2026-07-15,1249715,9900007114421,Dave Woycio,311,310,201,established,baseline
2026-07-15,842294,0275713,Davey Lopez,517,529,20,preliminary,baseline
2026-07-15,1223770,9900006846262,David Bowers,355,325,403,established,baseline
2026-07-15,1054007,9900004813600,David Coffey,441,0,1151,established,baseline
2026-07-15,1169209,9900006087702,David Conley,391,380,132,preliminary,baseline
2026-07-15,1351726,9900008415978,David Durand,573,564,174,preliminary,baseline
2026-07-15,875923,0295804,David Gibson,528,525,60,preliminary,baseline
2026-07-15,1144465,9900005832648,David Guvernator,314,300,415,established,baseline
2026-07-15,1311065,9900007854754,David Harig,428,450,394,established,baseline
2026-07-15,1117374,9900005553116,David Hostetter,512,589,751,established,baseline
2026-07-15,748872,0321543,David Lovato,342,525,1122,established,baseline
2026-07-15,1387074,9900008762775,David Murphy,405,410,16,preliminary,baseline
2026-07-15,1342566,9900008170891,David Stonecipher,397,400,70,preliminary,baseline
2026-07-15,1121820,9900005599176,David Terrazas,439,450,58,preliminary,baseline
2026-07-15,664192,0250141,Dean Carpenter,368,455,156,preliminary,baseline
2026-07-15,622885,0004671,Deb Winter,495,450,132,preliminary,baseline
2026-07-15,1050318,9900004781572,Debbie Bradford,318,350,20,preliminary,baseline
2026-07-15,1328856,9900008034698,Debi Clements,293,300,68,preliminary,baseline
2026-07-15,1333530,9900008081593,Dee Chatman,376,400,217,established,baseline
2026-07-15,1093370,9900005309003,Dee Crosby,440,425,77,preliminary,baseline
2026-07-15,692285,0160719,Del Mann,477,525,63,preliminary,baseline
2026-07-15,1275875,9900007384183,Delbert Velasquez,323,340,298,established,baseline
2026-07-15,1054800,9900004822855,Delene Marques,99,350,469,established,baseline
2026-07-15,1047287,9900004746656,Denise Andresen,342,350,95,preliminary,baseline
2026-07-15,642040,0090829,Dennis Lindsey,425,411,592,established,baseline
2026-07-15,1237254,9900006993355,Dennis Medina,469,425,400,established,baseline
2026-07-15,1341108,9900008159155,Dennis Morris,444,450,5,preliminary,baseline
2026-07-15,625634,0003063,Dennis Romero,587,525,970,established,baseline
2026-07-15,1273890,9900007363003,Dennis Spah,554,550,15,preliminary,baseline
2026-07-15,1367898,9900008574835,Derek Derek Myrick,382,375,75,preliminary,baseline
2026-07-15,1041787,9900004691710,Derek Stuhlmiller,473,460,206,established,baseline
2026-07-15,1226482,9900006873220,Derrick Carrier,346,350,25,preliminary,baseline
2026-07-15,1145241,9900005842142,Derrick Chapman,337,330,786,established,baseline
2026-07-15,1012592,9900004330589,Derrick Rudolph,270,270,630,established,baseline
2026-07-15,1185865,9900006456645,Devin Pratt,260,250,417,established,baseline
2026-07-15,1034261,9900004591676,Devin Shannon,472,0,395,established,baseline
2026-07-15,1335592,9900008107033,Devon Whitt,246,260,74,preliminary,baseline
2026-07-15,1009678,9900004299169,Dick Petrash,444,525,2286,established,baseline
2026-07-15,1248779,9900007105184,Diego Garcia,312,310,327,established,baseline
2026-07-15,1371823,9900008613701,Dillon Fontenot,409,425,49,preliminary,baseline
2026-07-15,1047666,9900004750479,Dillon McBride,331,300,122,preliminary,baseline
2026-07-15,1296621,9900007704479,DJ Barrett,371,375,124,preliminary,baseline
2026-07-15,1291239,9900007548769,Dominic Covarrubias,330,300,326,established,baseline
2026-07-15,1247242,9900007090152,Dominic Teran,434,350,365,established,baseline
2026-07-15,1160254,9900005993134,Dominic Turner,437,435,260,established,baseline
2026-07-15,1160181,9900005993080,Dominic Venuto,586,550,570,established,baseline
2026-07-15,1023179,9900004455152,Dominick Pettinato,384,0,456,established,baseline
2026-07-15,1371541,9900008610885,Dominique Martinez,423,425,34,preliminary,baseline
2026-07-15,1358317,9900008480792,Don Carder,291,300,12,preliminary,baseline
2026-07-15,752939,0120852,Don Doss,466,525,109,preliminary,baseline
2026-07-15,1397031,9900008858133,Don Gonzales,302,0,15,preliminary,baseline
2026-07-15,995099,9900004165594,Don Hines,378,375,1085,established,baseline
2026-07-15,1357238,9900008470281,Don Kobs,472,500,126,preliminary,baseline
2026-07-15,1338712,9900008132882,Don Ross,404,400,120,preliminary,baseline
2026-07-15,1103964,9900005417012,Don Sickels,297,275,649,established,baseline
2026-07-15,17993,0233650,Donald Wade,544,500,293,established,baseline
2026-07-15,925998,0337504,Donna Henderson,448,425,461,established,baseline
2026-07-15,1234223,9900006951119,Donnie Hall,408,405,219,established,baseline
2026-07-15,1395619,9900008844198,Donny  Robertson,303,300,4,preliminary,baseline
2026-07-15,1305516,9900007798003,Dora Torres,268,300,68,preliminary,baseline
2026-07-15,1251208,9900007129531,Doug Barrett,446,450,352,established,baseline
2026-07-15,1074419,9900005105575,Doug Crynes,484,350,844,established,baseline
2026-07-15,16083,0250344,Doug James,579,554,826,established,baseline
2026-07-15,669968,0301438,Doug Seeley,554,525,2193,established,baseline
2026-07-15,1103959,9900005416749,Doug Small,367,318,545,established,baseline
2026-07-15,1341433,9900008159629,DOUG Stuart,380,400,192,preliminary,baseline
2026-07-15,1118084,9900005561388,douglas rhodes,509,525,59,preliminary,baseline
2026-07-15,1255076,9900007169995,Draven Whitaker,401,400,10,preliminary,baseline
2026-07-15,1301507,9900007755174,Drew Drury,177,260,118,preliminary,baseline
2026-07-15,808638,0275784,Drew Rieck,528,525,158,preliminary,baseline
2026-07-15,1274913,9900007374252,Drew Thomas,280,280,136,preliminary,baseline
2026-07-15,1338941,9900008134985,Duane Dotson,448,450,154,preliminary,baseline
2026-07-15,1228573,9900006894997,Duke Marion V,272,250,268,established,baseline
2026-07-15,1125558,9900005637151,Dustin Carpentier,481,400,979,established,baseline
2026-07-15,1220858,9900006813882,Dustin Coomes,406,415,15,preliminary,baseline
2026-07-15,1304471,9900007787533,Dustin Lopes,399,450,247,established,baseline
2026-07-15,1341441,9900008159674,Dustin Smith,262,275,100,preliminary,baseline
2026-07-15,1050080,9900004774772,Dwayne Dobbs,534,300,366,established,baseline
2026-07-15,687771,0067664,Dylan Taylor,459,525,114,preliminary,baseline
2026-07-15,1351971,9900008418405,Dyllon Ketterer,242,250,74,preliminary,baseline
2026-07-15,1008599,9900004288095,Earl Stocker,331,330,448,established,baseline
2026-07-15,1103965,9900005416787,Ed Barberra,257,275,240,established,baseline
2026-07-15,1188410,9900006483047,Ed Christopher,492,530,215,established,baseline
2026-07-15,1249523,9900007112427,Eddie Showers,522,525,5,preliminary,baseline
2026-07-15,1382142,9900008714408,Edgar Orgaz,464,475,20,preliminary,baseline
2026-07-15,1179326,9900006292038,Eirik Dickson,361,0,9,preliminary,baseline
2026-07-15,1030733,9900004543569,Eli Collins,488,490,501,established,baseline
2026-07-15,1144402,9900005831931,Elias Mendoza,488,475,109,preliminary,baseline
2026-07-15,1251222,9900007129128,Elizabeth Bullock,258,300,404,established,baseline
2026-07-15,1359399,9900008491453,Elizabeth Lowe,276,280,35,preliminary,baseline
2026-07-15,1351972,9900008418412,Elizabeth Taravella,257,275,81,preliminary,baseline
2026-07-15,1338594,9900008131717,ELLA PAROLAN,363,352,40,preliminary,baseline
2026-07-15,1014195,9900004348171,Elliot Taylor,467,400,928,established,baseline
2026-07-15,1185866,9900006456652,Ellis Buchwald,442,445,501,established,baseline
2026-07-15,1268118,9900007303290,Ely Gaylord,507,500,94,preliminary,baseline
2026-07-15,1301510,9900007755204,Emeka Okoye,193,250,243,established,baseline
2026-07-15,1308000,9900007823569,Emily Feldkamp,266,260,361,established,baseline
2026-07-15,1382972,9900008722892,Emily Monday,173,250,71,preliminary,baseline
2026-07-15,1078107,9900005145649,enoch witchley,467,450,144,preliminary,baseline
2026-07-15,663892,0035962,Enrique Magallanes,525,525,0,preliminary,baseline
2026-07-15,1111482,9900005493603,Eric Blomberg,406,525,201,established,baseline
2026-07-15,1133190,9900005717389,Eric Donald,515,475,1455,established,baseline
2026-07-15,1352215,9900008420781,Eric Heilig,344,340,86,preliminary,baseline
2026-07-15,1292832,9900007564752,Eric Kellogg,397,400,323,established,baseline
2026-07-15,1189288,9900006491592,Eric Kolish,481,500,208,established,baseline
2026-07-15,1189290,9900006491608,Eric Lembke,452,0,548,established,baseline
2026-07-15,1358323,9900008480853,Eric Moranda,294,300,3,preliminary,baseline
2026-07-15,1301761,9900007759264,Eric O'Neill,224,260,113,preliminary,baseline
2026-07-15,1247239,9900007089699,Eric Rakes,290,325,268,established,baseline
2026-07-15,1361238,9900008509288,Eric Rodgers,267,325,80,preliminary,baseline
2026-07-15,1195430,9900006555508,Eric Wong,384,300,442,established,baseline
2026-07-15,1097250,9900005348224,Erik aschenbrenner,423,525,55,preliminary,baseline
2026-07-15,1309798,9900007841938,Erik Boyer,367,300,113,preliminary,baseline
2026-07-15,1314890,9900007892978,Erik Coburn,340,300,639,established,baseline
2026-07-15,1237169,9900006992501,Erik Kesteloot,405,390,381,established,baseline
2026-07-15,1114970,9900005528770,Erik Willis,505,525,795,established,baseline
2026-07-15,1346235,9900008207221,Erika Joye,330,400,60,preliminary,baseline
2026-07-15,779528,9900008287322,Ernest Wirick,521,525,174,preliminary,baseline
2026-07-15,1338942,9900008135463,Ernesto Vigil,420,420,114,preliminary,baseline
2026-07-15,1104318,9900005420081,ernie sanchez,555,525,683,established,baseline
2026-07-15,1050840,9900004784283,Ernie Trujillo,307,300,19,preliminary,baseline
2026-07-15,1099635,9900005372847,Ethienne Rodriguez,335,300,48,preliminary,baseline
2026-07-15,1153856,9900005928037,Eulalio Sierra,549,550,334,established,baseline
2026-07-15,1010728,9900004309677,Evan Lovelace,553,500,596,established,baseline
2026-07-15,1237055,9900006991702,Evelyn Cruz,261,310,185,preliminary,baseline
2026-07-15,1232320,9900006932194,Felipe Alaniz,482,450,359,established,baseline
2026-07-15,1363632,9900008532996,Felipe Cruz,393,420,81,preliminary,baseline
2026-07-15,1277423,9900007399569,Francisco Lopez Cid,587,0,297,established,baseline
2026-07-15,1073314,9900005092837,Francisco Salas,703,0,3719,established,baseline
2026-07-15,1345579,9900008200826,Frank Damore,347,341,125,preliminary,baseline
2026-07-15,707906,0228831,Frank Martin,516,521,333,established,baseline
2026-07-15,1035039,9900004602938,Frank Pinson,486,470,294,established,baseline
2026-07-15,879391,0143186,Frankie Portera,409,525,333,established,baseline
2026-07-15,1048587,9900004759656,Gabbie Pittman,298,300,9,preliminary,baseline
2026-07-15,1125731,9900005638837,Gabe Callol,470,465,248,established,baseline
2026-07-15,1378102,9900008675518,Gabe Garduno,266,300,45,preliminary,baseline
2026-07-15,1390523,9900008796206,Gabe Lundin,379,400,36,preliminary,baseline
2026-07-15,1364948,9900008545897,Gabe McFarland,401,400,5,preliminary,baseline
2026-07-15,1047320,9900004747257,Gabe Zapata,428,390,300,established,baseline
2026-07-15,1259568,9900007216217,Gabriel Torrens,325,315,52,preliminary,baseline
2026-07-15,1153838,9900005927894,Garrett Matsunaga,466,469,559,established,baseline
2026-07-15,1312915,9900007876541,Garrett Murphy,259,270,76,preliminary,baseline
2026-07-15,1019963,9900004420808,Gary Gutierrez,368,350,670,established,baseline
2026-07-15,674551,0007776,Gary Howard,446,414,1889,established,baseline
2026-07-15,632767,0264611,Gary Johnson,509,523,1234,established,baseline
2026-07-15,1220874,9900006813844,Gary Madison,270,350,144,preliminary,baseline
2026-07-15,1118810,9900005568110,GARY MANSFIELD,480,500,511,established,baseline
2026-07-15,1216015,9900006765532,Gary Matten,510,525,20,preliminary,baseline
2026-07-15,1266721,9900007289167,Gary Montel,431,452,157,preliminary,baseline
2026-07-15,1010556,9900004307796,Gary Osborn,482,475,102,preliminary,baseline
2026-07-15,1174282,9900006141015,Gavin Bermingham,513,525,766,established,baseline
2026-07-15,1346258,9900008207627,Gavin Chaising,433,450,15,preliminary,baseline
2026-07-15,1186009,9900006457987,Gavin Rooker,389,300,308,established,baseline
2026-07-15,1394557,9900008833994,Gavin Slaten,448,450,5,preliminary,baseline
2026-07-15,1395864,9900008846123,Gemma Holdman,300,300,0,preliminary,baseline
2026-07-15,1386595,9900008758112,Gene Duran,422,425,6,preliminary,baseline
2026-07-15,1236051,9900006981581,Gene Heidel,504,0,55,preliminary,baseline
2026-07-15,977921,9900001249617,Geof Yardley,532,510,1558,established,baseline
2026-07-15,1241897,9900007039434,Geoffrey Gipson,326,271,389,established,baseline
2026-07-15,1383043,9900008723578,Geoffrey Reyes,425,425,0,preliminary,baseline
2026-07-15,1101884,9900005395228,George Emerson,379,525,494,established,baseline
2026-07-15,1234892,9900006965260,George Guldy,245,250,459,established,baseline
2026-07-15,1103961,9900005417005,George Honeyman,206,275,590,established,baseline
2026-07-15,831614,0276732,George Silva,474,525,90,preliminary,baseline
2026-07-15,855658,0301314,George Taylor,427,525,221,established,baseline
2026-07-15,1383113,9900008724278,Gilbert Hernandez,302,325,60,preliminary,baseline
2026-07-15,1245552,9900007075746,Ginger Jamieson,206,300,532,established,baseline
2026-07-15,1028702,9900004525862,Glen Wilson,534,450,1926,established,baseline
2026-07-15,1085838,9900005224139,Glenn Foster,370,300,111,preliminary,baseline
2026-07-15,1305799,9900007800904,Gordon Collins,471,470,150,preliminary,baseline
2026-07-15,1185863,9900006456621,Grady Martin,294,275,647,established,baseline
2026-07-15,1190636,9900006505053,Graeme Hirstwood,522,525,15,preliminary,baseline
2026-07-15,1101780,9900005394177,Grant Babb,242,350,225,established,baseline
2026-07-15,1383116,9900008724308,Grant Miller,405,425,42,preliminary,baseline
2026-07-15,1245227,9900007072677,Greg Campbell,495,525,478,established,baseline
2026-07-15,1224844,9900006858739,Greg Drumm,256,260,312,established,baseline
2026-07-15,1397255,9900008860327,Greg East,495,500,5,preliminary,baseline
2026-07-15,1024621,9900004470803,Greg Gaasch,414,400,269,established,baseline
2026-07-15,769690,0316833,Greg Jessen,403,525,860,established,baseline
2026-07-15,1396302,9900008850915,Greg Johnson,298,300,10,preliminary,baseline
2026-07-15,1220867,9900006813790,Greg Marty,214,350,488,established,baseline
2026-07-15,1117878,9900005558289,Greg Sopkin,458,350,887,established,baseline
2026-07-15,1351724,9900008415954,Greg Wischmann,408,416,223,established,baseline
2026-07-15,1209173,9900006693743,Gunter Jones,349,350,326,established,baseline
2026-07-15,1278199,9900007411339,Guy Burrell,249,270,120,preliminary,baseline
2026-07-15,1394703,9900008835424,Guy Casavan,458,450,10,preliminary,baseline
2026-07-15,1396499,9900008852841,Guy Clegg,300,300,0,preliminary,baseline
2026-07-15,1383115,9900008724292,Gwen McClure,308,300,30,preliminary,baseline
2026-07-15,720901,0264612,Hal Quist,539,535,1206,established,baseline
2026-07-15,800984,0084880,Hank Rivera,469,525,2291,established,baseline
2026-07-15,1246478,9900007084182,Harold Wilcox,415,525,489,established,baseline
2026-07-15,1394558,9900008834007,Hayley Evoy,280,280,0,preliminary,baseline
2026-07-15,1169215,9900006088471,Heather Booghier,199,250,60,preliminary,baseline
2026-07-15,1333868,9900008084617,Heather Donald,296,400,170,preliminary,baseline
2026-07-15,972438,9900000144463,Heather Hoyer,413,400,1752,established,baseline
2026-07-15,1191847,9900006517186,Heather Luedde,188,250,168,preliminary,baseline
2026-07-15,1331281,9900008058656,Heather Miller,411,375,187,preliminary,baseline
2026-07-15,995090,9900004165518,Heather Nanstiel,391,380,1000,established,baseline
2026-07-15,1270887,9900007331859,Henry Batiste,217,250,62,preliminary,baseline
2026-07-15,657173,0301293,Henry Geneman,574,525,949,established,baseline
2026-07-15,753803,0275706,Henry Guerrero,382,458,754,established,baseline
2026-07-15,1110663,9900005485370,Holly Gilbert,423,400,290,established,baseline
2026-07-15,1221452,9900006819891,Holly Trumball,281,300,105,preliminary,baseline
2026-07-15,1147089,9900005859324,Howard Popejoy,369,375,871,established,baseline
2026-07-15,1232450,9900006938899,Hudson Irons,360,320,262,established,baseline
2026-07-15,1271605,9900007339893,Ian Dalrymple,301,450,271,established,baseline
2026-07-15,1340610,9900008151692,Ian Mask,367,370,56,preliminary,baseline
2026-07-15,1371256,9900008608097,Ian Sulkko,228,250,78,preliminary,baseline
2026-07-15,1245229,9900007072691,Ira Logan,186,300,357,established,baseline
2026-07-15,1237950,9900007000199,iram nevares,491,0,401,established,baseline
2026-07-15,1382689,9900008719854,Isaac Harris,323,325,35,preliminary,baseline
2026-07-15,1343055,9900008175834,Isabelle Quintana,474,470,168,preliminary,baseline
2026-07-15,1035041,9900004602952,Isaiah Colmenero,356,325,153,preliminary,baseline
2026-07-15,1051315,9900004789561,Isreal Anderson,492,500,80,preliminary,baseline
2026-07-15,752757,0005459,Ivan Lee,484,525,1167,established,baseline
2026-07-15,1275209,9900007377055,Ivan Lopez,342,375,95,preliminary,baseline
2026-07-15,1290572,9900007541111,Jace Deeter,365,350,182,preliminary,baseline
2026-07-15,1372214,9900008617587,Jace Loban,230,250,15,preliminary,baseline
2026-07-15,1352167,9900008420347,Jack Lewis,281,300,40,preliminary,baseline
2026-07-15,1127998,9900005662283,Jack Lzyzewicz,294,250,60,preliminary,baseline
2026-07-15,1304460,9900007787458,Jack Vibbert,249,265,45,preliminary,baseline
2026-07-15,1383114,9900008724285,Jackson Brody,332,300,48,preliminary,baseline
2026-07-15,1212099,9900006722535,Jacob Farwell,398,380,459,established,baseline
2026-07-15,1364847,9900008544890,Jacob Goetsch Buddha,220,300,99,preliminary,baseline
2026-07-15,1186011,9900006458007,Jacob McCown,346,300,699,established,baseline
2026-07-15,1342831,9900008173472,Jacob Poland,474,0,30,preliminary,baseline
2026-07-15,1275299,9900007377994,Jacquin Rivera,351,350,184,preliminary,baseline
2026-07-15,1358321,9900008480839,Jaime Macias,393,425,97,preliminary,baseline
2026-07-15,1335232,9900008098027,Jairo Trejo,358,400,182,preliminary,baseline
2026-07-15,1396391,9900008851790,Jake Farchione,315,315,5,preliminary,baseline
2026-07-15,1397448,9900008862192,Jake Fiss,300,300,0,preliminary,baseline
2026-07-15,1101774,9900005394122,Jake Moscati,410,350,597,established,baseline
2026-07-15,1220862,9900006813752,Jake Patrinas,423,440,49,preliminary,baseline
2026-07-15,1040174,9900004660266,Jake Rachman,566,525,1824,established,baseline
2026-07-15,1301508,9900007755181,Jakob Martinez,204,250,101,preliminary,baseline
2026-07-15,1099138,9900005367805,James Berkley,420,370,985,established,baseline
2026-07-15,657871,0142656,James Davis,531,552,524,established,baseline
2026-07-15,1389662,9900008787648,James Doanes,339,350,5,preliminary,baseline
2026-07-15,1029965,9900004535182,James GIbson,535,0,139,preliminary,baseline
2026-07-15,1187850,9900006477312,James Kane,335,350,391,established,baseline
2026-07-15,832540,0327615,James Killam,532,525,272,established,baseline
2026-07-15,1180994,9900006308975,James Lusk,424,398,332,established,baseline
2026-07-15,1073633,9900005096934,James Maestas,499,0,129,preliminary,baseline
2026-07-15,1383296,9900008726036,James Martinez,522,525,5,preliminary,baseline
2026-07-15,1100550,9900005381658,James Robb,513,540,230,established,baseline
2026-07-15,995097,9900004165570,James Sprecher,355,365,772,established,baseline
2026-07-15,1280157,9900007427668,James Streck,496,500,10,preliminary,baseline
2026-07-15,1002563,9900004218603,James Waddy,386,400,1288,established,baseline
2026-07-15,1208411,9900006690445,Jamie Fox,513,525,10,preliminary,baseline
2026-07-15,1010553,9900004307765,Jamie Williams,372,300,84,preliminary,baseline
2026-07-15,1228928,9900006898094,Janelle Welch,267,300,407,established,baseline
2026-07-15,1035042,9900004602969,Jared Ginsberg,389,325,90,preliminary,baseline
2026-07-15,1014353,9900004350099,Jared Lackey,507,500,792,established,baseline
2026-07-15,1186008,9900006457970,Jared Norris,278,300,779,established,baseline
2026-07-15,1161389,9900006004143,Jared Smith,297,275,603,established,baseline
2026-07-15,1090689,9900005280494,Jared Vassquez,520,525,68,preliminary,baseline
2026-07-15,1358315,9900008480778,Jaren Deeter,329,400,88,preliminary,baseline
2026-07-15,1298041,9900007719015,Jarrad Ross,478,450,373,established,baseline
2026-07-15,1146007,9900005848489,Jarred Burton,286,300,15,preliminary,baseline
2026-07-15,1332954,9900008075585,Jarret Peter,488,515,55,preliminary,baseline
2026-07-15,1365007,9900008546474,Jarrett Metzger,356,375,46,preliminary,baseline
2026-07-15,1386854,9900008760702,Jarrod Massey,309,0,5,preliminary,baseline
2026-07-15,1014352,9900004350037,Jarrod Thompson,470,525,69,preliminary,baseline
2026-07-15,1392985,9900008817864,Jasmin Garcia,279,280,3,preliminary,baseline
2026-07-15,18597,0129990,Jasmine Mohr,452,439,112,preliminary,baseline
2026-07-15,1383276,9900008725855,Jason Andrews,355,375,30,preliminary,baseline
2026-07-15,1332865,9900008074502,Jason Brueggeman,425,425,0,preliminary,baseline
2026-07-15,1199597,9900006601755,Jason Carter,333,400,123,preliminary,baseline
2026-07-15,1215347,9900006755083,Jason Danielsen,391,370,365,established,baseline
2026-07-15,1356215,9900008460176,Jason Duran,300,300,4,preliminary,baseline
2026-07-15,1373790,9900008632863,Jason Duval,467,475,19,preliminary,baseline
2026-07-15,1268411,9900007306116,Jason Gerlach,267,300,330,established,baseline
2026-07-15,1377562,9900008670209,Jason Gonzalez,408,425,18,preliminary,baseline
2026-07-15,1156039,9900005950908,Jason Gorsh,497,525,90,preliminary,baseline
2026-07-15,1050172,9900004775632,Jason Hitt,390,425,50,preliminary,baseline
2026-07-15,1073636,9900005096644,Jason Maw,468,475,132,preliminary,baseline
2026-07-15,1203509,9900006636764,Jason Morishige,470,250,567,established,baseline
2026-07-15,626350,0281708,Jason Nix,546,534,2282,established,baseline
2026-07-15,17196,0051312,Jason Reed,572,557,100,preliminary,baseline
2026-07-15,1188411,9900006483610,Jason Sellers,559,570,221,established,baseline
2026-07-15,1179333,9900006291918,Jason Williams,348,320,496,established,baseline
2026-07-15,1301911,9900007760918,Jason Yetter,436,425,214,established,baseline
2026-07-15,1073639,9900005096309,Jay P Hyde Jr,429,0,48,preliminary,baseline
2026-07-15,1239623,9900007018064,Jay Mancuso,404,400,5,preliminary,baseline
2026-07-15,1383448,9900008727514,Jay Roman,274,325,35,preliminary,baseline
2026-07-15,1383624,9900008729211,Jaylen Dillow,261,300,35,preliminary,baseline
2026-07-15,1365005,9900008546450,Jaylene Olin,411,425,25,preliminary,baseline
2026-07-15,1343789,9900008183143,Jaylyn Daugherty,267,280,65,preliminary,baseline
2026-07-15,1154137,9900005932782,Jayne Brennan,412,425,66,preliminary,baseline
2026-07-15,1373655,9900008631583,Jeff Allen,443,440,5,preliminary,baseline
2026-07-15,1057215,9900004847049,Jeff Anderson,335,300,38,preliminary,baseline
2026-07-15,1337782,9900008131007,Jeff Baurick,410,450,45,preliminary,baseline
2026-07-15,1312602,9900007870303,Jeff Boss,518,530,120,preliminary,baseline
2026-07-15,1078169,9900005146288,Jeff Boyle,497,500,384,established,baseline
2026-07-15,774628,0316826,Jeff Candelaria,510,525,5,preliminary,baseline
2026-07-15,1181946,9900006323800,Jeff Emberton,205,525,488,established,baseline
2026-07-15,1274281,9900007370322,Jeff Fogg,459,465,363,established,baseline
2026-07-15,1307846,9900007821862,Jeff Garcia,459,470,90,preliminary,baseline
2026-07-15,714445,0271873,Jeff Harrington,463,525,506,established,baseline
2026-07-15,1173792,9900006134949,Jeff Heintz,357,375,24,preliminary,baseline
2026-07-15,837755,0301436,Jeff Leon,486,505,1706,established,baseline
2026-07-15,1095386,9900005329155,jeff luna,481,525,280,established,baseline
2026-07-15,11785,0051152,Jeff McKeon,621,614,1631,established,baseline
2026-07-15,1135315,9900005739305,Jeff Meyer,353,325,116,preliminary,baseline
2026-07-15,764886,0308310,Jeff Morton,514,552,272,established,baseline
2026-07-15,1144451,9900005832501,Jeff Rodriguez,467,300,556,established,baseline
2026-07-15,1035505,9900004607858,Jenel Perrett,333,400,180,preliminary,baseline
2026-07-15,926120,0337507,Jenna Kirles,375,425,32,preliminary,baseline
2026-07-15,1242863,9900007050125,Jennie Dewelles,400,360,261,established,baseline
2026-07-15,1381580,9900008708926,Jennifer Cochran,230,250,127,preliminary,baseline
2026-07-15,1292804,9900007564820,Jennifer Hirtle,250,300,323,established,baseline
2026-07-15,1394127,9900008829676,Jennifer  kerklin,305,300,5,preliminary,baseline
2026-07-15,1045534,9900004729222,Jennifer O'Hare,208,250,887,established,baseline
2026-07-15,1093536,9900005310115,Jeremiah Leslie,416,440,511,established,baseline
2026-07-15,1337783,9900008129943,Jeremiah Molfese,370,450,65,preliminary,baseline
2026-07-15,1365542,9900008551720,Jeremiah Noblitt,363,350,8,preliminary,baseline
2026-07-15,1256479,9900007184790,Jeremiah Paul,363,350,9,preliminary,baseline
2026-07-15,1320419,9900007949580,Jeremie Carter,177,350,185,preliminary,baseline
2026-07-15,1224588,9900006853796,Jeremy Church,458,550,436,established,baseline
2026-07-15,1005219,9900004250580,Jeremy Dupont,394,380,850,established,baseline
2026-07-15,852480,0171925,Jeremy Justice,531,525,522,established,baseline
2026-07-15,746076,0316397,Jeremy Schlagel,531,525,680,established,baseline
2026-07-15,1245574,9900007075906,Jeremy WInship,375,425,324,established,baseline
2026-07-15,1241898,9900007039649,Jerry Fishburn,328,325,425,established,baseline
2026-07-15,747063,0171917,Jerry Hutchings,509,525,20,preliminary,baseline
2026-07-15,1197000,9900006572079,Jerry Lopez,318,300,558,established,baseline
2026-07-15,990427,9900004099530,Jerry Pineau,403,400,1831,established,baseline
2026-07-15,787727,9900002940094,Jess Harmon,434,425,1446,established,baseline
2026-07-15,1383278,9900008725862,Jesse Aguilar,344,350,20,preliminary,baseline
2026-07-15,1127988,9900005662191,Jesse Cooper,253,250,80,preliminary,baseline
2026-07-15,1141528,9900005803235,jesse hutchins,498,525,94,preliminary,baseline
2026-07-15,1169210,9900006087719,Jesse Kelley,319,330,198,preliminary,baseline
2026-07-15,1558,0378834,Jesse Parkman,413,439,36,preliminary,baseline
2026-07-15,1056024,9900004835145,Jessie Shepard,523,500,703,established,baseline
2026-07-15,1060957,9900004897662,Jill Schonteich,426,425,55,preliminary,baseline
2026-07-15,1133206,9900005717495,Jim Bish,303,450,580,established,baseline
2026-07-15,1009677,9900004299152,Jim Bisson,397,525,668,established,baseline
2026-07-15,990420,9900004099462,Jim Bradley,490,400,2304,established,baseline
2026-07-15,1095387,9900005329162,jim bushnell,316,525,510,established,baseline
2026-07-15,1131348,9900005696509,Jim Clements,471,525,65,preliminary,baseline
2026-07-15,1159760,9900005987447,Jim Disher,430,460,763,established,baseline
2026-07-15,1237965,9900007003114,Jim Dunst,392,400,520,established,baseline
2026-07-15,1011913,9900004323918,Jim Hanstine,516,425,579,established,baseline
2026-07-15,831827,0296097,Jim Martinez,568,540,297,established,baseline
2026-07-15,1312601,9900007870297,Jim Quirk,421,450,55,preliminary,baseline
2026-07-15,790554,0320817,Jim Reichers,473,525,103,preliminary,baseline
2026-07-15,1354581,9900008444053,Jim Sukanen,318,320,15,preliminary,baseline
2026-07-15,17225,0307397,Jimmy Gardner,576,580,1270,established,baseline
2026-07-15,1383436,9900008727392,Jimmy Hendricks,353,350,25,preliminary,baseline
2026-07-15,1086333,9900005235548,Jimmy Kennedy,305,300,60,preliminary,baseline
2026-07-15,730097,0251617,Jimmy Vincze,454,525,91,preliminary,baseline
2026-07-15,1149197,9900005880342,JJ Johnson,376,0,324,established,baseline
2026-07-15,877559,0224638,JJ Olson,480,522,327,established,baseline
2026-07-15,1338713,9900008132899,JoAnn Lopez,276,325,155,preliminary,baseline
2026-07-15,1249541,9900007112595,Joe Contreras,385,375,74,preliminary,baseline
2026-07-15,1003405,9900004231145,Joe Dankowski,519,525,600,established,baseline
2026-07-15,968003,0100185,Joe Duhachek,590,525,396,established,baseline
2026-07-15,1061697,9900004904889,Joe Jeffers,359,450,554,established,baseline
2026-07-15,1171353,9900006111094,Joe Kroog,454,465,281,established,baseline
2026-07-15,1073651,9900005096248,Joe Moore,525,0,186,preliminary,baseline
2026-07-15,1342751,9900008172925,Joe Plastino,425,425,126,preliminary,baseline
2026-07-15,13536,0031947,Joe Smith,401,366,199,preliminary,baseline
2026-07-15,735683,0321664,Joel Armstrong,565,493,2402,established,baseline
2026-07-15,1227976,9900006888804,Joey Valdez,434,375,229,established,baseline
2026-07-15,1030023,9900004536172,John Attanasio,402,350,115,preliminary,baseline
2026-07-15,1302813,9900007770245,John Bennett,423,425,6,preliminary,baseline
2026-07-15,1356249,9900008460510,John Boye,520,525,50,preliminary,baseline
2026-07-15,1202478,9900006626802,John Cottingin,270,300,221,established,baseline
2026-07-15,703046,0181794,John Dietrich,455,494,653,established,baseline
2026-07-15,1082242,9900005188448,John Fresquez,478,485,68,preliminary,baseline
2026-07-15,627095,0268579,John Gehring,498,543,319,established,baseline
2026-07-15,1273373,9900007358580,John Grant,199,475,235,established,baseline
2026-07-15,1052833,9900004803335,John Kuhl,237,275,102,preliminary,baseline
2026-07-15,697451,0248312,John Mejias,528,525,580,established,baseline
2026-07-15,1005234,9900004250719,John Miller,373,375,1282,established,baseline
2026-07-15,804741,0246733,John North,532,525,1497,established,baseline
2026-07-15,1343049,9900008175803,John Pennywell,430,450,50,preliminary,baseline
2026-07-15,1334627,9900008091691,John Rickert,418,450,40,preliminary,baseline
2026-07-15,1105795,9900005435269,John Shegrud,408,425,785,established,baseline
2026-07-15,1009002,9900004292306,John Skinner,360,475,197,preliminary,baseline
2026-07-15,10936,0031868,John Smith,508,617,840,established,baseline
2026-07-15,935967,9900001716515,John Tesar Jr,609,610,2165,established,baseline
2026-07-15,999165,9900003902473,John Tesar Sr,542,550,737,established,baseline
2026-07-15,844387,0222090,John Vaughan,409,443,593,established,baseline
2026-07-15,1022912,9900004452687,John Welsh,546,400,820,established,baseline
2026-07-15,1280313,9900007429037,John Wilson,242,0,5,preliminary,baseline
2026-07-15,1359454,9900008492009,Johnny Wilkers,343,350,44,preliminary,baseline
2026-07-15,1212100,9900006722542,Jon BoddySpargo,427,395,450,established,baseline
2026-07-15,996676,9900004176897,Jon Grijalva,430,450,105,preliminary,baseline
2026-07-15,1222058,9900006829142,Jon Knight,252,300,142,preliminary,baseline
2026-07-15,1364760,9900008544050,Jon Morales,440,475,78,preliminary,baseline
2026-07-15,1120550,9900005586121,jon peterson,447,525,864,established,baseline
2026-07-15,1160182,9900005993097,Jon Venuto,503,500,394,established,baseline
2026-07-15,972435,0038919,Jonas Martinez,638,575,1459,established,baseline
2026-07-15,1141249,9900005800371,Jonathan King,448,450,70,preliminary,baseline
2026-07-15,1204216,9900006643885,Jonathan Luedde,354,365,114,preliminary,baseline
2026-07-15,1334512,9900008090472,Jonathan Pressley,402,400,161,preliminary,baseline
2026-07-15,1191846,9900006517179,Jordan Hodapp,336,330,174,preliminary,baseline
2026-07-15,1126303,9900005644654,Jordan Lisson,388,350,383,established,baseline
2026-07-15,1151732,9900005907070,Jordan Miles,324,335,500,established,baseline
2026-07-15,1003483,9900004230544,Jordan Roberts,638,0,631,established,baseline
2026-07-15,1169227,9900006087856,Jorge Angelini,415,425,48,preliminary,baseline
2026-07-15,1220859,9900006813738,Jose Alvarenga,594,550,795,established,baseline
2026-07-15,1361239,9900008509295,Joseph Gant Joe,377,325,85,preliminary,baseline
2026-07-15,1155944,9900005950021,Joseph Lee,443,430,435,established,baseline
2026-07-15,1247577,9900007092873,Joseph Lopez,362,350,237,established,baseline
2026-07-15,1114569,9900005524840,josh bernier,380,450,305,established,baseline
2026-07-15,1099805,9900005374063,Josh Brown,410,425,60,preliminary,baseline
2026-07-15,1342040,9900008166047,Josh Chavez,318,375,232,established,baseline
2026-07-15,1269944,9900007322307,Josh Chukwuma,321,320,316,established,baseline
2026-07-15,1245223,9900007072639,Josh Donahue,454,425,840,established,baseline
2026-07-15,1269469,9900007318966,Josh Ivy,268,270,101,preliminary,baseline
2026-07-15,1131349,9900005696516,Josh Kniss,398,525,75,preliminary,baseline
2026-07-15,1014347,9900004349994,Josh Kolb,461,525,81,preliminary,baseline
2026-07-15,1053868,9900004815352,Josh Kravette,345,335,511,established,baseline
2026-07-15,995112,9900004165723,Josh Miller,570,500,1056,established,baseline
2026-07-15,1017055,9900004380737,Josh Morris,522,525,13,preliminary,baseline
2026-07-15,777594,9900003035119,Josh Sanchez,521,512,499,established,baseline
2026-07-15,1341427,9900008159582,Josh Triplett,332,400,125,preliminary,baseline
2026-07-15,1140270,9900005790580,Joshua Taylor,446,400,138,preliminary,baseline
2026-07-15,1344315,9900008187790,Josiah Dick,330,325,87,preliminary,baseline
2026-07-15,1035045,9900004602983,Josiah Ginsberg,308,300,33,preliminary,baseline
2026-07-15,1358319,9900008480815,Josiah Mendoza,400,400,36,preliminary,baseline
2026-07-15,1307227,9900007813720,JP Carnes,488,0,93,preliminary,baseline
2026-07-15,667951,9900000517359,John JR Reidell,538,530,3042,established,baseline
2026-07-15,1384710,9900008739517,JT Kauffman,348,350,32,preliminary,baseline
2026-07-15,1373644,9900008631477,Juan Guevara,418,425,5,preliminary,baseline
2026-07-15,1139740,9900005785555,Juan Leal,232,250,263,established,baseline
2026-07-15,880830,0301266,Juan Medina,415,525,628,established,baseline
2026-07-15,1227981,9900006888835,Juan Munoz,311,375,260,established,baseline
2026-07-15,1371555,9900008611028,Juan Palomares,500,500,12,preliminary,baseline
2026-07-15,1383297,9900008726043,Judy Martinez,420,425,5,preliminary,baseline
2026-07-15,1358348,9900008481102,Jugnu Ahluwalia,333,340,90,preliminary,baseline
2026-07-15,1305757,9900007801451,Juliana Garcia,83,250,173,preliminary,baseline
2026-07-15,1176452,9900006163017,Julie Vigorita,320,325,15,preliminary,baseline
2026-07-15,1093537,9900005310122,Justin Carbone,308,425,499,established,baseline
2026-07-15,1240615,9900007027776,Justin Clark,375,365,716,established,baseline
2026-07-15,1396392,9900008851806,Justin Hogan,315,315,5,preliminary,baseline
2026-07-15,1015014,9900004357753,Justin Hucecky,409,400,29,preliminary,baseline
2026-07-15,1209172,9900006693736,Justin Koppstein,324,305,502,established,baseline
2026-07-15,1332990,9900008075707,Justin Krone,279,285,138,preliminary,baseline
2026-07-15,1133681,9900005722420,Justin Lawson,520,0,50,preliminary,baseline
2026-07-15,1365010,9900008546504,Justin Metzger,291,375,108,preliminary,baseline
2026-07-15,1358326,9900008480884,Justin Whitfield,366,425,68,preliminary,baseline
2026-07-15,1191044,9900006508979,Kait Wecker,125,275,522,established,baseline
2026-07-15,1215802,9900006759418,Kaitlyn Coyle,300,300,0,preliminary,baseline
2026-07-15,1220857,9900006813721,Karen Kohler,217,250,148,preliminary,baseline
2026-07-15,817578,0285023,Karen Rivera,316,300,703,established,baseline
2026-07-15,1014194,9900004348164,Kari Kenny,398,400,87,preliminary,baseline
2026-07-15,749479,0007761,Karl Moody,521,550,600,established,baseline
2026-07-15,1127989,9900005662207,Karl Sanzhez,256,250,80,preliminary,baseline
2026-07-15,882142,0315460,Kascie Moore,417,425,47,preliminary,baseline
2026-07-15,1383444,9900008727477,Kate Cheaves,268,300,20,preliminary,baseline
2026-07-15,1196458,9900006569178,Kate Phipps,339,350,5,preliminary,baseline
2026-07-15,1381581,9900008708933,Kathy Booker,145,250,93,preliminary,baseline
2026-07-15,1195739,9900006558417,Kathy Popejoy,312,300,156,preliminary,baseline
2026-07-15,1335311,9900008098645,Katie Heldt,230,275,40,preliminary,baseline
2026-07-15,1127987,9900005662184,Katrice Sutton,239,250,35,preliminary,baseline
2026-07-15,1394578,9900008834182,Kaylin Van Wanseele,291,300,12,preliminary,baseline
2026-07-15,1265406,9900007275900,Keen Garbiso,431,450,55,preliminary,baseline
2026-07-15,1369052,9900008586197,Keith Barnes,402,400,120,preliminary,baseline
2026-07-15,1311063,9900007854730,Keith Dempsey,351,450,110,preliminary,baseline
2026-07-15,1396627,9900008854098,Keith Gustin,291,300,14,preliminary,baseline
2026-07-15,1372104,9900008616429,Keith Naegel,551,575,101,preliminary,baseline
2026-07-15,1231072,9900006898971,Keith Rice,543,550,406,established,baseline
2026-07-15,1385327,9900008745082,Kelley wunderlich,293,325,42,preliminary,baseline
2026-07-15,661289,0110508,Kelly Kaercher,497,525,81,preliminary,baseline
2026-07-15,1029777,9900004533225,Ken Blackford,430,525,559,established,baseline
2026-07-15,1072783,9900005088007,Ken Canty,305,310,695,established,baseline
2026-07-15,12748,0035879,Ken Davismoore,575,548,528,established,baseline
2026-07-15,987174,9900004048064,Ken Sieh,515,548,629,established,baseline
2026-07-15,1219168,9900006795690,Ken White,456,475,661,established,baseline
2026-07-15,1394734,9900008835714,Kenny  Golden,418,425,20,preliminary,baseline
2026-07-15,1289692,9900007532409,Kent McConnell,341,450,176,preliminary,baseline
2026-07-15,1214563,9900006745947,Kent Montel,528,474,745,established,baseline
2026-07-15,658515,0035998,Kent Pugsley,558,565,36,preliminary,baseline
2026-07-15,1338602,9900008131786,KEVIN ANGELETTI,441,444,16,preliminary,baseline
2026-07-15,1282027,9900007448656,Kevin Caruana,333,335,115,preliminary,baseline
2026-07-15,1385337,9900008745129,Kevin Hopson,282,300,35,preliminary,baseline
2026-07-15,1396387,9900008851752,Kevin Judy,300,300,0,preliminary,baseline
2026-07-15,771553,0122139,Kevin Knight,562,525,3328,established,baseline
2026-07-15,1022923,9900004452205,Kevin Laurich,408,400,42,preliminary,baseline
2026-07-15,1374485,9900008639466,Kevin Marshall,302,0,41,preliminary,baseline
2026-07-15,1008289,9900004285018,Kevin McGeorge,324,320,60,preliminary,baseline
2026-07-15,1336359,9900008109358,Kevin Murphy,248,300,156,preliminary,baseline
2026-07-15,1395719,9900008845126,Kevin Vogel,345,350,5,preliminary,baseline
2026-07-15,1336301,9900008109297,Kiko Abeyta,458,500,95,preliminary,baseline
2026-07-15,1239724,9900007018682,Kim Agan,381,275,455,established,baseline
2026-07-15,861322,0124963,Kim Dirkes,362,421,129,preliminary,baseline
2026-07-15,1332880,9900008075004,Kim Harris,331,330,85,preliminary,baseline
2026-07-15,652732,0031918,Kim Oliver,447,525,238,established,baseline
2026-07-15,1245220,9900007072615,KIp Miller,379,375,1104,established,baseline
2026-07-15,1136611,9900005752236,Kirk Barnett,498,0,84,preliminary,baseline
2026-07-15,1153476,9900005924619,KIrk Sprague,336,300,448,established,baseline
2026-07-15,1144710,9900005835090,kody emerson,372,525,354,established,baseline
2026-07-15,1272025,9900007344743,Koggie Chavez Jr,459,445,302,established,baseline
2026-07-15,1005221,9900004250597,Kris Shuter,429,415,687,established,baseline
2026-07-15,1035044,9900004603225,Kristie Ginsberg,248,250,6,preliminary,baseline
2026-07-15,15232,0031847,Kurt Enkler,586,535,398,established,baseline
2026-07-15,1249685,9900007114049,Kurt Fox,482,475,453,established,baseline
2026-07-15,1159895,9900005989052,Kurt Jenkins,489,525,269,established,baseline
2026-07-15,1319751,9900007943328,Kyle Aker,216,260,85,preliminary,baseline
2026-07-15,1296118,9900007598924,Kyle Burrough,430,425,149,preliminary,baseline
2026-07-15,1335222,9900008098867,Kyle Cantu,235,270,55,preliminary,baseline
2026-07-15,1338596,9900008131885,KYLE CURRAN,464,458,52,preliminary,baseline
2026-07-15,1300802,9900007747636,Kyle Dentlinger,271,285,50,preliminary,baseline
2026-07-15,1185864,9900006456638,Kyle Dunne,283,270,422,established,baseline
2026-07-15,1026355,9900004497992,Kyle Haas,482,525,160,preliminary,baseline
2026-07-15,1219954,9900006804262,Kyle Kernosek,267,250,277,established,baseline
2026-07-15,1199491,9900006596945,Kyle Kuegler,359,360,129,preliminary,baseline
2026-07-15,1216699,9900006768625,Kyle Mims,323,320,18,preliminary,baseline
2026-07-15,1318752,9900007932858,Kyle Yorgensen,394,425,108,preliminary,baseline
2026-07-15,1169208,9900006087696,Kyler Dale,242,250,24,preliminary,baseline
2026-07-15,1191853,9900006517223,Lachlan Leevers,360,375,12,preliminary,baseline
2026-07-15,1397453,9900008862246,Lalith Sambasivan,298,300,5,preliminary,baseline
2026-07-15,1059177,9900004870252,Lance Fitzgerald,477,480,20,preliminary,baseline
2026-07-15,1022919,9900004452168,Lance Schaffer,415,400,91,preliminary,baseline
2026-07-15,1396306,9900008850953,Lance Whittaker,412,425,5,preliminary,baseline
2026-07-15,823022,0258116,Larry David,522,525,1783,established,baseline
2026-07-15,1025051,9900004475983,Larry Geering,568,565,102,preliminary,baseline
2026-07-15,819965,0204994,Larry McConachie,459,525,133,preliminary,baseline
2026-07-15,1097318,9900005348736,Larry Russom,425,425,988,established,baseline
2026-07-15,1308049,9900007823941,Larry Tanner,524,400,250,established,baseline
2026-07-15,1105350,9900005430639,Lauren Franks,147,525,305,established,baseline
2026-07-15,1374724,9900008642152,Laurence LeBlanc,411,440,35,preliminary,baseline
2026-07-15,1342522,9900008170648,Lawrence Gallegos,404,425,174,preliminary,baseline
2026-07-15,1185357,9900006450988,Lee Fischel,576,0,598,established,baseline
2026-07-15,1127990,9900005662214,Lee Flansburg,357,345,837,established,baseline
2026-07-15,1065656,9900005019490,LEE GARCIA,493,500,324,established,baseline
2026-07-15,1248781,9900007106372,Leith Robertson,375,380,205,established,baseline
2026-07-15,1257995,9900007199169,Leka Poloa,458,400,393,established,baseline
2026-07-15,851064,0274102,Len Marques,385,453,926,established,baseline
2026-07-15,1189292,9900006491622,Lenny Reinhard,529,420,499,established,baseline
2026-07-15,997645,9900003342569,Lenny Steinman,468,502,140,preliminary,baseline
2026-07-15,993216,9900004140966,Leo Mondragon,527,425,2503,established,baseline
2026-07-15,972842,9900006091167,Leo Rodriguez,406,400,268,established,baseline
2026-07-15,710006,0312921,Leon Zemlicka,552,579,114,preliminary,baseline
2026-07-15,1053819,9900004813082,Leona Schaan,230,300,78,preliminary,baseline
2026-07-15,10809,0078473,Leonard Romero,584,525,878,established,baseline
2026-07-15,1104325,9900005420159,leonel esquivel,525,525,0,preliminary,baseline
2026-07-15,1197063,9900006572765,LeVar Battle,309,310,399,established,baseline
2026-07-15,1307952,9900007823194,Levi DeHerrera,320,325,83,preliminary,baseline
2026-07-15,1205529,9900006657097,Levi Emberton,510,525,5,preliminary,baseline
2026-07-15,996684,9900004176934,Levi Gough,427,0,135,preliminary,baseline
2026-07-15,1014346,9900004349987,Lew Borger,466,525,153,preliminary,baseline
2026-07-15,1381524,9900008708438,Libby Stuart,240,250,32,preliminary,baseline
2026-07-15,1337894,9900008123729,Linda Ortiz,176,0,9,preliminary,baseline
2026-07-15,1301625,9900007758489,Lindsey Karnuth,340,350,42,preliminary,baseline
2026-07-15,756166,0307436,Lisa Johnson,176,333,473,established,baseline
2026-07-15,972843,9900003860537,Lisa Kawamoto,413,0,575,established,baseline
2026-07-15,690213,0318867,Lisa Lee,320,425,331,established,baseline
2026-07-15,1341781,9900008163404,Lisa Shane,280,300,55,preliminary,baseline
2026-07-15,1366418,9900008560296,Logan Benoy,372,350,117,preliminary,baseline
2026-07-15,1239107,9900007013502,Logan Fowler,385,525,90,preliminary,baseline
2026-07-15,1194660,9900006545219,Logan Jones,453,525,283,established,baseline
2026-07-15,1009409,9900004295727,Lonnie Houston,221,250,59,preliminary,baseline
2026-07-15,1216014,9900006766003,Lorenzo Rodriguez,324,525,181,preliminary,baseline
2026-07-15,1114570,9900005524673,lorinda barnard,468,525,20,preliminary,baseline
2026-07-15,928999,0087893,Lorrie Lanham,471,450,1351,established,baseline
2026-07-15,1099069,9900005366723,Louie Montoya,202,0,20,preliminary,baseline
2026-07-15,1397452,9900008862239,Luca Tani,298,300,5,preliminary,baseline
2026-07-15,1191854,9900006517230,Lucas Walker,353,375,132,preliminary,baseline
2026-07-15,1332278,9900008069058,Luis Fabela,248,280,81,preliminary,baseline
2026-07-15,1004207,9900004239325,Luis Molina,433,0,33,preliminary,baseline
2026-07-15,1322535,9900007969304,Luis Myers,500,0,24,preliminary,baseline
2026-07-15,1395101,9900008839293,Luke Batty,395,400,5,preliminary,baseline
2026-07-15,1270879,9900007331798,Luke Swaney,269,270,61,preliminary,baseline
2026-07-15,1078168,9900005146271,Lynette Strauser,389,450,317,established,baseline
2026-07-15,1347234,9900008220299,Maddy Unger,259,265,35,preliminary,baseline
2026-07-15,1383432,9900008727354,Maggie McManus,250,300,40,preliminary,baseline
2026-07-15,1360869,9900008505617,Mahmoud Alshaer,369,375,25,preliminary,baseline
2026-07-15,1379021,9900008754824,Manda Langmeier,152,0,26,preliminary,baseline
2026-07-15,1358325,9900008480877,Manny Dominguez,257,275,12,preliminary,baseline
2026-07-15,1393183,9900008819844,Manny Vasquez,407,425,16,preliminary,baseline
2026-07-15,1245579,9900007075951,Manuel Guzman,447,450,276,established,baseline
2026-07-15,1305517,9900007798010,Marc Reynolds,400,400,5,preliminary,baseline
2026-07-15,1056814,9900004843119,Marc Trujillo,526,300,246,established,baseline
2026-07-15,1308048,9900007823934,Marcie Robidart,307,300,200,established,baseline
2026-07-15,1153845,9900005927962,Marco Rodriguez,455,435,960,established,baseline
2026-07-15,1341585,9900008160182,Marcos Arellno,389,0,117,preliminary,baseline
2026-07-15,1036498,9900004618137,Marcus Guerra,446,450,202,established,baseline
2026-07-15,1117376,9900005553130,Margaret Kersbergen,362,400,367,established,baseline
2026-07-15,1213616,9900006738604,Maria Parker,251,375,315,established,baseline
2026-07-15,876881,0328929,Mario Arellano,501,525,85,preliminary,baseline
2026-07-15,1105900,9900005436327,mario incitti,464,525,747,established,baseline
2026-07-15,1396625,9900008854074,Mario Mirville,250,250,13,preliminary,baseline
2026-07-15,1209169,9900006693705,Mark Carringi,336,320,418,established,baseline
2026-07-15,1311786,9900007862070,Mark Gonczar,365,376,184,preliminary,baseline
2026-07-15,627018,0259233,Mark Hargrove,502,494,1547,established,baseline
2026-07-15,1013887,9900004344678,Mark Larivee,502,500,153,preliminary,baseline
2026-07-15,1016669,9900004375863,Mark Lawson,607,525,9515,established,baseline
2026-07-15,1245590,9900007076057,Mark LeRoy,391,400,296,established,baseline
2026-07-15,1008290,9900004285025,Mark Serviss,465,470,917,established,baseline
2026-07-15,18937,0031880,Mark Trimble,622,664,521,established,baseline
2026-07-15,1369178,9900008587408,Mark Turner,396,409,121,preliminary,baseline
2026-07-15,1240320,9900007024539,Markus Biren,411,410,300,established,baseline
2026-07-15,1197998,9900006581880,Marsha Kersting,308,300,620,established,baseline
2026-07-15,1093535,9900005310108,Marshall Mathews,381,460,610,established,baseline
2026-07-15,1190698,9900006505527,Martinez Ashby,464,400,748,established,baseline
2026-07-15,1340660,9900008152064,Mason Shorey,245,325,192,preliminary,baseline
2026-07-15,1367500,9900008570943,Matt Closs,347,375,90,preliminary,baseline
2026-07-15,1183654,9900006434025,Matt Conger,437,0,42,preliminary,baseline
2026-07-15,717963,0114186,Matt Garcia,546,525,1629,established,baseline
2026-07-15,1050173,9900004775649,Matt Henderson,376,500,360,established,baseline
2026-07-15,1132931,9900005714814,Matt Hess,239,300,861,established,baseline
2026-07-15,1171080,9900006106496,Matt Hooper,463,300,644,established,baseline
2026-07-15,702452,0015684,Matt Keller,468,400,374,established,baseline
2026-07-15,1020066,9900004421898,Matt Lumpkin,382,375,515,established,baseline
2026-07-15,1231120,9900006899275,Matt Murray,364,365,85,preliminary,baseline
2026-07-15,1357247,9900008470373,Matt Nunn,282,290,10,preliminary,baseline
2026-07-15,1259057,9900007211014,Matthew Pickett,368,400,120,preliminary,baseline
2026-07-15,826844,0193847,Matt Turner,393,385,265,established,baseline
2026-07-15,1172339,9900006120416,Matt Undercoffler,441,350,711,established,baseline
2026-07-15,1368534,9900008581093,Matteo Chavez,338,350,62,preliminary,baseline
2026-07-15,1127992,9900005662597,Matthew Brewer,333,250,127,preliminary,baseline
2026-07-15,1041488,9900004680486,Matthew Hammer,397,397,304,established,baseline
2026-07-15,1334514,9900008090496,Matthew Kellogg,353,400,119,preliminary,baseline
2026-07-15,1393172,9900008819738,Matthew Schiel,430,415,30,preliminary,baseline
2026-07-15,996669,9900003552005,Maureen Patterson,442,410,1322,established,baseline
2026-07-15,1209170,9900006693712,Max Collins,334,340,202,established,baseline
2026-07-15,1383659,9900008729563,Max Greenstein,418,425,10,preliminary,baseline
2026-07-15,1262127,9900007243060,Max Hall,391,500,289,established,baseline
2026-07-15,1151731,9900005907063,Max Johnson,336,335,25,preliminary,baseline
2026-07-15,1377475,9900008669333,Max Mayfield,378,425,60,preliminary,baseline
2026-07-15,1276637,9900007395387,Max Pflaumer,345,340,354,established,baseline
2026-07-15,1170166,9900006102641,Max Roschke,318,285,636,established,baseline
2026-07-15,1263345,9900007254912,Max Saia,425,425,0,preliminary,baseline
2026-07-15,1371557,9900008611042,McLeod Brown,297,300,10,preliminary,baseline
2026-07-15,1279817,9900007424711,Megan Garbiso,421,425,5,preliminary,baseline
2026-07-15,1332277,9900008069041,Megan Ward,244,270,116,preliminary,baseline
2026-07-15,1002568,9900004218658,Mel Castillo,309,295,978,established,baseline
2026-07-15,1266185,9900007284339,Mel Sias,463,525,60,preliminary,baseline
2026-07-15,1111483,9900005493610,Mel Wright,419,525,230,established,baseline
2026-07-15,1287445,9900007507834,Melissa Jolly,300,325,570,established,baseline
2026-07-15,926023,0338003,Melissa Miranda,403,425,35,preliminary,baseline
2026-07-15,903122,0262682,Melissa Oldenettel,195,425,586,established,baseline
2026-07-15,1099833,9900005374223,Melissa Romero,-90,0,0,preliminary,baseline
2026-07-15,1169211,9900006087726,Melvin Eyestone,397,400,555,established,baseline
2026-07-15,1304514,9900007788752,Memo Estrada,239,270,65,preliminary,baseline
2026-07-15,1383111,9900008724254,Mia Crowley,256,250,12,preliminary,baseline
2026-07-15,1306792,9900007811672,Michael Baker,261,270,219,established,baseline
2026-07-15,1251980,9900007138069,Michael Crowder,370,525,130,preliminary,baseline
2026-07-15,1335644,9900008107422,Michael Green,276,350,190,preliminary,baseline
2026-07-15,1190536,9900006504032,Michael Hahn,468,465,568,established,baseline
2026-07-15,1341442,9900008159681,Michael Hendrickson,392,390,135,preliminary,baseline
2026-07-15,1372341,9900008618829,Michael Lessard,278,320,99,preliminary,baseline
2026-07-15,996686,9900004176941,Michael Light,463,0,350,established,baseline
2026-07-15,1274921,9900007374603,Michael Nagy,273,275,106,preliminary,baseline
2026-07-15,1117385,9900005553222,Michael Ordish,398,400,100,preliminary,baseline
2026-07-15,1372185,9900008617303,Michael Ramirez,-90,0,5,preliminary,baseline
2026-07-15,1329786,9900008048145,Michael Sanchez,288,330,410,established,baseline
2026-07-15,1381518,9900008708377,Michael Weickum,393,425,64,preliminary,baseline
2026-07-15,1012279,9900004326957,Michael Wilhelm,428,525,93,preliminary,baseline
2026-07-15,1383112,9900008724261,Michael Zier,302,300,60,preliminary,baseline
2026-07-15,1187981,9900006479163,Micheal Garmon,384,300,408,established,baseline
2026-07-15,1245575,9900007075913,Michelle Dawson,389,425,836,established,baseline
2026-07-15,1235828,9900006982137,Michelle Diehl,406,425,20,preliminary,baseline
2026-07-15,657986,0120843,Michelle Johnson,294,401,239,established,baseline
2026-07-15,1379024,9900008683988,Michelle Thorns,236,250,12,preliminary,baseline
2026-07-15,1337679,9900008123279,Michelle Wilfong,224,250,81,preliminary,baseline
2026-07-15,1240303,9900007024393,Mick Welch,369,525,229,established,baseline
2026-07-15,1241130,9900007032824,Mickey Byrnes,408,525,110,preliminary,baseline
2026-07-15,1341028,9900008156154,Mikayla Guzman,308,300,150,preliminary,baseline
2026-07-15,1186150,9900006464954,Mike Cimperman,512,525,15,preliminary,baseline
2026-07-15,1015016,9900004357777,Mike Cordosi,449,400,143,preliminary,baseline
2026-07-15,1396390,9900008851783,Mike Davenport,300,300,0,preliminary,baseline
2026-07-15,1084624,9900005211580,Mike DeSantiago,571,570,781,established,baseline
2026-07-15,1141529,9900005803242,Mike Downing,436,425,611,established,baseline
2026-07-15,627219,0110521,Mike Eimer,473,420,115,preliminary,baseline
2026-07-15,1009675,9900004299138,Mike Elliott,406,525,215,established,baseline
2026-07-15,1257553,9900007194560,Mike Emerick,255,275,235,established,baseline
2026-07-15,781579,0303510,Mike Haas,519,538,496,established,baseline
2026-07-15,19000,0137314,Mike Heineke,586,553,768,established,baseline
2026-07-15,1029627,9900004531733,Mike Huddleston,563,550,740,established,baseline
2026-07-15,1052832,9900004803328,Mike Huneycutt,322,300,17,preliminary,baseline
2026-07-15,1352466,9900008423294,Mike Jalonski,350,375,215,established,baseline
2026-07-15,972856,9900004081177,Mike Johnson,541,0,426,established,baseline
2026-07-15,1129185,9900005674644,Mike Lindau,270,250,25,preliminary,baseline
2026-07-15,1092368,9900005297492,Mike Maestas,514,525,94,preliminary,baseline
2026-07-15,1221456,9900006819556,Mike Mensendick,359,350,40,preliminary,baseline
2026-07-15,907476,0318871,Mike Mitchell,516,525,48,preliminary,baseline
2026-07-15,17843,0015770,Mike Nakai,587,544,464,established,baseline
2026-07-15,1082264,9900005188479,Mike Peduzzi,413,400,401,established,baseline
2026-07-15,673839,0301263,Mike Poitra,533,519,1791,established,baseline
2026-07-15,1151163,9900005901122,Mike Popejoy,361,375,639,established,baseline
2026-07-15,1395085,9900008839132,Mike  Ranum,412,425,15,preliminary,baseline
2026-07-15,1351975,9900008418443,Mike Roth,319,325,55,preliminary,baseline
2026-07-15,1059944,9900004883313,Mike Rowles,458,500,477,established,baseline
2026-07-15,659189,0215795,Mike Roybal,500,525,74,preliminary,baseline
2026-07-15,802215,0053292,Mike Schaecher,477,525,1035,established,baseline
2026-07-15,1099804,9900005374056,Mike Seals,382,0,1140,established,baseline
2026-07-15,1103958,9900005416732,Mike Small,320,350,645,established,baseline
2026-07-15,1304568,9900007788813,Mike Stephens,395,375,221,established,baseline
2026-07-15,988351,9900004068987,Mike Stockert,459,0,928,established,baseline
2026-07-15,1245561,9900007075807,Mike Stromer,296,400,463,established,baseline
2026-07-15,997642,9900003874404,Mike Tran,527,510,415,established,baseline
2026-07-15,745651,0174183,Mike Vigorita,242,525,749,established,baseline
2026-07-15,996714,9900004177061,Mike Wood,500,0,156,preliminary,baseline
2026-07-15,1379020,9900008683957,Mike Yacovazzi,346,375,62,preliminary,baseline
2026-07-15,1292826,9900007564707,Mike Zapata,321,350,60,preliminary,baseline
2026-07-15,1317425,9900007919019,Milo Hang,344,350,206,established,baseline
2026-07-15,1180672,9900006305875,Miquel Martinez,530,525,10,preliminary,baseline
2026-07-15,1245580,9900007075968,Misty Mitchell,258,325,417,established,baseline
2026-07-15,1141190,9900005799668,Mitch Medina,410,0,573,established,baseline
2026-07-15,1327147,9900008017509,Mitch Sayre,574,0,33,preliminary,baseline
2026-07-15,823666,0157302,Maurice Moe Giroux,375,525,2221,established,baseline
2026-07-15,1261078,9900007231814,Molly Kechter,325,325,171,preliminary,baseline
2026-07-15,790572,0286068,Mongo Beck,356,517,145,preliminary,baseline
2026-07-15,1329791,9900008048282,Morgan Burnette,249,250,223,established,baseline
2026-07-15,1373016,9900008625353,Mossimo Castro,271,350,61,preliminary,baseline
2026-07-15,629778,0378389,Mylan Nguyen,436,501,124,preliminary,baseline
2026-07-15,1098792,9900005363852,Nancy Sandoval,364,0,402,established,baseline
2026-07-15,1339058,9900008136064,Nash Hillier,279,285,127,preliminary,baseline
2026-07-15,1006126,9900004261012,Nate Giordano,388,390,90,preliminary,baseline
2026-07-15,1251227,9900007129166,Nate Johnson,523,500,256,established,baseline
2026-07-15,735591,0299008,Nate Petros,487,525,2136,established,baseline
2026-07-15,1318890,9900007934081,Nathan Benjamin,366,425,156,preliminary,baseline
2026-07-15,1257782,9900007197653,Nathan Dicamillo,361,359,201,established,baseline
2026-07-15,1082933,9900005195163,Nathan Fisher,421,400,542,established,baseline
2026-07-15,1324597,9900007991794,Nathan Godwin,348,350,194,preliminary,baseline
2026-07-15,995115,9900004165754,Nathan Griffith,475,470,384,established,baseline
2026-07-15,888297,0300098,Nathan Harris,479,523,1594,established,baseline
2026-07-15,625953,0121117,Nathan Olson,579,545,355,established,baseline
2026-07-15,1336375,9900008109464,Nathan Rawlinson,380,390,118,preliminary,baseline
2026-07-15,1005206,9900004250467,Nathan Simon,418,410,1230,established,baseline
2026-07-15,1298078,9900007718711,Nathan Woodson,525,552,191,preliminary,baseline
2026-07-15,1107943,9900005457728,Neil Cavendish,447,0,338,established,baseline
2026-07-15,1100985,9900005385946,Nelson Mangaoango,573,0,329,established,baseline
2026-07-15,10996,0121832,Nelson Montierth,671,625,2111,established,baseline
2026-07-15,1178363,9900006285542,Nicholas Lackovic,456,525,85,preliminary,baseline
2026-07-15,1351974,9900008418436,Nicholas Lester,339,350,69,preliminary,baseline
2026-07-15,1248244,9900007102114,Nicholas Perfetuo,154,250,271,established,baseline
2026-07-15,1213434,9900006735238,Nicholas Stier,324,325,166,preliminary,baseline
2026-07-15,1306810,9900007811573,Nick Beard,392,425,72,preliminary,baseline
2026-07-15,1394733,9900008835707,Nick  Bell,391,400,20,preliminary,baseline
2026-07-15,1301669,9900007758809,Nick Boshinski,363,400,84,preliminary,baseline
2026-07-15,1002560,9900004218573,Nick Johnson,453,430,664,established,baseline
2026-07-15,1116988,9900005549409,Nick Massenkoff,539,475,900,established,baseline
2026-07-15,1332877,9900008074984,Nick Mckall,298,300,50,preliminary,baseline
2026-07-15,1379012,9900008683902,Nick Pinkerton,290,300,5,preliminary,baseline
2026-07-15,1090652,9900005280562,Nick Scafetta,306,385,325,established,baseline
2026-07-15,1395615,9900008844150,Nick  Selwyn,448,450,4,preliminary,baseline
2026-07-15,1371553,9900008611004,Nick Sorenson,244,280,22,preliminary,baseline
2026-07-15,1342716,9900008172598,Nick Stone,411,400,348,established,baseline
2026-07-15,1208259,9900006684604,NICK THOMSON,437,430,423,established,baseline
2026-07-15,16576,0194911,Nicole Hellmer,490,525,598,established,baseline
2026-07-15,1397451,9900008862222,Noah Madnick,290,300,5,preliminary,baseline
2026-07-15,1158681,9900005976632,Nolan Call,434,400,227,established,baseline
2026-07-15,1298079,9900007718834,Nomar Rodriguez,426,415,479,established,baseline
2026-07-15,1113579,9900005514742,noni shull,490,525,129,preliminary,baseline
2026-07-15,1258566,9900007205839,Olly Beight,463,490,321,established,baseline
2026-07-15,1267821,9900007301340,Oscar Saks,342,300,49,preliminary,baseline
2026-07-15,1013989,9900004346245,Otis Lawson,515,516,6750,established,baseline
2026-07-15,1035046,9900004602990,Paige Ginsberg,327,300,60,preliminary,baseline
2026-07-15,1393528,9900008823223,Paige Kovinchick,348,350,4,preliminary,baseline
2026-07-15,1212374,9900006724928,Pam Rundquist,437,0,256,established,baseline
2026-07-15,1393513,9900008823087,Patrick Clancy,402,400,40,preliminary,baseline
2026-07-15,1145244,9900005842166,Patrick Corcoran,317,315,590,established,baseline
2026-07-15,1330338,9900008048657,Patrick Foster,461,0,98,preliminary,baseline
2026-07-15,1008306,9900004285148,Patrick Mitchell,412,405,674,established,baseline
2026-07-15,1267346,9900007294925,Patrick Riley,464,0,136,preliminary,baseline
2026-07-15,1364701,9900008543466,Patrick Riley  SR,239,250,50,preliminary,baseline
2026-07-15,1114712,9900005526257,Patrick Smith,415,425,829,established,baseline
2026-07-15,1250656,9900007124123,Patti Zlaten,384,425,40,preliminary,baseline
2026-07-15,1082263,9900005188462,Paul Carabetta,398,400,579,established,baseline
2026-07-15,1244201,9900007062821,Paul Demciuch,512,485,448,established,baseline
2026-07-15,1372170,9900008617150,Paul Fritzinger,606,0,5,preliminary,baseline
2026-07-15,1093534,9900005310092,Paul Lowrey,391,460,570,established,baseline
2026-07-15,1245582,9900007075982,Paul Murphy,307,325,149,preliminary,baseline
2026-07-15,1127994,9900005662245,Paul Scherner,343,325,671,established,baseline
2026-07-15,1059299,9900004882620,Paul Schmitt,433,450,57,preliminary,baseline
2026-07-15,979193,0333541,Penny McBride,524,490,646,established,baseline
2026-07-15,1275298,9900007377987,Pete Lovato,451,465,385,established,baseline
2026-07-15,1010554,9900004307772,Pete Wood,355,350,57,preliminary,baseline
2026-07-15,1191904,9900006517759,Peter Scott,373,380,18,preliminary,baseline
2026-07-15,832091,9900003036390,Petr Dunaj,525,520,286,established,baseline
2026-07-15,1103957,9900005416725,Phil Boucher,255,275,475,established,baseline
2026-07-15,643832,0239987,Phil Guerrero,447,525,2459,established,baseline
2026-07-15,1396389,9900008851776,Phil Latimer,297,300,5,preliminary,baseline
2026-07-15,1189297,9900006491660,Phil Ranum,489,477,766,established,baseline
2026-07-15,1357283,9900008470731,Phil Scheick,385,400,132,preliminary,baseline
2026-07-15,1076034,9900005121636,Phil Stewart,541,397,588,established,baseline
2026-07-15,1169214,9900006087757,Phillip Booghier,363,375,60,preliminary,baseline
2026-07-15,1204218,9900006643908,Phillip Stover,338,325,84,preliminary,baseline
2026-07-15,1311772,9900007861967,Polly Miller,484,450,272,established,baseline
2026-07-15,1224585,9900006853765,Preston Davis,455,500,352,established,baseline
2026-07-15,15386,0088436,Preston Hollis,635,524,759,established,baseline
2026-07-15,790327,0316299,Quentin Shehan,540,531,1495,established,baseline
2026-07-15,1005282,9900004251310,Rachael Bliley,339,325,609,established,baseline
2026-07-15,899320,0263910,Rachel Haggerty,493,525,33,preliminary,baseline
2026-07-15,1314751,9900007891520,Rachel Laciny,226,280,112,preliminary,baseline
2026-07-15,1176453,9900006163024,Rafer Burnham,443,525,308,established,baseline
2026-07-15,734614,9900008311881,Ralph Gonzales,517,525,95,preliminary,baseline
2026-07-15,1239582,9900007017630,Randall (Sr) Fishburn Sr,440,475,609,established,baseline
2026-07-15,1173789,9900006134932,Randall Ross,327,325,48,preliminary,baseline
2026-07-15,1108304,9900005461152,randy archuleta,368,525,162,preliminary,baseline
2026-07-15,930709,0081774,Randy Hahn,486,525,669,established,baseline
2026-07-15,1086801,9900005240412,Randy Hixon,403,450,208,established,baseline
2026-07-15,1367862,9900008574514,Randy Kendricks,364,350,35,preliminary,baseline
2026-07-15,1135306,9900005739244,Randy Ketterer,480,540,83,preliminary,baseline
2026-07-15,1243028,9900007050903,Randy Palmer,477,500,376,established,baseline
2026-07-15,1396624,9900008854067,Randy  Pierce,342,350,21,preliminary,baseline
2026-07-15,1335648,9900008107453,Randy Vondrak,422,350,587,established,baseline
2026-07-15,1062834,9900004916974,Rashard Cordora,319,300,30,preliminary,baseline
2026-07-15,1118871,9900005569292,RAUL AVILLA,438,480,163,preliminary,baseline
2026-07-15,1358313,9900008480754,Ray Jaramillo,373,425,87,preliminary,baseline
2026-07-15,1203508,9900006636757,Ray Zehl,413,250,328,established,baseline
2026-07-15,1038383,9900004638708,Raymond Dunlap,604,600,294,established,baseline
2026-07-15,1226730,9900006876283,Raymond Morris,340,345,201,established,baseline
2026-07-15,993395,9900004143394,Raza Qasemi,473,500,175,preliminary,baseline
2026-07-15,1188159,9900006480954,Rebecca Levine,401,375,756,established,baseline
2026-07-15,1282511,9900007455630,Rebecca Masching,346,350,188,preliminary,baseline
2026-07-15,1309685,9900007842140,Rebekah Miller,228,300,46,preliminary,baseline
2026-07-15,1336290,9900008109211,Reece Mettler,391,400,181,preliminary,baseline
2026-07-15,1275385,9900007378823,Regina Crespin,279,300,239,established,baseline
2026-07-15,1311767,9900007861912,Rendell Wilson,242,350,215,established,baseline
2026-07-15,1035811,9900004610995,Renee Guerra,326,325,267,established,baseline
2026-07-15,859882,0183198,Reynold Smith,536,525,218,established,baseline
2026-07-15,1308050,9900007824245,Ricardo Garcia,370,400,70,preliminary,baseline
2026-07-15,1116381,9900005543124,Rich Chan,589,525,1139,established,baseline
2026-07-15,1252725,9900007146439,Rich Floyd,470,350,787,established,baseline
2026-07-15,1312600,9900007870280,Rich Larusso,418,425,45,preliminary,baseline
2026-07-15,1389660,9900008787624,Rich Ramos,345,350,32,preliminary,baseline
2026-07-15,1277892,9900007404713,Richard Brock,434,350,392,established,baseline
2026-07-15,1301912,9900007760833,Richard Johnson,286,295,79,preliminary,baseline
2026-07-15,1044565,9900004714488,Richard Obert,442,300,139,preliminary,baseline
2026-07-15,1014202,9900004348232,Rick Hubler,528,400,294,established,baseline
2026-07-15,640446,9900001627514,Rick Martinez,543,590,990,established,baseline
2026-07-15,15255,0035986,Rick Ortiz Jr,506,437,1202,established,baseline
2026-07-15,1227726,9900006886183,Rick Rivera,470,450,130,preliminary,baseline
2026-07-15,1047307,9900004746847,Rick Romero,398,400,5,preliminary,baseline
2026-07-15,1323098,9900007977040,Rick Troutman,349,425,150,preliminary,baseline
2026-07-15,1393836,9900008826286,Ricky Massey,-90,0,5,preliminary,baseline
2026-07-15,1160333,9900005993295,Ricky McQuay,248,300,140,preliminary,baseline
2026-07-15,1335228,9900008098003,Rigo Portillo,379,450,182,preliminary,baseline
2026-07-15,1358318,9900008480808,Rigoberto Garza,433,450,90,preliminary,baseline
2026-07-15,1274904,9900007373736,River Heady,-90,0,5,preliminary,baseline
2026-07-15,700165,0160721,RJ Moe,427,525,533,established,baseline
2026-07-15,1347091,9900008218012,Rob Brasher,353,0,66,preliminary,baseline
2026-07-15,1318072,9900007925454,Rob Burgess,322,300,106,preliminary,baseline
2026-07-15,1011398,9900004316460,Rob Burkett,419,0,185,preliminary,baseline
2026-07-15,1203507,9900006636740,Rob Burns,372,300,168,preliminary,baseline
2026-07-15,1243079,9900007051634,Rob Classen,535,515,336,established,baseline
2026-07-15,675606,0307445,Robert Deskin,484,525,56,preliminary,baseline
2026-07-15,1394125,9900008829652,Rob  Fondren ,580,580,5,preliminary,baseline
2026-07-15,1336391,9900008109952,Rob Plonski,279,275,234,established,baseline
2026-07-15,1202621,9900006632711,Rob Sorbara,452,525,60,preliminary,baseline
2026-07-15,1304472,9900007789124,Rob Williams,405,450,262,established,baseline
2026-07-15,1125856,9900005641530,robbie brace,510,525,5,preliminary,baseline
2026-07-15,988353,9900004069564,Robert Bruce,385,525,565,established,baseline
2026-07-15,1010088,9900004303071,Robert Faulkner,518,475,655,established,baseline
2026-07-15,16108,0035894,Robert Flores,502,556,270,established,baseline
2026-07-15,694216,0300111,Robert Headly Jr,525,525,0,preliminary,baseline
2026-07-15,1154495,9900005934298,Robert Holden,324,250,673,established,baseline
2026-07-15,1050174,9900004775656,Robert Justin,365,400,40,preliminary,baseline
2026-07-15,1117403,9900005554540,Robert Lia,454,475,430,established,baseline
2026-07-15,1082195,9900005188165,Robert McGaw,484,400,943,established,baseline
2026-07-15,1243038,9900007050989,Robert Randolph,500,565,500,established,baseline
2026-07-15,1338828,9900008134367,Robert Reitan,283,300,216,established,baseline
2026-07-15,1105700,9900005433494,Robert walker,287,0,667,established,baseline
2026-07-15,1035807,9900004611152,Robert Ward,338,275,144,preliminary,baseline
2026-07-15,1135313,9900005739299,Roberto Mendoza,369,370,90,preliminary,baseline
2026-07-15,1013867,9900004344494,Rocky Gallegos,243,525,928,established,baseline
2026-07-15,1338597,9900008131731,RODEL MEDEL,397,394,48,preliminary,baseline
2026-07-15,1131358,9900005696608,roger cox,256,525,541,established,baseline
2026-07-15,855927,0137313,Roland Becker,445,532,597,established,baseline
2026-07-15,1221455,9900006819877,Romello Romero,306,300,5,preliminary,baseline
2026-07-15,1005231,9900004250689,Ron Curry,353,360,703,established,baseline
2026-07-15,1239725,9900007018699,Ron Grider,417,322,278,established,baseline
2026-07-15,1393510,9900008823056,Ron Winkler,376,400,10,preliminary,baseline
2026-07-15,1111874,9900005500387,ronnie horn,499,525,493,established,baseline
2026-07-15,1234214,9900006951058,Rose Cisneros,202,250,445,established,baseline
2026-07-15,1332841,9900008073772,Ross Holbrook,336,400,100,preliminary,baseline
2026-07-15,625835,0120847,Russ Schilling,502,560,263,established,baseline
2026-07-15,1068455,9900005046359,Russell Kovach,484,500,15,preliminary,baseline
2026-07-15,1190635,9900006505046,Ruth Clark,328,325,5,preliminary,baseline
2026-07-15,1381519,9900008708384,Ryan Cochran,248,250,73,preliminary,baseline
2026-07-15,1395617,9900008844174,Ryan  Gordy,452,450,4,preliminary,baseline
2026-07-15,1309728,9900007842164,Ryan Heaton,347,350,233,established,baseline
2026-07-15,1273128,9900007355541,Ryan Hustek,474,443,185,preliminary,baseline
2026-07-15,1114844,9900005527513,Ryan Laine,421,475,720,established,baseline
2026-07-15,1394130,9900008829706,Ryan  Lynch ,482,480,5,preliminary,baseline
2026-07-15,1379015,9900008683926,Ryan Malyszko,299,300,5,preliminary,baseline
2026-07-15,1333061,9900008076162,Ryan Marchand,323,300,132,preliminary,baseline
2026-07-15,971197,0383380,Ryan Matte,518,525,9,preliminary,baseline
2026-07-15,1300903,9900007748787,Ryan Van Mierlo,365,0,0,preliminary,baseline
2026-07-15,1050321,9900004781602,Ryan Ward,462,480,25,preliminary,baseline
2026-07-15,991248,9900004111973,Salvador Chavez,488,500,166,preliminary,baseline
2026-07-15,1245217,9900007072592,Sam Baca,431,400,1339,established,baseline
2026-07-15,854821,0239326,Sam Baker,296,300,35,preliminary,baseline
2026-07-15,1012609,9900004330725,Sam Laurent,429,450,1016,established,baseline
2026-07-15,1318613,9900007931011,SAM REIZ,485,490,8,preliminary,baseline
2026-07-15,1014349,9900004350006,Sam Seddon,520,525,577,established,baseline
2026-07-15,1078170,9900005146295,Sam Strauser,400,500,127,preliminary,baseline
2026-07-15,1241922,9900007039748,Sam Vice,314,325,172,preliminary,baseline
2026-07-15,1009494,9900004296328,Samantha Mann,236,300,150,preliminary,baseline
2026-07-15,1302579,9900007767849,Samantha Menendez,195,250,102,preliminary,baseline
2026-07-15,1189469,9900006493398,Sami McGregor,196,250,759,established,baseline
2026-07-15,1344106,9900008186687,Samier Murad,227,300,129,preliminary,baseline
2026-07-15,1310172,9900007845950,Sandra Lombardo,416,450,44,preliminary,baseline
2026-07-15,1107457,9900005452334,SANDY CHRISTOPHER,355,375,199,preliminary,baseline
2026-07-15,1135640,9900005742879,Sara Parmenter,258,275,552,established,baseline
2026-07-15,1329784,9900008047469,Sarah Colby,291,300,127,preliminary,baseline
2026-07-15,1270517,9900007329276,Sarah Heaver,201,250,485,established,baseline
2026-07-15,949129,9900003907768,Savannah Dietrich,356,375,263,established,baseline
2026-07-15,1396455,9900008852407,Savannah Leifer,278,280,3,preliminary,baseline
2026-07-15,1237658,9900006997469,Scott ATTEBERRY,346,330,207,established,baseline
2026-07-15,1232160,9900006930374,Scott Davidson,451,450,850,established,baseline
2026-07-15,661803,0239611,Scott Francis,482,482,94,preliminary,baseline
2026-07-15,1173796,9900006134307,Scott Heintz,367,375,18,preliminary,baseline
2026-07-15,765240,0326287,Scott Pickert,559,600,149,preliminary,baseline
2026-07-15,1035048,9900004603010,Scott Wehrli,429,350,156,preliminary,baseline
2026-07-15,801999,0320739,Scotty Mullins Jr,534,485,338,established,baseline
2026-07-15,714073,0077361,Sean Abeyta,488,525,288,established,baseline
2026-07-15,1006977,9900004271578,Sean Concepcion,447,450,1259,established,baseline
2026-07-15,1191852,9900006517476,Sean Mayberry,316,380,111,preliminary,baseline
2026-07-15,996712,9900004177054,Sean McBride,460,525,404,established,baseline
2026-07-15,680182,0312287,Sean Owens,392,427,1737,established,baseline
2026-07-15,724601,0086857,Sean Pelham,563,525,250,established,baseline
2026-07-15,1065018,9900005013474,Sergio Andresko,475,525,117,preliminary,baseline
2026-07-15,1175519,9900006153667,Sergio Sanchez,555,525,488,established,baseline
2026-07-15,1162466,9900006015262,Seth Gould,260,300,244,established,baseline
2026-07-15,1256369,9900007183809,Seth Seymour,382,450,286,established,baseline
2026-07-15,1118939,9900005569933,Seth Speiser,304,340,402,established,baseline
2026-07-15,1393522,9900008823162,Shane Carlson,453,450,5,preliminary,baseline
2026-07-15,1386357,9900008754886,Shane Morrissey,423,0,41,preliminary,baseline
2026-07-15,1013868,9900004344500,Shane Nooner,358,525,406,established,baseline
2026-07-15,1191851,9900006517391,Shane Norton,347,400,135,preliminary,baseline
2026-07-15,1232943,9900006939049,Shane Peck,524,525,15,preliminary,baseline
2026-07-15,1095991,9900005335286,Shane Soldner,484,500,156,preliminary,baseline
2026-07-15,1338600,9900008131762,SHANNON COMPTON,366,425,52,preliminary,baseline
2026-07-15,1260784,9900007228685,Shannon Ewens,284,0,207,established,baseline
2026-07-15,1220866,9900006813783,shannon Lucero,387,425,618,established,baseline
2026-07-15,1173065,9900006126906,Sharol Sanchez,399,385,342,established,baseline
2026-07-15,1278198,9900007411322,Shaun Benari,332,335,196,preliminary,baseline
2026-07-15,1397330,9900008861027,Shawn Martinez,440,445,2,preliminary,baseline
2026-07-15,1333008,9900008075813,Shawn Raymon,416,440,370,established,baseline
2026-07-15,1060958,9900004897679,Shawn Smith,509,500,1009,established,baseline
2026-07-15,1041165,9900004677325,Shawna Kadon,308,400,1218,established,baseline
2026-07-15,1356841,9900008466345,Sheila Franks,266,300,75,preliminary,baseline
2026-07-15,1173787,9900006134253,Shellie Peery,252,250,12,preliminary,baseline
2026-07-15,669941,9900003168411,Shelly Garcia,301,425,596,established,baseline
2026-07-15,786735,0171916,Sherilee Hutchings,171,425,420,established,baseline
2026-07-15,1138547,9900005771749,sherry haubert,334,525,749,established,baseline
2026-07-15,1366420,9900008560319,Sierra Rensch,297,325,51,preliminary,baseline
2026-07-15,1050855,9900004784412,Skip Murray,504,525,679,established,baseline
2026-07-15,996690,9900004176965,Skylar Thomas,455,490,89,preliminary,baseline
2026-07-15,1349356,9900008391135,Spencer Vandergriend,343,325,115,preliminary,baseline
2026-07-15,703541,0031973,Stan Estredge,524,525,13,preliminary,baseline
2026-07-15,1258978,9900007210161,Star Rasmussen,297,425,85,preliminary,baseline
2026-07-15,1294003,9900007576656,Stephanie Anaya,317,250,262,established,baseline
2026-07-15,1369149,9900008587118,Stephanie Farmer,302,325,57,preliminary,baseline
2026-07-15,1320138,9900007946916,Stephanie Montel,305,300,175,preliminary,baseline
2026-07-15,1383397,9900008727002,Stephanie Ohm,292,300,10,preliminary,baseline
2026-07-15,1131346,9900005696493,Stephen Huggins,421,525,80,preliminary,baseline
2026-07-15,1190538,9900006504049,Stephen Mansfield,355,330,747,established,baseline
2026-07-15,1329781,9900008047438,Stephen Stretz,323,307,202,established,baseline
2026-07-15,627649,0087723,Steve Crespin,466,523,794,established,baseline
2026-07-15,1057212,9900004847018,Steve Duncan,362,300,81,preliminary,baseline
2026-07-15,1245572,9900007076248,Steve Freeman,513,550,438,established,baseline
2026-07-15,756633,0157305,Steve Giroux,460,525,2240,established,baseline
2026-07-15,802362,0120848,Steve Haines,315,525,525,established,baseline
2026-07-15,1095837,9900005333725,Steve Hall,419,425,578,established,baseline
2026-07-15,936006,0375258,Steve Hemelstrand,528,575,1978,established,baseline
2026-07-15,767510,0200135,Steve Light,512,531,1217,established,baseline
2026-07-15,1106499,9900005443141,steve lopez,490,525,52,preliminary,baseline
2026-07-15,1027577,9900004509800,Steve Lowney,351,425,440,established,baseline
2026-07-15,1020064,9900008293255,Steve Marsh,457,470,334,established,baseline
2026-07-15,1248780,9900007105191,Steven Mattera,287,275,336,established,baseline
2026-07-15,995084,9900004165457,Steve Metcalf,377,450,235,established,baseline
2026-07-15,722497,0005456,Steve Miller,573,400,356,established,baseline
2026-07-15,1347050,9900008218418,Steve Morgan,340,425,211,established,baseline
2026-07-15,1207526,9900006678313,Steve Padilla,470,525,711,established,baseline
2026-07-15,1259505,9900007215555,Steve Sheppard,312,310,375,established,baseline
2026-07-15,1287448,9900007507858,Steve Silver,241,300,145,preliminary,baseline
2026-07-15,1247578,9900007093344,Steve Thomson,358,350,80,preliminary,baseline
2026-07-15,1342206,9900008167648,Steve Troyer,326,300,165,preliminary,baseline
2026-07-15,1253340,9900007152577,Steven Deleon,375,375,141,preliminary,baseline
2026-07-15,1075474,9900005115963,Steven Perry,435,400,2490,established,baseline
2026-07-15,1283794,9900007468784,Steven Reynolds,330,250,345,established,baseline
2026-07-15,1103962,9900005416763,Steven Steinberg,331,350,510,established,baseline
2026-07-15,1272027,9900007344477,Steven Wray,343,400,552,established,baseline
2026-07-15,1360113,9900008498353,Susan Hanson,288,300,105,preliminary,baseline
2026-07-15,1232304,9900006932088,Susie Lerner,271,250,451,established,baseline
2026-07-15,1268102,9900007303160,Suzie Golden,356,425,110,preliminary,baseline
2026-07-15,1011250,9900004315197,Tabitha Roy,360,350,104,preliminary,baseline
2026-07-15,1259430,9900007214947,Tamela Carnes,54,250,167,preliminary,baseline
2026-07-15,926458,9900003380585,Tami Savolainen,285,300,896,established,baseline
2026-07-15,1197065,9900006572789,Tanner Harmon,328,330,131,preliminary,baseline
2026-07-15,1155703,9900005945539,Tanner Sedra,388,409,482,established,baseline
2026-07-15,1050289,9900004781343,Tap Sittiseri,462,460,895,established,baseline
2026-07-15,1377812,9900008672616,Tayle Kelsey,321,320,5,preliminary,baseline
2026-07-15,1272386,9900007347898,Taylor Flaugher,376,375,158,preliminary,baseline
2026-07-15,1170165,9900006102634,Taylor Reimann,238,250,443,established,baseline
2026-07-15,1262469,9900007245712,Taylor Spence,255,250,1126,established,baseline
2026-07-15,1169207,9900006087689,Teri Jantzen,228,250,48,preliminary,baseline
2026-07-15,764430,0262689,Terry Davis,506,513,285,established,baseline
2026-07-15,16840,0128565,Terry Tallent,461,427,183,preliminary,baseline
2026-07-15,1114384,9900005522587,Theresa Ramirez,368,375,221,established,baseline
2026-07-15,1302591,9900007768396,Thomas (TJ) Olmsted,514,510,687,established,baseline
2026-07-15,1005721,9900004256094,Thomas Depersia,342,300,91,preliminary,baseline
2026-07-15,1025050,9900004475976,Thomas Meeker,484,400,148,preliminary,baseline
2026-07-15,1301834,9900007759776,Tiffany Hollier,230,250,85,preliminary,baseline
2026-07-15,1317801,9900007922842,TIM ASHTON,442,443,12,preliminary,baseline
2026-07-15,1022927,9900004452236,Tim Grunewald,431,400,63,preliminary,baseline
2026-07-15,1284318,9900007474143,Tim Henderson,300,305,190,preliminary,baseline
2026-07-15,1019673,9900004416825,Tim Lund,465,450,82,preliminary,baseline
2026-07-15,1149213,9900005880786,Tim Weir,532,525,625,established,baseline
2026-07-15,1390642,9900008797371,Timothy Habenicht,340,340,9,preliminary,baseline
2026-07-15,1187865,9900006477848,Tino Duran,657,525,408,established,baseline
2026-07-15,1095388,9900005329186,tobias astorga,332,525,177,preliminary,baseline
2026-07-15,1198765,9900006589572,Toby Astorga,416,525,110,preliminary,baseline
2026-07-15,1231069,9900006899480,Todd Eisenbarth,500,550,345,established,baseline
2026-07-15,936013,0007768,Todd Grosvenor,524,498,614,established,baseline
2026-07-15,1382141,9900008714392,Tom Bean,396,400,3,preliminary,baseline
2026-07-15,1394129,9900008829690,Tom Chadwick,463,480,6,preliminary,baseline
2026-07-15,1396621,9900008854036,Tom Chase,603,625,23,preliminary,baseline
2026-07-15,1141196,9900005799712,Tom Hewett,436,0,524,established,baseline
2026-07-15,1105901,9900005436334,Tom Houston,481,525,65,preliminary,baseline
2026-07-15,855999,0155535,Tom Howard,472,525,643,established,baseline
2026-07-15,1389211,9900008783923,Tom Kerklin,-90,0,4,preliminary,baseline
2026-07-15,1343054,9900008175827,Tom Lessard,419,425,193,preliminary,baseline
2026-07-15,1377578,9900008670360,Tom Meiley,420,450,54,preliminary,baseline
2026-07-15,817778,9900003122864,Tom Mentzer,446,449,1122,established,baseline
2026-07-15,1189895,9900006501222,Tom Neiley,255,525,165,preliminary,baseline
2026-07-15,1379858,9900008692058,Tom Newbold,312,325,50,preliminary,baseline
2026-07-15,728113,0157299,Tom Omoto,479,525,1688,established,baseline
2026-07-15,1128482,9900005668506,Tom Pfister,414,250,929,established,baseline
2026-07-15,1044301,9900004709736,Tom Queen,369,300,200,established,baseline
2026-07-15,714702,0145746,Tom Ritenour,441,524,1985,established,baseline
2026-07-15,625657,0154703,Tom Sanders,568,535,2024,established,baseline
2026-07-15,856104,0170187,Tom Tallent,555,400,261,established,baseline
2026-07-15,1228932,9900006898117,Tom Welch,410,350,382,established,baseline
2026-07-15,1268112,9900007303238,Tom Woody,498,500,84,preliminary,baseline
2026-07-15,1395616,9900008844167,Tommy  Apple,449,460,4,preliminary,baseline
2026-07-15,1239195,9900007013687,Tommy Hunter,461,400,1020,established,baseline
2026-07-15,1306660,9900007809433,Tony Maleville,397,400,108,preliminary,baseline
2026-07-15,1371812,9900008613596,Tony Venzor,378,375,10,preliminary,baseline
2026-07-15,1384050,9900008732969,Tracy Valdez,487,500,17,preliminary,baseline
2026-07-15,1191901,9900006517735,Travis Bradley,286,375,161,preliminary,baseline
2026-07-15,1118911,9900005568950,TRAVIS KLEIN,601,0,645,established,baseline
2026-07-15,1035038,9900004602921,Travis Stuchlik,434,450,213,established,baseline
2026-07-15,1274908,9900007374221,Trent Ashton,496,500,37,preliminary,baseline
2026-07-15,1372213,9900008617570,Trenton Hall,220,250,31,preliminary,baseline
2026-07-15,1121548,9900005596700,Trey Cassels,476,470,369,established,baseline
2026-07-15,1372306,9900008618478,Trey Centis,285,285,0,preliminary,baseline
2026-07-15,1368733,9900008583011,Trey Whitaker,253,280,50,preliminary,baseline
2026-07-15,1360878,9900008505709,Tristan Keith,257,300,26,preliminary,baseline
2026-07-15,1386834,9900008760504,Tron Thomas,500,500,0,preliminary,baseline
2026-07-15,1397055,9900008858324,Troy Griffin,294,300,5,preliminary,baseline
2026-07-15,1319765,9900007943045,Troy Vigil,398,400,40,preliminary,baseline
2026-07-15,1228570,9900006895826,Ty Schmittel,308,400,225,established,baseline
2026-07-15,1389155,9900008783398,Tyler Benefiel,420,425,15,preliminary,baseline
2026-07-15,1035047,9900004603003,Tyler Ginsberg,330,300,81,preliminary,baseline
2026-07-15,1341430,9900008159797,Tyler Neese,284,300,40,preliminary,baseline
2026-07-15,1271343,9900007337189,Tyler Sterwart,401,375,224,established,baseline
2026-07-15,1380936,9900008702610,Tyler Tynan,318,325,40,preliminary,baseline
2026-07-15,1302748,9900007769775,Ujjesa Dhanak,201,250,155,preliminary,baseline
2026-07-15,1270883,9900007331835,Val Zeldin,230,250,37,preliminary,baseline
2026-07-15,1351725,9900008415961,Valerie Komperda,327,327,191,preliminary,baseline
2026-07-15,1309961,9900007843895,Valerie Ray,235,270,216,established,baseline
2026-07-15,1337906,9900008124795,Valerie Standley,423,0,5,preliminary,baseline
2026-07-15,700677,0253120,Valerie Torres,173,518,479,established,baseline
2026-07-15,1263272,9900007254721,Victor Burgos,475,400,380,established,baseline
2026-07-15,1364932,9900008545736,Victor Espinoza,445,450,41,preliminary,baseline
2026-07-15,1275207,9900007377048,Vince Giron,490,500,296,established,baseline
2026-07-15,627066,0209368,Vince High,471,518,298,established,baseline
2026-07-15,1274232,9900007366875,Virginia Marroquin,280,300,10,preliminary,baseline
2026-07-15,1014177,9900004347839,Virginia Monroe,455,400,528,established,baseline
2026-07-15,1270881,9900007331811,Vivian Archuleta,168,250,261,established,baseline
2026-07-15,1013575,9900004340618,Vu Nguyen,626,0,358,established,baseline
2026-07-15,1243055,9900007051344,Walter Eckhardt,437,525,352,established,baseline
2026-07-15,1319769,9900007943076,Ward Morrison,327,350,40,preliminary,baseline
2026-07-15,1292810,9900007564578,Waylon Boucher,274,300,341,established,baseline
2026-07-15,779549,0018086,Wayne Crow,565,525,2009,established,baseline
2026-07-15,1185996,9900006458144,Wendy Callahan,302,300,361,established,baseline
2026-07-15,1118915,9900005569049,WENDY FLEMING,354,330,490,established,baseline
2026-07-15,1296191,9900007699393,Wesley Harding,261,350,242,established,baseline
2026-07-15,1375442,9900008649182,Will Perrie,298,300,5,preliminary,baseline
2026-07-15,1205039,9900006652375,William Brown,397,300,717,established,baseline
2026-07-15,1384545,9900008737865,William Campos,394,425,25,preliminary,baseline
2026-07-15,1068996,9900005051315,William Haggatt,469,0,40,preliminary,baseline
2026-07-15,1190503,9900006503714,William Kerschen,323,0,25,preliminary,baseline
2026-07-15,1364960,9900008546016,William Sales,513,525,66,preliminary,baseline
2026-07-15,1086797,9900005240467,William Stone,488,490,5,preliminary,baseline
2026-07-15,1180671,9900006305929,Willy Horn,312,350,305,established,baseline
2026-07-15,1317804,9900007922859,WINTER ELAM,315,315,0,preliminary,baseline
2026-07-15,1331527,9900008061489,Wyatt Carter,316,300,178,preliminary,baseline
2026-07-15,1383110,9900008724247,Yael Sokol,250,250,0,preliminary,baseline
2026-07-15,1368653,9900008582205,Yoseph Assefa,290,300,5,preliminary,baseline
2026-07-15,1341040,9900008155768,Youngju Kim,241,300,138,preliminary,baseline
2026-07-15,1281829,9900007445365,Zach Anderson,332,0,0,preliminary,baseline
2026-07-15,1332992,9900008075721,Zach Burke,367,370,136,preliminary,baseline
2026-07-15,1394131,9900008829713,Zach Maser,434,450,6,preliminary,baseline
2026-07-15,1311336,9900007859209,Zach Meis,473,475,12,preliminary,baseline
2026-07-15,1335591,9900008107026,Zach Michel,369,370,181,preliminary,baseline
2026-07-15,1276572,9900007391266,Zach Nelson,398,300,358,established,baseline
2026-07-15,16315,9900002444400,Zack Dillie,347,424,110,preliminary,baseline
2026-07-15,1139739,9900005785548,Zack Saxton,371,325,418,established,baseline
2026-07-15,995098,9900004165587,Zack Taylor,357,355,591,established,baseline
2026-07-15,1152849,9900005918007,Zander Jerkins,401,400,15,preliminary,baseline
2026-07-15,1310260,9900007846629,Zane Workman,298,325,60,preliminary,baseline
2026-07-15,1301626,9900007758496,Zoe Roebuck,351,350,54,preliminary,baseline
2026-07-15,1365541,9900008551713,AJ` Bohl,281,300,30,preliminary,baseline
2026-07-15,1234205,9900006951256,Benjamin Rivera,567,575,455,established,baseline
2026-07-15,1383400,9900008727033,Bill Murry Jr.,395,425,35,preliminary,baseline
2026-07-15,11841,0031888,Billy Joe Stephenson,367,405,139,preliminary,baseline
2026-07-15,1190535,9900006504537,Bruce 'Bear' Hahn,378,400,593,established,baseline
2026-07-15,1276154,9900007387580,Casey Baca,419,385,75,preliminary,baseline
2026-07-15,1093526,9900005310023,Chris R Graves,523,520,408,established,baseline
2026-07-15,1249800,9900007115121,Chris S Tuttle,287,350,418,established,baseline
2026-07-15,1259342,9900007213810,Christopher Shane WIlson,424,275,289,established,baseline
2026-07-15,1394707,9900008835455,Crystal M. Gonzales,299,300,12,preliminary,baseline
2026-07-15,1192330,9900006525112,Daniel Lez Lopez,300,525,135,preliminary,baseline
2026-07-15,1342841,9900008173533,David Torres-Schroeder,160,0,5,preliminary,baseline
2026-07-15,1202059,9900006622323,Ernest Carabajal,432,425,280,established,baseline
2026-07-15,1160337,9900005993332,Howard Popejoy,427,300,459,established,baseline
2026-07-15,1306787,9900007811566,Jade Kimberly Gragg,315,350,107,preliminary,baseline
2026-07-15,1169226,9900006087849,James Unger,474,400,219,established,baseline
2026-07-15,861549,0296094,John L Lawrence Jr,435,516,72,preliminary,baseline
2026-07-15,1233546,9900006944050,John T Young,478,450,348,established,baseline
2026-07-15,1341426,9900008159575,Josh J Stewart,378,400,139,preliminary,baseline
2026-07-15,1375476,9900008649526,Kaelin Nicole Castro,276,300,44,preliminary,baseline
2026-07-15,1245226,9900007072660,Leo Lucero,361,425,386,established,baseline
2026-07-15,1306578,9900007808887,Luis De-La-Pena,263,270,60,preliminary,baseline
2026-07-15,995082,9900004165433,Mack Pride,596,525,2096,established,baseline
2026-07-15,1247240,9900007089705,Rick Teran,351,450,379,established,baseline
2026-07-15,990423,9900004099493,Robbie Ludwig,437,400,429,established,baseline
2026-07-15,1366416,9900008560272,"Robert ""Bob"" Fenner",434,470,64,preliminary,baseline
2026-07-15,1378429,9900008678724,Sammy D Baca,394,375,55,preliminary,baseline
2026-07-15,1107583,9900005454086,susan kester-hoard,168,525,289,established,baseline
2026-07-15,1358322,9900008480846,Tina Magnuson-Perdue,245,250,9,preliminary,baseline
2026-07-15,1300758,9900007747315,Tommie Rusch,489,450,549,established,baseline
2026-07-15,17603,9900000180812,Tonya J Bish,448,390,1989,established,baseline
2026-07-15,1263244,9900007253571,Valeria Mendiza-Poncedeleon,431,448,527,established,baseline
2026-07-15,1121376,9900005594737,Adam Hulse,333,300,57,preliminary,baseline
2026-07-15,966513,0330220,Billy Green,418,0,205,established,baseline
2026-07-15,816757,0307402,Charles Torkildsen,575,513,230,established,baseline
2026-07-15,1053633,9900004811224,Dennis Green Jr,368,350,140,preliminary,baseline
2026-07-15,1395187,9900008839705,Devon Franklin,515,0,30,preliminary,baseline
2026-07-15,1250166,9900007118856,Ian Barr,310,325,53,preliminary,baseline
2026-07-15,1188063,9900006479569,Jessica Meyer,248,250,18,preliminary,baseline
2026-07-15,1194455,9900006542850,Kevin Meyer,422,0,46,preliminary,baseline
2026-07-15,1394704,9900008835431,Kris Mueller,435,430,22,preliminary,baseline
2026-07-15,1013238,9900004337298,Michael Douglas,683,600,3703,established,baseline
2026-07-15,767887,0327905,Nick Nick,521,525,5,preliminary,baseline
2026-07-15,1195112,9900006552835,sean clark,386,0,10,preliminary,baseline
2026-07-15,1397014,9900008857754,Shannon Tracy,-90,0,2,preliminary,baseline
2026-07-15,1284669,9900007478103,Timothy Kim,348,0,10,preliminary,baseline
2026-07-15,1158512,9900005974720,Tommy Paul,433,450,91,preliminary,baseline
2026-07-15,1393455,9900008822325,Zach Palmer,334,0,10,preliminary,baseline
2026-07-15,1398521,9900008872702,Alan Saville,457,455,5,preliminary,baseline
2026-07-15,1398236,9900008870005,Carlos  Navia,298,298,0,preliminary,baseline
2026-07-15,1398519,9900008872689,Dan Hosier,542,555,7,preliminary,baseline
2026-07-15,1397540,9900008863113,Dan  Yimmer,243,250,4,preliminary,baseline
2026-07-15,1398232,9900008869962,Douglas  Jamison,338,325,17,preliminary,baseline
2026-07-15,1397538,9900008863090,Jong Ham,410,410,19,preliminary,baseline
2026-07-15,1398520,9900008872696,Lance Collins,447,450,5,preliminary,baseline
2026-07-15,1398235,9900008869993,Mark  Van Nostrand,387,390,6,preliminary,baseline
2026-07-15,1397532,9900008863038,Paul Schreiber,399,400,13,preliminary,baseline
2026-07-15,1398243,9900008870074,Peter Watson,236,250,8,preliminary,baseline
2026-07-15,1398242,9900008870067,Phillip Mendoza,399,400,13,preliminary,baseline
2026-07-15,1398239,9900008870036,Richard Laird,355,365,25,preliminary,baseline
2026-07-15,1398233,9900008869979,Tracie Brunner,260,250,3,preliminary,baseline
2026-07-15,1398540,9900008872887,Lauren  Lavender,299,300,5,preliminary,baseline
2026-07-15,1394549,9900008833918,Brian Sakuma,365,360,12,preliminary,change
2026-07-15,1340611,9900008151456,Chris Parish,393,390,92,preliminary,change
2026-07-15,1387074,9900008762775,David Murphy,387,390,16,preliminary,change
2026-07-15,1333061,9900008076162,Ryan Marchand,323,300,137,preliminary,change
2026-07-15,1302579,9900007767849,Samantha Menendez,201,250,107,preliminary,change
2026-07-15,1344106,9900008186687,Samier Murad,228,300,129,preliminary,change
2026-07-15,1232160,9900006930374,Scott Davidson,449,450,855,established,change
2026-07-15,996712,9900004177054,Sean McBride,459,525,404,established,change
2026-07-15,1065018,9900005013474,Sergio Andresko,453,525,130,preliminary,change
2026-07-15,1386357,9900008754886,Shane Morrissey,422,0,41,preliminary,change
2026-07-15,1278198,9900007411322,Shaun Benari,331,335,196,preliminary,change
2026-07-15,1397330,9900008861027,Shawn Martinez,429,440,4,preliminary,change
2026-07-15,1041165,9900004677325,Shawna Kadon,310,400,1220,established,change
2026-07-15,1131346,9900005696493,Stephen Huggins,420,525,80,preliminary,change
2026-07-15,756633,0157305,Steve Giroux,461,525,2245,established,change
2026-07-15,1095837,9900005333725,Steve Hall,422,425,583,established,change
2026-07-15,1020064,9900008293255,Steve Marsh,454,470,339,established,change
2026-07-15,1248780,9900007105191,Steven Mattera,282,275,341,established,change
2026-07-15,995084,9900004165457,Steve Metcalf,376,450,235,established,change
2026-07-15,1259505,9900007215555,Steve Sheppard,311,310,375,established,change
2026-07-15,1342206,9900008167648,Steve Troyer,333,300,170,preliminary,change
2026-07-15,1197065,9900006572789,Tanner Harmon,327,330,131,preliminary,change
2026-07-15,1050289,9900004781343,Tap Sittiseri,461,460,895,established,change
2026-07-15,1170165,9900006102634,Taylor Reimann,237,250,443,established,change
2026-07-15,1302591,9900007768396,Thomas (TJ) Olmsted,514,510,692,established,change
2026-07-15,1301834,9900007759776,Tiffany Hollier,235,250,90,preliminary,change
2026-07-15,1284318,9900007474143,Tim Henderson,299,305,190,preliminary,change
2026-07-15,1396621,9900008854036,Tom Chase,601,625,30,preliminary,change
2026-07-15,1239195,9900007013687,Tommy Hunter,463,400,1025,established,change
2026-07-15,1121548,9900005596700,Trey Cassels,475,470,369,established,change
2026-07-15,1302748,9900007769775,Ujjesa Dhanak,200,250,155,preliminary,change
2026-07-15,1309961,9900007843895,Valerie Ray,239,270,221,established,change
2026-07-15,1243055,9900007051344,Walter Eckhardt,438,525,352,established,change
2026-07-15,1332992,9900008075721,Zach Burke,363,370,141,preliminary,change
2026-07-15,1335591,9900008107026,Zach Michel,368,370,181,preliminary,change
2026-07-15,1139739,9900005785548,Zack Saxton,370,325,418,established,change
2026-07-15,995098,9900004165587,Zack Taylor,356,355,591,established,change
2026-07-15,1190535,9900006504537,Bruce 'Bear' Hahn,377,400,593,established,change
2026-07-15,1249800,9900007115121,Chris S Tuttle,288,350,423,established,change
2026-07-15,1160337,9900005993332,Howard Popejoy,426,300,459,established,change
2026-07-15,1233546,9900006944050,John T Young,476,450,353,established,change
2026-07-15,1366416,9900008560272,"Robert ""Bob"" Fenner",428,470,69,preliminary,change
2026-07-15,1398521,9900008872702,Alan Saville,451,455,15,preliminary,change
2026-07-15,1398519,9900008872689,Dan Hosier,540,555,16,preliminary,change
2026-07-15,1398232,9900008869962,Douglas  Jamison,342,325,30,preliminary,change
2026-07-15,1398520,9900008872696,Lance Collins,435,450,19,preliminary,change
2026-07-15,1398235,9900008869993,Mark  Van Nostrand,386,390,6,preliminary,change
2026-07-15,1398243,9900008870074,Peter Watson,238,250,18,preliminary,change
2026-07-15,1398242,9900008870067,Phillip Mendoza,398,400,23,preliminary,change
2026-07-15,1398239,9900008870036,Richard Laird,344,365,37,preliminary,change
2026-07-15,1398233,9900008869979,Tracie Brunner,272,250,10,preliminary,change
2026-07-16,1315471,9900007899199,Richard Kieselstein,432,0,65,preliminary,change
2026-07-16,1198234,9900006584492,Andy Collier,378,0,146,preliminary,change
2026-07-16,641895,0165988,Adam Estrada,496,525,489,established,change
2026-07-16,1223403,9900006843278,Andy Ross,535,0,20,preliminary,change
2026-07-16,841150,0299034,Amy Silvernale,387,388,2109,established,change
2026-07-16,1348811,9900008384403,Jamison Yanish,442,375,327,established,change
2026-07-16,1266571,9900007287316,Amy Clark,147,275,347,established,change
2026-07-16,1356559,9900008463825,Andrew Holstein,376,0,32,preliminary,change
2026-07-16,1013591,9900004341165,Adrian Valerio,408,375,881,established,change
2026-07-16,1095808,9900005333442,Becky Schweer,390,0,916,established,change
2026-07-16,1237946,9900007000151,Archit Gupta,425,0,515,established,change
2026-07-16,1310527,9900007849569,Ash Staunton,415,0,134,preliminary,change
2026-07-16,1367889,9900008574743,Austin Martin,261,350,323,established,change
2026-07-16,1327139,9900008017677,Carolyn Lampkin,270,0,114,preliminary,change
2026-07-16,1104323,9900005420135,carlos correa,507,525,647,established,change
2026-07-16,1350950,9900008406846,Che Darke,488,0,36,preliminary,change
2026-07-16,1006979,9900004271592,Chris Sakich,534,525,571,established,change
2026-07-16,1128445,9900005666397,Christine Zek,104,0,25,preliminary,change
2026-07-16,972787,9900004547079,Dan McMahan,364,399,3053,established,change
2026-07-16,1127996,9900005662269,Jarred Lewis,440,440,655,established,change
2026-07-16,1257718,9900007197318,Colton Bales,424,525,480,established,change
2026-07-16,684312,0264608,Craig Douglas,513,525,2525,established,change
2026-07-16,1148225,9900005870602,Crystal Frais,451,0,288,established,change
2026-07-16,990424,9900004099509,Dan Walker,372,400,1026,established,change
2026-07-16,1319448,9900007938959,Dan Mittskus,483,0,126,preliminary,change
2026-07-16,1200520,9900006607061,Darren Thompson,279,0,52,preliminary,change
2026-07-16,1342737,9900008172772,Dan Marrs,402,0,144,preliminary,change
2026-07-16,626213,0301684,David Motarjemi,439,377,2381,established,change
2026-07-16,1140019,9900005787917,Dennis Corneillie,570,0,877,established,change
2026-07-16,1117343,9900005552850,Ken Sciacca,431,525,812,established,change
2026-07-16,1082188,9900005188103,Doug Fisher,452,350,1495,established,change
2026-07-16,1333726,9900008082453,Moses Hauk,348,0,370,established,change
2026-07-16,972799,9900006162751,Duane Muterspaugh,455,0,985,established,change
2026-07-16,1347083,9900008217688,Don Nguyen,341,0,262,established,change
2026-07-16,1322531,9900007969397,Elijah Moore,439,0,65,preliminary,change
2026-07-16,1327980,9900008025160,Dustin Trevathan,407,0,100,preliminary,change
2026-07-16,1013343,9900004337540,Fred Musheno,549,0,197,preliminary,change
2026-07-16,767806,9900000386665,Frank Baca,650,675,307,established,change
2026-07-16,1349358,9900008391142,Ryan Myers,228,300,66,preliminary,change
2026-07-16,1152950,9900005921021,Catherine Romero,384,425,385,established,change
2026-07-16,1046163,9900004735650,Erika Charlifoux,269,375,401,established,change
2026-07-16,1345437,9900008198772,Fernando Frias,470,0,105,preliminary,change
2026-07-16,1345999,9900008205074,Frank Volpe,402,399,342,established,change
2026-07-16,1365706,9900008553120,Garrett Hamlin,202,0,18,preliminary,change
2026-07-16,1067722,9900005038941,Greg Bachicha,448,389,843,established,change
2026-07-16,689725,9900003266681,Heath Thomsen,494,525,858,established,change
2026-07-16,1286280,9900007493618,Holly Knepp,404,0,140,preliminary,change
2026-07-16,1204166,9900006643496,Gerrod Lujan,560,450,596,established,change
2026-07-16,1306184,9900007804155,Nick Delacruz,530,0,405,established,change
2026-07-16,1301134,9900007751534,Gianni Chacon,397,0,8,preliminary,change
2026-07-16,1381771,9900008710745,John Eubanks,443,525,117,preliminary,change
2026-07-16,965947,0181956,Jack Chen,579,500,706,established,change
2026-07-16,1121246,9900005593303,Jaime Rech,466,430,915,established,change
2026-07-16,1143742,9900005825367,Kris Bisram,493,0,120,preliminary,change
2026-07-16,1301136,9900007751350,Jay Clark,415,0,74,preliminary,change
2026-07-16,17608,0237753,Jacob Mitchell,599,525,278,established,change
2026-07-16,1002862,9900004223706,James Garrtano,448,300,697,established,change
2026-07-16,1105181,9900005429084,Jessica Knapp,322,0,39,preliminary,change
2026-07-16,1329051,9900008036593,Jesus Perez,380,0,36,preliminary,change
2026-07-16,1345441,9900008199045,Jennifer Griffin,307,0,38,preliminary,change
2026-07-16,1186390,9900006460963,Jerry Montoya,486,0,499,established,change
2026-07-16,1015496,9900004362894,Brayden Wiley,411,400,489,established,change
2026-07-16,1017058,9900004380560,Jeff Barnard,520,525,2362,established,change
2026-07-16,1315459,9900007898970,Jenn Daya,428,0,427,established,change
2026-07-16,1319454,9900007939192,Jeff Tulip,435,0,20,preliminary,change
2026-07-16,15865,0038701,Jodi Talmadge,325,458,171,preliminary,change
2026-07-16,935957,9900003107731,Joey Robinson-Ridings,494,490,1425,established,change
2026-07-16,1009680,9900004299176,JJ Martell,632,525,2493,established,change
2026-07-16,12802,0114213,John Davalos,450,462,1921,established,change
2026-07-16,1239085,9900007011324,Jonathan Argumedo,389,0,85,preliminary,change
2026-07-16,979192,0346655,John Rolston,503,625,4106,established,change
2026-07-16,1310532,9900007849422,Jolena Thompson,264,0,62,preliminary,change
2026-07-16,1370196,9900008597513,Jonathan Reed,508,0,25,preliminary,change
2026-07-16,1095819,9900005333558,Joseph Kuhlemy,501,0,642,established,change
2026-07-16,1160215,9900005992328,Juan Solis,527,0,191,preliminary,change
2026-07-16,1281273,9900007439524,Ronald Kafer,264,300,531,established,change
2026-07-16,1166409,9900006056036,Jordan Pelzer,390,405,831,established,change
2026-07-16,1260275,9900007223840,Jordan Foxx,458,440,685,established,change
2026-07-16,1296844,9900007706947,Jose Ramirez,541,535,582,established,change
2026-07-16,1273215,9900007356517,Justin Stewart,530,550,498,established,change
2026-07-16,1241128,9900007033135,Josh Rottschaefer,526,485,616,established,change
2026-07-16,1219920,9900006803753,Josh Messmore,512,500,424,established,change
2026-07-16,1348817,9900008384816,Jordan Chadrick,283,0,20,preliminary,change
2026-07-16,1301139,9900007751787,Mustafa Neemuchwala,302,0,37,preliminary,change
2026-07-16,1131330,9900005696059,Kelly Majka,281,0,119,preliminary,change
2026-07-16,1093527,9900005310030,Kelly Kirkpatrick,448,0,889,established,change
2026-07-16,1374484,9900008639558,Kelly Stiefel,596,0,66,preliminary,change
2026-07-16,1102208,9900005398793,Kim Majerus,463,413,2224,established,change
2026-07-16,693386,0233553,Kevin Bradley,518,530,1759,established,change
2026-07-16,789066,0264614,Kristine Douglas,425,369,906,established,change
2026-07-16,1370203,9900008597988,Kyle Kuklinski,73,0,36,preliminary,change
2026-07-16,1362871,9900008526384,Kennan Ogle,338,0,50,preliminary,change
2026-07-16,1008294,9900004285063,Laura Orlikoff,342,322,995,established,change
2026-07-16,1174690,9900006144795,Leo Calderon,344,0,54,preliminary,change
2026-07-16,1202498,9900006626734,Marco Tony Caballeros,349,315,760,established,change
2026-07-16,1324695,9900007992111,Lukas Huff,374,0,32,preliminary,change
2026-07-16,1023382,9900003906969,Matt Burns,521,400,2644,established,change
2026-07-16,1115595,9900005535211,Mark Yamasaki,541,450,1734,established,change
2026-07-16,1202835,9900006629605,Michael Magnelli,375,0,142,preliminary,change
2026-07-16,1236056,9900006980959,Mike Garcia,505,414,293,established,change
2026-07-16,1350961,9900008406945,Mike Cox,430,0,660,established,change
2026-07-16,1313382,9900007877975,Mike Mcgee,367,0,54,preliminary,change
2026-07-16,1317557,9900007919927,Nate Lucich,419,0,109,preliminary,change
2026-07-16,1228996,9900006899527,Miguel Deleon,441,450,457,established,change
2026-07-16,1362875,9900008525592,Michael Maxwell,357,325,165,preliminary,change
2026-07-16,1370208,9900008597384,Mick McCormac,576,0,30,preliminary,change
2026-07-16,1108145,9900005459654,OSCAR TORRIES,280,0,13,preliminary,change
2026-07-16,1135907,9900005745337,Pete Wade,438,0,657,established,change
2026-07-16,1119937,9900005579680,Pete Apodaca,461,525,503,established,change
2026-07-16,1172903,9900006125343,Phil Hood,465,460,1486,established,change
2026-07-16,1210575,9900006707525,Nikki Maxwell,401,407,1183,established,change
2026-07-16,935986,0379989,Oskar Saks,556,0,446,established,change
2026-07-16,1367695,9900008572893,Otis Hartsoe,379,350,63,preliminary,change
2026-07-16,1132303,9900005657463,Rachel Bradford,424,450,1561,established,change
2026-07-16,1228270,9900006892399,primo fraire,565,0,557,established,change
2026-07-16,1330340,9900008048541,Rigo Garza,363,0,31,preliminary,change
2026-07-16,1249917,9900007116272,Ricky Gallardo,447,350,694,established,change
2026-07-16,1363252,9900008529286,Pradeep Prabhakaran,454,0,80,preliminary,change
2026-07-16,1356607,9900008463818,Rishi Singh,394,0,137,preliminary,change
2026-07-16,1247936,9900007095713,Randy Wade,280,300,178,preliminary,change
2026-07-16,14549,0038788,Ron Van Valkenburg,544,541,296,established,change
2026-07-16,1117388,9900005553352,Robert Dejarnette,580,550,832,established,change
2026-07-16,930335,0375290,Ryan Henry,634,0,2434,established,change
2026-07-16,972867,9900008312314,Robert Martinez,552,0,538,established,change
2026-07-16,1370216,9900008598107,Rodger Prock,400,0,48,preliminary,change
2026-07-16,1095391,9900005329339,Ron Cox,480,525,1323,established,change
2026-07-16,972436,0069588,Shawn McKelvy,596,530,3642,established,change
2026-07-16,1020039,9900004421683,Ryan Tibbetts,425,300,861,established,change
2026-07-16,1305803,9900007800935,Sean Rushing,306,300,760,established,change
2026-07-16,1370219,9900008597476,Seth Cooprider,384,0,230,established,change
2026-07-16,1118023,9900005559781,Tasman Floyde,490,0,197,preliminary,change
2026-07-16,1336929,9900008115151,Skyler Bergeron,458,375,211,established,change
2026-07-16,1350965,9900008406990,Scott Brookhouser,417,0,16,preliminary,change
2026-07-16,972895,9900005813371,Travis Thorsten,609,0,1865,established,change
2026-07-16,1309684,9900007841136,Adam Miller,360,400,198,preliminary,change
2026-07-16,1008602,9900004288125,Todd McWhirter,495,495,2042,established,change
2026-07-16,995096,9900004165921,Tony Trela,577,575,958,established,change
2026-07-16,1227751,9900006886367,TJ Hinesley,392,420,295,established,change
2026-07-16,1342662,9900008172055,Tucker Grossman,474,450,161,preliminary,change
2026-07-16,1360741,9900008503439,Tracy Holbrook,392,415,86,preliminary,change
2026-07-16,1334579,9900008091318,Todd Mettler,521,460,175,preliminary,change
2026-07-16,1386361,9900008755494,Tyler Spencer,405,0,16,preliminary,change
2026-07-16,1378922,9900008683087,Travis Franklin,140,0,8,preliminary,change
2026-07-16,1185598,9900006454436,William Terral,439,0,94,preliminary,change
2026-07-16,1246024,9900007080160,Vladimir Katsuba,414,372,273,established,change
2026-07-16,1232692,9900006935959,Victor Lujan,502,0,279,established,change
2026-07-16,1341593,9900008161127,Zack Hrovat,393,0,414,established,change
2026-07-16,1370227,9900008598268,Will Just,368,0,59,preliminary,change
2026-07-16,1313881,9900007885246,Alex Corneillie,481,475,123,preliminary,change
2026-07-16,1326317,9900008009474,Amber Frye,271,325,158,preliminary,change
2026-07-16,1106894,9900005446678,Andrew Fry,507,0,64,preliminary,change
2026-07-16,1189293,9900006491639,Andrew Gillespie,432,0,583,established,change
2026-07-16,1056882,9900004843706,Art Stasny,512,510,136,preliminary,change
2026-07-16,948189,0227490,Brian Swift,382,0,46,preliminary,change
2026-07-16,839913,0259934,Candice Currie,325,365,312,established,change
2026-07-16,1151885,9900005910025,Chad Reid,454,460,389,established,change
2026-07-16,772485,0312283,Cheryl Ide,320,272,1906,established,change
2026-07-16,1267895,9900007300817,Chris Woodcock,378,410,382,established,change
2026-07-16,1128001,9900005662306,Collin Riss,427,395,536,established,change
2026-07-16,1190697,9900006505510,Corey Vezina,412,300,740,established,change
2026-07-16,677701,0239625,Dammon Spencer,528,525,2242,established,change
2026-07-16,1239594,9900007017708,Dawn Ferris,165,325,438,established,change
2026-07-16,1164006,9900006031286,Derek Bemoras,493,450,906,established,change
2026-07-16,1357890,9900008476702,Doug Bryan,497,495,90,preliminary,change
2026-07-16,1374467,9900008639510,Dustin Keranen,357,0,17,preliminary,change
2026-07-16,1260599,9900007229996,Dylan Manzanares,374,365,250,established,change
2026-07-16,693154,0243698,Eddie Pacheco,503,525,2239,established,change
2026-07-16,1299314,9900007731086,JUAN EMILIO RON FERNANDEZ-MOSQUERA,362,0,0,preliminary,change
2026-07-16,1122646,9900005607574,eric nicoli,451,400,371,established,change
2026-07-16,1238459,9900007005507,Erick Franco,497,500,232,established,change
2026-07-16,757787,0281864,Eugene Onofrio,514,545,1708,established,change
2026-07-16,1005226,9900004251013,Filip Stibral,484,485,235,established,change
2026-07-16,1381493,9900008708124,Frankie Leal,489,525,101,preliminary,change
2026-07-16,1264991,9900007272367,Gail Nadeau,377,375,275,established,change
2026-07-16,1009705,9900004299404,Gemini Burns,335,325,310,established,change
2026-07-16,1243970,9900007060445,George Bristow,371,300,641,established,change
2026-07-16,1284313,9900007474112,Glenn Good,423,525,312,established,change
2026-07-16,1367588,9900008572190,Greg Kasarcik,401,0,45,preliminary,change
2026-07-16,800701,0236156,Heather Frayer,452,402,918,established,change
2026-07-16,798883,0299560,Heather Gunderson,406,431,542,established,change
2026-07-16,1188160,9900006481586,Heidi Oliver,318,350,519,established,change
2026-07-16,972811,9900000532888,James Brothers,563,525,1755,established,change
2026-07-16,1232451,9900006939445,James O'Connell,405,415,375,established,change
2026-07-16,1054010,9900004813624,Jamos Purtill,448,475,906,established,change
2026-07-16,1266598,9900007287491,Jared Sharpe,415,375,235,established,change
2026-07-16,810956,0302226,Jarod Adams,507,522,289,established,change
2026-07-16,1272167,9900007345641,Jeff Grames,403,425,333,established,change
2026-07-16,1370193,9900008598343,Jimmy Smyrnios,304,0,6,preliminary,change
2026-07-16,1341042,9900008155980,Joann Roybal,306,300,145,preliminary,change
2026-07-16,1228453,9900006893600,Jodi jacobs,399,0,12,preliminary,change
2026-07-16,706350,0265351,Joe Raehal,307,525,1820,established,change
2026-07-16,652630,0264607,John Raehal,466,525,2108,established,change
2026-07-16,1348816,9900008384311,John Sawchuk,389,0,7,preliminary,change
2026-07-16,1301637,9900007758588,Joshua Setter,438,440,160,preliminary,change
2026-07-16,1009684,9900004299213,Kelli Harrison,356,375,1659,established,change
2026-07-16,1356305,9900008461074,Kippy Melone,241,300,106,preliminary,change
2026-07-16,1155943,9900005950014,Lawrence Subiono,419,435,390,established,change
2026-07-16,1325220,9900007998755,Lyndsay Taylor,243,260,248,established,change
2026-07-16,1127232,9900005653687,Mark Kabigting,-37,0,0,preliminary,change
2026-07-16,1074059,9900005101577,Mary Bryant,441,397,1403,established,change
2026-07-16,1339167,9900008140528,Maurice Hall,250,260,65,preliminary,change
2026-07-16,1371911,9900008614739,Melanie Elson,85,0,12,preliminary,change
2026-07-16,1385239,9900008744313,Michael Foley,437,430,20,preliminary,change
2026-07-16,1023457,9900004459303,Michael Loeffler,404,400,354,established,change
2026-07-16,1286817,9900007499665,Mike archer,382,0,135,preliminary,change
2026-07-16,1373070,9900008626114,Mindy Montgomery,271,0,26,preliminary,change
2026-07-16,1103794,9900005414752,Monico Rivera,382,360,756,established,change
2026-07-16,995088,9900004165495,Patrick McNally,537,535,1623,established,change
2026-07-16,1232425,9900006932798,Peggy Litton,298,300,298,established,change
2026-07-16,1123120,9900005612790,Phillip Gomez,225,300,155,preliminary,change
2026-07-16,972863,9900005618846,Raechel Fogle,387,350,735,established,change
2026-07-16,1327149,9900008017653,Ricky Thomas,379,380,28,preliminary,change
2026-07-16,855155,0301295,Robert Chadwick,496,525,2134,established,change
2026-07-16,825463,0301274,Robin Chadwick,428,441,748,established,change
2026-07-16,1216662,9900006768441,Robin Meehan,338,385,517,established,change
2026-07-16,679564,0265535,Ronald Gardner,349,525,1931,established,change
2026-07-16,1179350,9900006291741,Sam Ferris,512,522,1558,established,change
2026-07-16,1301580,9900007758144,Sean Baas,378,360,379,established,change
2026-07-16,1225327,9900006862408,Sean Menard,433,0,32,preliminary,change
2026-07-16,1379678,9900008690672,Spencer Smith,528,0,42,preliminary,change
2026-07-16,1082978,9900005197747,Steve Avery,531,550,174,preliminary,change
2026-07-16,1301633,9900007758557,Tanya Love,236,255,216,established,change
2026-07-16,1365053,9900008546931,Thomas Herrera,457,0,0,preliminary,change
2026-07-16,1347096,9900008218258,Turner Mann,236,0,31,preliminary,change
2026-07-16,1332882,9900008075011,Wayne Bruni,423,430,180,preliminary,change
2026-07-16,1053892,9900004813587,Yolanda Polsky,343,0,631,established,change
2026-07-16,1090477,9900005278422,Barbara Hanson,137,300,290,established,change
2026-07-16,1262126,9900007243312,Brian Hall,375,500,272,established,change
2026-07-16,1114086,9900005519938,Christopher Cho,428,440,769,established,change
2026-07-16,1047511,9900004749183,David Marsh,535,525,536,established,change
2026-07-16,1242283,9900007043301,Frank Souk,427,425,430,established,change
2026-07-16,1154180,9900005933154,Jason Carroll,404,435,414,established,change
2026-07-16,1330512,9900008050636,Jason Hudson,532,0,55,preliminary,change
2026-07-16,1358213,9900008479857,Jon Gill,412,410,65,preliminary,change
2026-07-16,1005213,9900004250528,Matt Olsen,423,440,224,established,change
2026-07-16,1209285,9900006694832,Michael Palmer,320,335,227,established,change
2026-07-16,1366133,9900008557562,Pamela Brown,458,0,0,preliminary,change
2026-07-16,751240,0068602,Charlie Williamson,554,525,2771,established,change
2026-07-16,876176,0316831,Chrissie Garritano,306,425,596,established,change
2026-07-16,731079,0244678,Dave Frankovic,448,422,232,established,change
2026-07-16,813997,0158882,Ken Byrd,450,525,2845,established,change
2026-07-16,1238492,9900007006061,Matt Roybal,414,400,479,established,change
2026-07-16,1235281,9900006969268,Nathan Cleveland,331,320,45,preliminary,change
2026-07-16,1244686,9900007067383,Tom Forster,414,0,194,preliminary,change
2026-07-16,1135629,9900005742633,Tori Russick,341,335,777,established,change
2026-07-16,1282463,9900007454718,Javi Olivas,376,350,372,established,change
2026-07-16,1009701,9900004299374,Jeff Lang,640,525,1914,established,change
2026-07-16,969124,0355884,Aaron Gupton,568,525,1366,established,change
2026-07-16,1065647,9900005019131,Adam Lombardi,526,530,855,established,change
2026-07-16,847683,0295312,Alex Barraza,450,475,78,preliminary,change
2026-07-16,1257644,9900007196199,Alex Ruskaup,492,500,51,preliminary,change
2026-07-16,1327133,9900008017318,Angie Russell,249,0,6,preliminary,change
2026-07-16,1334600,9900008091493,Anthony Maleville,452,450,41,preliminary,change
2026-07-16,1280660,9900007432501,Audrie Scheele,96,0,10,preliminary,change
2026-07-16,1104317,9900005420074,Chris Bourg,389,368,978,established,change
2026-07-16,1364696,9900008543411,Chris Connroy,287,250,83,preliminary,change
2026-07-16,1300777,9900007747476,Chris Krueger,382,400,259,established,change
2026-07-16,1291729,9900007552964,CHRIS LINNEN,495,0,109,preliminary,change
2026-07-16,1034666,9900004599023,Chris Mcneal,431,0,12,preliminary,change
2026-07-16,626560,0307388,Chuck Leeper Jr,624,603,839,established,change
2026-07-16,1335488,9900008101512,Colin Holgate,450,450,48,preliminary,change
2026-07-16,995108,9900004165686,Daniel Bennett,420,425,192,preliminary,change
2026-07-16,1231351,9900006928210,David Bender,424,410,639,established,change
2026-07-16,879320,0219015,David Brunner,426,525,229,established,change
2026-07-16,1054692,9900004821445,David Fremgen,400,0,347,established,change
2026-07-16,1374462,9900008640332,David Mans,251,0,14,preliminary,change
2026-07-16,1174534,9900006143811,David Trachy,442,0,328,established,change
2026-07-16,1365004,9900008546443,Eddie Wong,458,480,122,preliminary,change
2026-07-16,1337886,9900008124252,Fiross Jarrar,174,0,36,preliminary,change
2026-07-16,1231541,9900006923727,Jack Taft,485,431,289,established,change
2026-07-16,1053461,9900004809047,James Stephan,560,0,51,preliminary,change
2026-07-16,1240333,9900007024737,Joe Gray,378,375,186,preliminary,change
2026-07-16,995111,9900004165716,John Adams,539,550,1632,established,change
2026-07-16,1372300,9900008618416,John Hartsoe,350,350,0,preliminary,change
2026-07-16,1190533,9900006504018,John Krue,505,473,1012,established,change
2026-07-16,1139628,9900005784473,Jon Moy,513,500,528,established,change
2026-07-16,1374479,9900008639602,Josh Scott,365,0,9,preliminary,change
2026-07-16,787953,0205750,Kenny Thompson,408,400,1853,established,change
2026-07-16,1104277,9900005419092,Kennedy Wolf,241,0,17,preliminary,change
2026-07-16,1324694,9900007992029,Kevin Reid,555,0,186,preliminary,change
2026-07-16,1190862,9900006507347,Leann Hubbard,473,0,310,established,change
2026-07-16,1105185,9900005428865,LEVI LESTER,377,0,80,preliminary,change
2026-07-16,1365001,9900008546412,Matt Sylvester,513,550,142,preliminary,change
2026-07-16,1317556,9900007920190,Mike Miller,430,0,24,preliminary,change
2026-07-16,1372295,9900008618362,Morgan Townsend,471,450,41,preliminary,change
2026-07-16,15681,0128536,Paul Drinnon,585,525,1840,established,change
2026-07-16,1004206,9900004239318,Robert Duran,356,525,1219,established,change
2026-07-16,1342719,9900008172611,Roman Archuleta,450,450,38,preliminary,change
2026-07-16,1218518,9900006789248,Ruben Ramos,393,375,121,preliminary,change
2026-07-16,1282975,9900007460436,Sheldon Leonard,285,275,68,preliminary,change
2026-07-16,1334617,9900008091608,Stephen Dubois,453,450,63,preliminary,change
2026-07-16,1100000,9900005375909,Tommy Martin,522,0,930,established,change
2026-07-16,1367468,9900008570639,Toni Cruz,367,400,105,preliminary,change
2026-07-16,1173561,9900006131436,Tony Thomas,522,0,48,preliminary,change
2026-07-16,1334307,9900008087496,Zachary Solon,414,0,0,preliminary,change
2026-07-16,998403,9900001493614,Aaron Alexander,366,500,340,established,change
2026-07-16,1227045,9900006879154,Aaron Bigelow,402,370,535,established,change
2026-07-16,1383623,9900008729204,Adam Lopez,284,300,40,preliminary,change
2026-07-16,1002562,9900004218597,Adam Sanchez,449,445,884,established,change
2026-07-16,1038144,9900004636803,Adam Tapler,432,500,1396,established,change
2026-07-16,1010949,9900004312189,Alan Adams,313,400,1457,established,change
2026-07-16,1316032,9900007905098,Alana Campbell,260,280,279,established,change
2026-07-16,1316066,9900007905326,Allan Cease,523,525,5,preliminary,change
2026-07-16,10858,0000030,Allen Dillie,477,486,2185,established,change
2026-07-16,1017489,9900004385091,Allen Sauer,427,350,846,established,change
2026-07-16,1313281,9900007879160,Andrew Funk,398,350,177,preliminary,change
2026-07-16,1339051,9900008136002,Andrew Gonzales,373,430,116,preliminary,change
2026-07-16,1367502,9900008570967,Andrew Martinez,335,375,110,preliminary,change
2026-07-16,1303551,9900007777831,Andrew Pellum,251,260,83,preliminary,change
2026-07-16,1144175,9900005829815,Andy Konechne,367,355,596,established,change
2026-07-16,1383627,9900008729242,Annette Stephens,224,250,15,preliminary,change
2026-07-16,1061582,9900004903868,Anthony Caputo,345,279,360,established,change
2026-07-16,1319889,9900007943953,Anthony Losino,475,475,262,established,change
2026-07-16,987913,9900004061049,Anthony Sandoval,441,435,660,established,change
2026-07-16,1309785,9900007841815,Ari Schapira,456,350,247,established,change
2026-07-16,1029178,9900004527101,Ariana Kravette,228,250,470,established,change
2026-07-16,1282382,9900007453636,Ben forrester,350,350,103,preliminary,change
2026-07-16,1105352,9900005430653,Ben Hodges,411,525,315,established,change
2026-07-16,1136405,9900005750362,Ben North,225,250,102,preliminary,change
2026-07-16,1357189,9900008469797,Benjamin Bachran,360,370,171,preliminary,change
2026-07-16,627565,0031959,Bill Bryant,432,525,173,preliminary,change
2026-07-16,1324683,9900007992920,Bill Mellenthin,372,0,39,preliminary,change
2026-07-16,1005199,9900004250399,Blake Stewart,479,450,982,established,change
2026-07-16,1009686,9900004299237,Bob King,485,525,1364,established,change
2026-07-16,817060,0272276,Bob Rabito,526,525,1475,established,change
2026-07-16,1380449,9900008697824,Brad Jacobson,285,295,35,preliminary,change
2026-07-16,1294296,9900007579510,Branden Hubbard,395,0,51,preliminary,change
2026-07-16,1301577,9900007758120,Brandi Skanes,184,260,315,established,change
2026-07-16,1396388,9900008851769,Brandon Lacy,288,300,10,preliminary,change
2026-07-16,1347286,9900008220473,Brandon Voth,350,362,255,established,change
2026-07-16,1126301,9900005644630,Brent Smith,424,350,801,established,change
2026-07-16,887281,0304736,Bret Sibley,439,525,155,preliminary,change
2026-07-16,1152848,9900005918656,Brian Loitsch,351,345,278,established,change
2026-07-16,1393287,9900008820840,Brian  Phelps,388,400,21,preliminary,change
2026-07-16,1228993,9900006898919,Bruce Balsley,340,400,214,established,change
2026-07-16,1131347,9900005696646,Bruce Huggins,445,525,55,preliminary,change
2026-07-16,1274325,9900007369555,Bruce Tucker,584,350,428,established,change
2026-07-16,1028708,9900004525893,Carlos Ortega,456,440,275,established,change
2026-07-16,1239108,9900007013519,Caryn Dalrymple,204,425,374,established,change
2026-07-16,1174237,9900006141527,Cate Wood,294,280,348,established,change
2026-07-16,1005210,9900004250498,Chad Hartmann,337,350,373,established,change
2026-07-16,1028021,9900004514859,Chad Merz,467,350,739,established,change
2026-07-16,1248245,9900007102121,Chris Gandy,386,370,381,established,change
2026-07-16,1336294,9900008109914,Chrissi Wheeler,280,375,170,preliminary,change
2026-07-16,1010288,9900004304993,Christian McWilliams,276,275,918,established,change
2026-07-16,1291227,9900007548660,Christine Ortega,245,265,329,established,change
2026-07-16,1364458,9900008541141,Colt Brown,492,310,230,established,change
2026-07-16,1367501,9900008570950,Colton Martinez,282,300,100,preliminary,change
2026-07-16,1008598,9900004288088,Cord Thompson,476,465,379,established,change
2026-07-16,1291332,9900007549988,Cullum Clampitt,297,300,153,preliminary,change
2026-07-16,1005277,9900004251280,Curtis Escamilla,427,0,238,established,change
2026-07-16,1117864,9900005558173,Dale Eller,328,350,1109,established,change
2026-07-16,1005278,9900004251297,Dan Becker,464,460,955,established,change
2026-07-16,1266575,9900007287750,Dan Bergeron,483,525,469,established,change
2026-07-16,1183156,9900006429410,Dan Hogan,338,330,152,preliminary,change
2026-07-16,1275417,9900007379592,Dan Lesko,300,275,269,established,change
2026-07-16,791400,0023408,Dan Okorn,461,525,2208,established,change
2026-07-16,1396626,9900008854081,Dan Ukleja,261,275,20,preliminary,change
2026-07-16,1271225,9900007337363,Dani Bean,209,250,299,established,change
2026-07-16,972437,0014442,Daniel Hoyer,500,525,2126,established,change
2026-07-16,753037,0327540,Daniel Martinez,492,525,507,established,change
2026-07-16,1232941,9900006939438,Darren Sais,505,525,180,preliminary,change
2026-07-16,1011402,9900004316507,Darrin Sais,482,450,315,established,change
2026-07-16,1208260,9900006684611,DAVE ATTEBERRY,420,400,511,established,change
2026-07-16,622885,0004671,Deb Winter,493,450,137,preliminary,change
2026-07-16,1237254,9900006993355,Dennis Medina,468,425,405,established,change
2026-07-16,1367898,9900008574835,Derek Derek Myrick,381,375,80,preliminary,change
2026-07-16,1185865,9900006456645,Devin Pratt,259,250,417,established,change
2026-07-16,1009678,9900004299169,Dick Petrash,444,525,2291,established,change
2026-07-16,1248779,9900007105184,Diego Garcia,313,310,332,established,change
2026-07-16,1291239,9900007548769,Dominic Covarrubias,331,300,332,established,change
2026-07-16,1023179,9900004455152,Dominick Pettinato,389,0,461,established,change
2026-07-16,1397031,9900008858133,Don Gonzales,229,0,20,preliminary,change
2026-07-16,995099,9900004165594,Don Hines,377,375,1085,established,change
2026-07-16,17993,0233650,Donald Wade,545,500,293,established,change
2026-07-16,669968,0301438,Doug Seeley,555,525,2198,established,change
2026-07-16,1118084,9900005561388,douglas rhodes,480,525,77,preliminary,change
2026-07-16,1301507,9900007755174,Drew Drury,183,260,123,preliminary,change
2026-07-16,1125558,9900005637151,Dustin Carpentier,481,400,984,established,change
2026-07-16,1008599,9900004288095,Earl Stocker,330,330,448,established,change
2026-07-16,1251222,9900007129128,Elizabeth Bullock,255,300,409,established,change
2026-07-16,1359399,9900008491453,Elizabeth Lowe,275,280,35,preliminary,change
2026-07-16,1301510,9900007755204,Emeka Okoye,190,250,248,established,change
2026-07-16,1308000,9900007823569,Emily Feldkamp,267,260,366,established,change
2026-07-16,1133190,9900005717389,Eric Donald,516,475,1460,established,change
2026-07-16,1352215,9900008420781,Eric Heilig,335,340,91,preliminary,change
2026-07-16,1189288,9900006491592,Eric Kolish,480,500,208,established,change
2026-07-16,1301761,9900007759264,Eric O'Neill,224,260,118,preliminary,change
2026-07-16,1314890,9900007892978,Erik Coburn,341,300,644,established,change
2026-07-16,1237169,9900006992501,Erik Kesteloot,404,390,381,established,change
2026-07-16,1338942,9900008135463,Ernesto Vigil,419,420,114,preliminary,change
2026-07-16,1104318,9900005420081,ernie sanchez,554,525,683,established,change
2026-07-16,1363632,9900008532996,Felipe Cruz,392,420,81,preliminary,change
2026-07-16,1047320,9900004747257,Gabe Zapata,433,390,305,established,change
2026-07-16,674551,0007776,Gary Howard,446,414,1899,established,change
2026-07-16,632767,0264611,Gary Johnson,510,523,1239,established,change
2026-07-16,1236051,9900006981581,Gene Heidel,508,0,60,preliminary,change
2026-07-16,831614,0276732,George Silva,475,525,90,preliminary,change
2026-07-16,1245552,9900007075746,Ginger Jamieson,206,300,537,established,change
2026-07-16,1185863,9900006456621,Grady Martin,293,275,647,established,change
2026-07-16,1397255,9900008860327,Greg East,496,500,10,preliminary,change
2026-07-16,1394703,9900008835424,Guy Casavan,458,450,15,preliminary,change
2026-07-16,1246478,9900007084182,Harold Wilcox,416,525,489,established,change
2026-07-16,1333868,9900008084617,Heather Donald,288,400,175,preliminary,change
2026-07-16,1331281,9900008058656,Heather Miller,413,375,192,preliminary,change
2026-07-16,995090,9900004165518,Heather Nanstiel,390,380,1005,established,change
2026-07-16,1270887,9900007331859,Henry Batiste,220,250,67,preliminary,change
2026-07-16,753803,0275706,Henry Guerrero,383,458,754,established,change
2026-07-16,1232450,9900006938899,Hudson Irons,359,320,262,established,change
2026-07-16,1271605,9900007339893,Ian Dalrymple,302,450,271,established,change
2026-07-16,752757,0005459,Ivan Lee,486,525,1180,established,change
2026-07-16,1212099,9900006722535,Jacob Farwell,397,380,459,established,change
2026-07-16,1358321,9900008480839,Jaime Macias,392,425,97,preliminary,change
2026-07-16,1397448,9900008862192,Jake Fiss,298,300,5,preliminary,change
2026-07-16,1040174,9900004660266,Jake Rachman,565,525,1824,established,change
2026-07-16,1029965,9900004535182,James GIbson,536,0,139,preliminary,change
2026-07-16,832540,0327615,James Killam,533,525,272,established,change
2026-07-16,1002563,9900004218603,James Waddy,385,400,1288,established,change
2026-07-16,1228928,9900006898094,Janelle Welch,270,300,412,established,change
2026-07-16,1161389,9900006004143,Jared Smith,298,275,608,established,change
2026-07-16,1358315,9900008480778,Jaren Deeter,328,400,88,preliminary,change
2026-07-16,1386854,9900008760702,Jarrod Massey,310,0,5,preliminary,change
2026-07-16,1365005,9900008546450,Jaylene Olin,410,425,25,preliminary,change
2026-07-16,1312602,9900007870303,Jeff Boss,519,530,120,preliminary,change
2026-07-16,1181946,9900006323800,Jeff Emberton,206,525,488,established,change
2026-07-16,1274281,9900007370322,Jeff Fogg,457,465,368,established,change
2026-07-16,837755,0301436,Jeff Leon,486,505,1711,established,change
2026-07-16,1144451,9900005832501,Jeff Rodriguez,466,300,561,established,change
2026-07-16,1320419,9900007949580,Jeremie Carter,173,350,190,preliminary,change
2026-07-16,1224588,9900006853796,Jeremy Church,457,550,436,established,change
2026-07-16,1005219,9900004250580,Jeremy Dupont,393,380,850,established,change
2026-07-16,990427,9900004099530,Jerry Pineau,403,400,1836,established,change
2026-07-16,1127988,9900005662191,Jesse Cooper,252,250,80,preliminary,change
2026-07-16,990420,9900004099462,Jim Bradley,491,400,2309,established,change
2026-07-16,1342751,9900008172925,Joe Plastino,424,425,131,preliminary,change
2026-07-16,1227976,9900006888804,Joey Valdez,429,375,234,established,change
2026-07-16,1030023,9900004536172,John Attanasio,398,350,120,preliminary,change
2026-07-16,1005234,9900004250719,John Miller,372,375,1282,established,change
2026-07-16,804741,0246733,John North,533,525,1497,established,change
2026-07-16,1334627,9900008091691,John Rickert,419,450,40,preliminary,change
2026-07-16,1009002,9900004292306,John Skinner,361,475,197,preliminary,change
2026-07-16,10936,0031868,John Smith,509,617,840,established,change
2026-07-16,844387,0222090,John Vaughan,408,443,593,established,change
2026-07-16,1334512,9900008090472,Jonathan Pressley,401,400,161,preliminary,change
2026-07-16,1126303,9900005644654,Jordan Lisson,387,350,383,established,change
2026-07-16,1151732,9900005907070,Jordan Miles,319,335,505,established,change
2026-07-16,1155944,9900005950021,Joseph Lee,444,430,435,established,change
2026-07-16,1269944,9900007322307,Josh Chukwuma,318,320,321,established,change
2026-07-16,1131349,9900005696516,Josh Kniss,397,525,75,preliminary,change
2026-07-16,1053868,9900004815352,Josh Kravette,344,335,511,established,change
2026-07-16,667951,9900000517359,John JR Reidell,537,530,3047,established,change
2026-07-16,1139740,9900005785555,Juan Leal,231,250,263,established,change
2026-07-16,1227981,9900006888835,Juan Munoz,309,375,265,established,change
2026-07-16,1240615,9900007027776,Justin Clark,374,365,716,established,change
2026-07-16,1209172,9900006693736,Justin Koppstein,323,305,502,established,change
2026-07-16,1332990,9900008075707,Justin Krone,277,285,143,preliminary,change
2026-07-16,1195739,9900006558417,Kathy Popejoy,311,300,156,preliminary,change
2026-07-16,1127987,9900005662184,Katrice Sutton,238,250,35,preliminary,change
2026-07-16,1396627,9900008854098,Keith Gustin,288,300,19,preliminary,change
2026-07-16,1231072,9900006898971,Keith Rice,545,550,411,established,change
2026-07-16,1385327,9900008745082,Kelley wunderlich,288,325,47,preliminary,change
2026-07-16,987174,9900004048064,Ken Sieh,513,548,634,established,change
2026-07-16,1385337,9900008745129,Kevin Hopson,279,300,40,preliminary,change
2026-07-16,1396387,9900008851752,Kevin Judy,302,300,5,preliminary,change
2026-07-16,15232,0031847,Kurt Enkler,587,535,398,established,change
2026-07-16,1319751,9900007943328,Kyle Aker,217,260,85,preliminary,change
2026-07-16,1300802,9900007747636,Kyle Dentlinger,270,285,55,preliminary,change
2026-07-16,1185864,9900006456638,Kyle Dunne,282,270,422,established,change
2026-07-16,1219954,9900006804262,Kyle Kernosek,266,250,277,established,change
2026-07-16,1216699,9900006768625,Kyle Mims,329,320,23,preliminary,change
2026-07-16,1025051,9900004475983,Larry Geering,569,565,102,preliminary,change
2026-07-16,1342522,9900008170648,Lawrence Gallegos,405,425,179,preliminary,change
2026-07-16,1127990,9900005662214,Lee Flansburg,356,345,842,established,change
2026-07-16,1248781,9900007106372,Leith Robertson,372,380,210,established,change
2026-07-16,1270879,9900007331798,Luke Swaney,268,270,61,preliminary,change
2026-07-16,1341585,9900008160182,Marcos Arellno,391,0,122,preliminary,change
2026-07-16,1396625,9900008854074,Mario Mirville,247,250,16,preliminary,change
2026-07-16,1209169,9900006693705,Mark Carringi,336,320,423,established,change
2026-07-16,1008290,9900004285025,Mark Serviss,464,470,917,established,change
2026-07-16,1240320,9900007024539,Markus Biren,410,410,300,established,change
2026-07-16,1367500,9900008570943,Matt Closs,345,375,95,preliminary,change
2026-07-16,717963,0114186,Matt Garcia,547,525,1629,established,change
2026-07-16,1050173,9900004775649,Matt Henderson,375,500,360,established,change
2026-07-16,1020066,9900004421898,Matt Lumpkin,381,375,515,established,change
2026-07-16,1231120,9900006899275,Matt Murray,365,365,85,preliminary,change
2026-07-16,1172339,9900006120416,Matt Undercoffler,440,350,711,established,change
2026-07-16,1262127,9900007243060,Max Hall,392,500,289,established,change
2026-07-16,1276637,9900007395387,Max Pflaumer,343,340,359,established,change
2026-07-16,1332277,9900008069041,Megan Ward,243,270,116,preliminary,change
2026-07-16,1002568,9900004218658,Mel Castillo,308,295,983,established,change
2026-07-16,1304514,9900007788752,Memo Estrada,240,270,65,preliminary,change
2026-07-16,1187981,9900006479163,Micheal Garmon,385,300,408,established,change
2026-07-16,1240303,9900007024393,Mick Welch,370,525,229,established,change
2026-07-16,1341028,9900008156154,Mikayla Guzman,310,300,155,preliminary,change
2026-07-16,1396390,9900008851783,Mike Davenport,305,300,5,preliminary,change
2026-07-16,1009675,9900004299138,Mike Elliott,407,525,215,established,change
2026-07-16,1257553,9900007194560,Mike Emerick,257,275,240,established,change
2026-07-16,1352466,9900008423294,Mike Jalonski,349,375,215,established,change
2026-07-16,802215,0053292,Mike Schaecher,477,525,1040,established,change
2026-07-16,1245561,9900007075807,Mike Stromer,298,400,468,established,change
2026-07-16,1317425,9900007919019,Milo Hang,345,350,211,established,change
2026-07-16,823666,0157302,Maurice Moe Giroux,376,525,2226,established,change
2026-07-16,1098792,9900005363852,Nancy Sandoval,364,0,408,established,change
2026-07-16,1006126,9900004261012,Nate Giordano,387,390,90,preliminary,change
2026-07-16,995115,9900004165754,Nathan Griffith,474,470,384,established,change
2026-07-16,1248244,9900007102114,Nicholas Perfetuo,153,250,271,established,change
2026-07-16,1213434,9900006735238,Nicholas Stier,325,325,166,preliminary,change
2026-07-16,1002560,9900004218573,Nick Johnson,452,430,664,established,change
2026-07-16,1116988,9900005549409,Nick Massenkoff,540,475,905,established,change
2026-07-16,1332877,9900008074984,Nick Mckall,299,300,50,preliminary,change
2026-07-16,1342716,9900008172598,Nick Stone,412,400,353,established,change
2026-07-16,1393513,9900008823087,Patrick Clancy,409,400,45,preliminary,change
2026-07-16,1145244,9900005842166,Patrick Corcoran,316,315,590,established,change
2026-07-16,1008306,9900004285148,Patrick Mitchell,414,405,679,established,change
2026-07-16,1244201,9900007062821,Paul Demciuch,508,485,453,established,change
2026-07-16,1127994,9900005662245,Paul Scherner,340,325,676,established,change
2026-07-16,832091,9900003036390,Petr Dunaj,526,520,288,established,change
2026-07-16,1396389,9900008851776,Phil Latimer,296,300,10,preliminary,change
2026-07-16,1357283,9900008470731,Phil Scheick,386,400,132,preliminary,change
2026-07-16,790327,0316299,Quentin Shehan,539,531,1505,established,change
2026-07-16,1005282,9900004251310,Rachael Bliley,338,325,609,established,change
2026-07-16,1173789,9900006134932,Randall Ross,326,325,48,preliminary,change
2026-07-16,1108304,9900005461152,randy archuleta,367,525,162,preliminary,change
2026-07-16,1396624,9900008854067,Randy  Pierce,339,350,23,preliminary,change
2026-07-16,1335648,9900008107453,Randy Vondrak,419,350,592,established,change
2026-07-16,1282511,9900007455630,Rebecca Masching,345,350,188,preliminary,change
2026-07-16,1309685,9900007842140,Rebekah Miller,216,300,51,preliminary,change
2026-07-16,1336290,9900008109211,Reece Mettler,396,400,186,preliminary,change
2026-07-16,1275385,9900007378823,Regina Crespin,281,300,244,established,change
2026-07-16,1252725,9900007146439,Rich Floyd,470,350,792,established,change
2026-07-16,1389660,9900008787624,Rich Ramos,344,350,42,preliminary,change
2026-07-16,1227726,9900006886183,Rick Rivera,470,450,135,preliminary,change
2026-07-16,1323098,9900007977040,Rick Troutman,344,425,155,preliminary,change
2026-07-16,1358318,9900008480808,Rigoberto Garza,432,450,90,preliminary,change
2026-07-16,1318072,9900007925454,Rob Burgess,319,300,111,preliminary,change
2026-07-16,1011398,9900004316460,Rob Burkett,418,0,185,preliminary,change
2026-07-16,1243079,9900007051634,Rob Classen,536,515,336,established,change
2026-07-16,1068455,9900005046359,Russell Kovach,483,500,15,preliminary,change
2026-07-17,360339,0198499,Andrew Pettenger,672,675,4402,established,change
2026-07-17,1348811,9900008384403,Jamison Yanish,441,375,327,established,change
2026-07-17,1327132,9900008017523,Alvin Cox,452,0,644,established,change
2026-07-17,1329785,9900008048305,Alice Sanchez,57,250,344,established,change
2026-07-17,1371839,9900008613862,Aaron Meehan,351,0,53,preliminary,change
2026-07-17,1302142,9900007763117,Avery McCoy,446,0,19,preliminary,change
2026-07-17,1121244,9900005593396,Rob Hemschik,423,420,327,established,change
2026-07-17,972767,9900003498815,Bobby Patten,554,575,2003,established,change
2026-07-17,972772,9900002843272,Brian Casey,572,0,895,established,change
2026-07-17,1194220,9900006540702,Brittany Truitt,335,300,51,preliminary,change
2026-07-17,1245585,9900007076019,Henry Rincon,506,450,347,established,change
2026-07-17,13600,0118105,Brad Patrick,522,499,565,established,change
2026-07-17,1028717,9900004525947,Isabel Gutierrez,437,450,1525,established,change
2026-07-17,1014635,9900004353670,Casey Enslow,581,525,1225,established,change
2026-07-17,654295,0226418,Carlos Martinez,482,522,1112,established,change
2026-07-17,1089823,9900005271782,Charles Carlisle Jr,565,547,849,established,change
2026-07-17,1322527,9900007969656,Bryant McKinnie,399,0,178,preliminary,change
2026-07-17,971835,0339207,Jeremiah Nelson,485,540,622,established,change
2026-07-17,1257720,9900007197325,Chase Scarlett,484,570,793,established,change
2026-07-17,931280,0346025,Caleb Simon,496,500,2098,established,change
2026-07-17,1343919,9900008184539,Casey Rossman,291,285,184,preliminary,change
2026-07-17,1371904,9900008614869,Cayden Mazza,445,0,129,preliminary,change
2026-07-17,996704,9900001246494,Wes Dycus,468,525,1209,established,change
2026-07-17,1006979,9900004271592,Chris Sakich,533,525,571,established,change
2026-07-17,1362862,9900008525288,Emily Mazeau,189,0,150,preliminary,change
2026-07-17,859226,0004664,Chris Onesky,626,683,475,established,change
2026-07-17,972787,9900004547079,Dan McMahan,364,399,3059,established,change
2026-07-17,1190272,9900006501482,Clayton Stevens,302,350,316,established,change
2026-07-17,1014203,9900004348249,Christina Hubler,352,400,232,established,change
2026-07-17,1136604,9900005751925,christopher tracy,406,0,45,preliminary,change
2026-07-17,737591,0053254,Chris Frandrup,553,554,893,established,change
2026-07-17,1103335,9900005409734,Daniel Petro,602,600,3293,established,change
2026-07-17,1140021,9900005788044,esperanza garza,304,300,115,preliminary,change
2026-07-17,713829,0279187,Dave Shelton,455,525,698,established,change
2026-07-17,990424,9900004099509,Dan Walker,373,400,1031,established,change
2026-07-17,1319448,9900007938959,Dan Mittskus,482,0,126,preliminary,change
2026-07-17,1372171,9900008617167,Dave Genevich,491,0,289,established,change
2026-07-17,972797,9900006823751,Donald Plotkin,534,0,455,established,change
2026-07-17,1140019,9900005787917,Dennis Corneillie,571,0,877,established,change
2026-07-17,18996,0006922,Dave Howell,570,520,1924,established,change
2026-07-17,1175757,9900006155814,David Zweig,555,0,69,preliminary,change
2026-07-17,1191033,9900006509280,Dominic Martinez,397,330,756,established,change
2026-07-17,1223409,9900006843001,jose nevarez,486,0,289,established,change
2026-07-17,993198,9900004140799,David Jones,468,445,1838,established,change
2026-07-17,1356572,9900008463993,David Kinnison,403,0,68,preliminary,change
2026-07-17,1082188,9900005188103,Doug Fisher,451,350,1495,established,change
2026-07-17,1240328,9900007024560,Tony Brooks,399,325,557,established,change
2026-07-17,1114162,9900005520781,Eli Haskell,437,375,1163,established,change
2026-07-17,1273607,9900007359709,Elijah Hall,450,450,378,established,change
2026-07-17,1322530,9900007969311,Eduardo Torrealba,486,481,30,preliminary,change
2026-07-17,1013343,9900004337540,Fred Musheno,548,0,197,preliminary,change
2026-07-17,1180993,9900006308821,Frank Medina,478,430,859,established,change
2026-07-17,839399,0280527,Fred Cobb,414,475,960,established,change
2026-07-17,1245234,9900007072721,Gabriel Carr,437,450,252,established,change
2026-07-17,1116921,9900005548532,Eric Goodwin,576,0,756,established,change
2026-07-17,826475,0253104,Eric Wagner,583,516,2104,established,change
2026-07-17,1345999,9900008205074,Frank Volpe,403,399,342,established,change
2026-07-17,1365706,9900008553120,Garrett Hamlin,201,0,18,preliminary,change
2026-07-17,18986,0060808,Greg Kingsbury,605,669,903,established,change
2026-07-17,693991,0271872,Mike Fertal,449,525,523,established,change
2026-07-17,1370189,9900008597940,Hunter Faddis,339,0,21,preliminary,change
2026-07-17,1144683,9900005834925,Jack Laney,268,350,1291,established,change
2026-07-17,1121246,9900005593303,Jaime Rech,464,430,920,established,change
2026-07-17,1149641,9900005888188,Anthony Diaz,323,375,745,established,change
2026-07-17,1301136,9900007751350,Jay Clark,414,0,74,preliminary,change
2026-07-17,17608,0237753,Jacob Mitchell,598,525,278,established,change
2026-07-17,14343,0015832,Jim McCrary,591,525,1438,established,change
2026-07-17,623667,9900004085328,JB Poullard,466,479,951,established,change
2026-07-17,771346,0318815,Jeffrey Bradshaw,434,525,280,established,change
2026-07-17,1015496,9900004362894,Brayden Wiley,410,400,489,established,change
2026-07-17,1245566,9900007075845,Jim Daniels,493,350,686,established,change
2026-07-17,1315458,9900007899014,Jeff Salazar,321,0,44,preliminary,change
2026-07-17,1343674,9900008182122,Jerry Henderson,368,350,300,established,change
2026-07-17,1022317,9900004444866,Joel Baca,556,525,678,established,change
2026-07-17,1236046,9900006980973,Chuck Shafer,392,0,95,preliminary,change
2026-07-17,979192,0346655,John Rolston,502,625,4111,established,change
2026-07-17,1059297,9900004871365,Larry Huckleberry,445,525,1792,established,change
2026-07-17,1095819,9900005333558,Joseph Kuhlemy,500,0,642,established,change
2026-07-17,1166409,9900006056036,Jordan Pelzer,391,405,831,established,change
2026-07-17,1228924,9900006898070,Joshua Ford,510,350,605,established,change
2026-07-17,1260275,9900007223840,Jordan Foxx,458,440,698,established,change
2026-07-17,1296844,9900007706947,Jose Ramirez,542,535,587,established,change
2026-07-17,1329699,9900008042785,Jorge Macias,345,0,88,preliminary,change
2026-07-17,1351577,9900008414575,Kris Clark,470,0,174,preliminary,change
2026-07-17,1131330,9900005696059,Kelly Majka,280,0,119,preliminary,change
2026-07-17,1082151,9900005187342,Kiki Rivera,577,525,1643,established,change
2026-07-17,693386,0233553,Kevin Bradley,518,530,1764,established,change
2026-07-17,1362871,9900008526384,Kennan Ogle,337,0,50,preliminary,change
2026-07-17,1090606,9900005279542,Lucas Taylor,669,0,1761,established,change
2026-07-17,644198,0318965,Lorelyn Glapion,364,427,627,established,change
2026-07-17,1202498,9900006626734,Marco Tony Caballeros,347,315,765,established,change
2026-07-17,1245573,9900007075890,Linda Olivette,309,350,326,established,change
2026-07-17,1245224,9900007072646,Leo Lucero,465,430,897,established,change
2026-07-17,1241908,9900007039502,Lawrence Cremean,471,425,184,preliminary,change
2026-07-17,813288,0326641,Lamarcus Taylor,513,525,24,preliminary,change
2026-07-17,1179341,9900006292007,Martha Candelaria,338,300,1268,established,change
2026-07-17,1371387,9900008609384,Matteo Vitale,603,0,5,preliminary,change
2026-07-17,991247,9900004112307,Mike Storey,531,555,2277,established,change
2026-07-17,1008297,9900004285087,Mike Piccirillo,368,365,596,established,change
2026-07-17,1202835,9900006629605,Michael Magnelli,376,0,142,preliminary,change
2026-07-17,1121057,9900005591323,Paul Dawson,522,540,820,established,change
2026-07-17,1135907,9900005745337,Pete Wade,437,0,657,established,change
2026-07-17,1153870,9900005928143,Nina Lombardi,525,525,380,established,change
2026-07-17,1011419,9900004316675,Patrick Wenzel,463,450,264,established,change
2026-07-17,1179345,9900006291710,Noel Saenz,377,0,206,established,change
2026-07-17,1245578,9900007075944,Paula David,362,425,783,established,change
2026-07-17,1186004,9900006457932,Parker Damon,565,300,2237,established,change
2026-07-17,1172903,9900006125343,Phil Hood,465,460,1491,established,change
2026-07-17,1210575,9900006707525,Nikki Maxwell,402,407,1183,established,change
2026-07-17,749606,0157292,Rodney Rodriguez,452,514,1879,established,change
2026-07-17,1228270,9900006892399,primo fraire,564,0,557,established,change
2026-07-17,1011894,9900004323765,Reid McClanahan,512,502,945,established,change
2026-07-17,1330339,9900008049074,Preston Easley,457,0,319,established,change
2026-07-17,1169222,9900006088303,Russell Shepherd,427,415,243,established,change
2026-07-17,1153318,9900005922363,Ryan Salisbury,290,330,647,established,change
2026-07-17,1020039,9900004421683,Ryan Tibbetts,426,300,868,established,change
2026-07-17,1343650,9900008181736,Sam Miller,456,0,315,established,change
2026-07-17,1365719,9900008553212,Seph Gonzales,425,0,220,established,change
2026-07-17,1190542,9900006504070,Steve Martz,359,350,579,established,change
2026-07-17,1008602,9900004288125,Todd McWhirter,495,495,2052,established,change
2026-07-17,1245583,9900007075999,Tim Einspahr,429,425,879,established,change
2026-07-17,1185997,9900006457864,Tom Kriske,461,300,715,established,change
2026-07-17,14656,0007566,Tim Cole,512,528,1672,established,change
2026-07-17,1101306,9900005389272,Tom Burks,370,300,1511,established,change
2026-07-17,1212850,9900006730011,Trish Dawson,322,351,641,established,change
2026-07-17,1296609,9900007704189,Tony Neumann,480,0,313,established,change
2026-07-17,1360741,9900008503439,Tracy Holbrook,391,415,86,preliminary,change
2026-07-17,1334579,9900008091318,Todd Mettler,520,460,175,preliminary,change
2026-07-17,745183,0253103,Ken Schmidt,498,523,1538,established,change
2026-07-17,1228825,9900006897271,Uttam Budathoki,523,0,809,established,change
2026-07-17,1106894,9900005446678,Andrew Fry,506,0,64,preliminary,change
2026-07-17,1301634,9900007760321,Arrie Mitchell,261,270,155,preliminary,change
2026-07-17,717222,0308303,Bill Hellner,567,566,1743,established,change
2026-07-17,1247934,9900007096307,Brad James,392,0,9,preliminary,change
2026-07-17,1278138,9900007407042,Brent Campbell,323,0,0,preliminary,change
2026-07-17,1173552,9900006131191,Britt Little,288,275,521,established,change
2026-07-17,1382735,9900008720317,Cassie Burt,480,0,0,preliminary,change
2026-07-17,1313392,9900007878941,Chad Wright,428,450,56,preliminary,change
2026-07-17,772485,0312283,Cheryl Ide,321,272,1906,established,change
2026-07-17,1377101,9900008665007,Chris Abel,160,0,9,preliminary,change
2026-07-17,1119357,9900005574081,Chris Galvan,458,485,778,established,change
2026-07-17,1301576,9900007758113,Christine Eddings,327,330,200,established,change
2026-07-17,1159781,9900005987607,Colton Brown,413,450,241,established,change
2026-07-17,1190697,9900006505510,Corey Vezina,412,300,745,established,change
2026-07-17,1114846,9900005527537,Dallas Trahan,433,435,373,established,change
2026-07-17,1212233,9900006723372,Darrell Horton,532,0,36,preliminary,change
2026-07-17,1233413,9900006942476,Darren Mossman,419,450,218,established,change
2026-07-17,799389,0114200,Debbie Hellner,348,330,194,preliminary,change
2026-07-17,1374467,9900008639510,Dustin Keranen,356,0,17,preliminary,change
2026-07-17,1374666,9900008641599,Ernie Lopez,393,450,84,preliminary,change
2026-07-17,1264991,9900007272367,Gail Nadeau,378,375,275,established,change
2026-07-17,1100228,9900005378054,George Bannoura,665,600,674,established,change
2026-07-17,800701,0236156,Heather Frayer,453,402,918,established,change
2026-07-17,1373522,9900008630302,Jackson Perenyi,470,0,0,preliminary,change
2026-07-17,1257778,9900007197622,Jacob Garza,447,360,205,established,change
2026-07-17,1302145,9900007763193,Jaime Ospina,477,475,181,preliminary,change
2026-07-17,1370190,9900008597452,James Neal,340,0,13,preliminary,change
2026-07-17,1266598,9900007287491,Jared Sharpe,416,375,235,established,change
2026-07-17,810956,0302226,Jarod Adams,508,522,289,established,change
2026-07-17,1343673,9900008182115,Jarrett Cochran,479,495,75,preliminary,change
2026-07-17,1256850,9900007188156,Jeff Chichester,535,0,345,established,change
2026-07-17,1327689,9900008023418,Jeff Schwieterman,251,280,79,preliminary,change
2026-07-17,1139231,9900005778984,JENNIFER HANSEN,320,0,63,preliminary,change
2026-07-17,1256049,9900007180211,John Gaborek,473,460,264,established,change
2026-07-17,1095757,9900005332797,John Putzer,459,0,202,established,change
2026-07-17,1348816,9900008384311,John Sawchuk,388,0,7,preliminary,change
2026-07-17,1361240,9900008509301,Karim Scott,388,425,90,preliminary,change
2026-07-17,1140024,9900005788211,Karla Bohl,338,350,144,preliminary,change
2026-07-17,1244684,9900007067369,Keith Parker,587,0,106,preliminary,change
2026-07-17,1250433,9900007121122,Kevin Powell,414,0,31,preliminary,change
2026-07-17,1356305,9900008461074,Kippy Melone,236,290,106,preliminary,change
2026-07-17,1329917,9900008044352,Lee kramer,186,0,17,preliminary,change
2026-07-17,1226613,9900006875156,Luke Miller,461,0,121,preliminary,change
2026-07-17,1325220,9900007998755,Lyndsay Taylor,239,260,253,established,change
2026-07-17,12105,0179573,Mandi Ritthaler,468,520,598,established,change
2026-07-17,1232688,9900006936161,Marcy Mullan,329,0,40,preliminary,change
2026-07-17,749532,0312205,Matt Ritz,398,423,59,preliminary,change
2026-07-17,1339167,9900008140528,Maurice Hall,252,260,70,preliminary,change
2026-07-17,1373070,9900008626114,Mindy Montgomery,272,0,26,preliminary,change
2026-07-17,1108143,9900005459357,nelson reed,398,399,29,preliminary,change
2026-07-17,1124941,9900005629583,Nick Neidhofer,465,0,15,preliminary,change
2026-07-17,1258567,9900007205846,Nick Puffer,530,505,325,established,change
2026-07-17,1383438,9900008727415,Nicole Rogers,291,300,52,preliminary,change
2026-07-17,995088,9900004165495,Patrick McNally,536,535,1623,established,change
2026-07-17,980729,9900003453777,Sean-Paul Salazar,512,488,3340,established,change
2026-07-17,1327149,9900008017653,Ricky Thomas,375,380,33,preliminary,change
2026-07-17,1009674,9900004299121,RJ Kelley,370,525,275,established,change
2026-07-17,1319468,9900007939239,Robert Mosley,398,0,21,preliminary,change
2026-07-17,935995,0344838,Robinson Diaz,553,0,508,established,change
2026-07-17,1313551,9900007880210,Ronnie Overton,436,435,108,preliminary,change
2026-07-17,1167582,9900006067704,Ryan Bischof,86,0,0,preliminary,change
2026-07-17,1032127,9900004560276,Scott Hills,445,425,1030,established,change
2026-07-17,1126591,9900005646788,Shane Shoemaker,479,538,96,preliminary,change
2026-07-17,1347329,9900008220800,Shannon Clark,404,0,17,preliminary,change
2026-07-17,1256692,9900007185810,Shelly Dempsey,253,0,8,preliminary,change
2026-07-17,1082978,9900005197747,Steve Avery,532,550,174,preliminary,change
2026-07-17,1024587,9900004470186,TANNER HARRISON,500,0,1832,established,change
2026-07-17,1238585,9900007006757,Theodore Hummel,466,455,279,established,change
2026-07-17,1318099,9900007927366,Tommy Bonney,467,475,145,preliminary,change
2026-07-17,1237673,9900006997537,Tony Goldsmith,370,400,371,established,change
2026-07-17,1321333,9900007958261,Trevor Reece,397,0,40,preliminary,change
2026-07-17,1136620,9900005752113,Tung Vo,433,350,726,established,change
2026-07-17,1127991,9900005662221,Victoria Bail,278,265,197,preliminary,change
2026-07-17,1332882,9900008075011,Wayne Bruni,416,420,185,preliminary,change
2026-07-17,1228577,9900006895031,William Hoyt,415,450,63,preliminary,change
2026-07-17,1218397,9900006788500,Zachary Cuykendall-Barry,257,0,150,preliminary,change
2026-07-17,1090477,9900005278422,Barbara Hanson,138,300,290,established,change
2026-07-17,731182,0231832,Carlos Gonzalez,505,500,981,established,change
2026-07-17,895795,0246572,Chris Foster,518,525,2236,established,change
2026-07-17,1203563,9900006637143,Christopher A Walker,424,500,415,established,change
2026-07-17,1114086,9900005519938,Christopher Cho,429,440,774,established,change
2026-07-17,1009872,9900004301015,Craig Howe,502,525,35,preliminary,change
2026-07-17,1228575,9900006895017,Dean Bryan,342,400,88,preliminary,change
2026-07-17,1301918,9900007761120,Eric Johnson,360,370,265,established,change
2026-07-17,1138592,9900005773057,Gary Brown,338,375,874,established,change
2026-07-17,1130813,9900005691207,Jason Ford,425,450,305,established,change
2026-07-17,1142809,9900005816068,Jeff Robertson,355,375,704,established,change
2026-07-17,1086273,9900005234909,Joe Laughlin,577,450,1098,established,change
2026-07-17,1313550,9900007880203,John Earley,434,435,101,preliminary,change
2026-07-17,1361802,9900008514916,Lucas Wang,420,425,15,preliminary,change
2026-07-17,1118537,9900005565294,Michael Phillips,431,0,29,preliminary,change
2026-07-17,1086272,9900005234893,Ron Troeger,415,397,817,established,change
2026-07-17,727654,0255268,Tim Currie,512,525,2959,established,change
2026-07-17,1343006,9900008175377,James Neff,425,0,0,preliminary,change
2026-07-17,813997,0158882,Ken Byrd,450,525,2850,established,change
2026-07-17,948699,0266392,Matt McKee,368,0,23,preliminary,change
2026-07-17,1238587,9900007007266,Michael Anaya,314,320,206,established,change
2026-07-17,1380955,9900008702801,Tim Brown,418,425,40,preliminary,change
2026-07-17,1360884,9900008505761,Jennifer Smith,368,365,50,preliminary,change
2026-07-17,969124,0355884,Aaron Gupton,567,525,1366,established,change
2026-07-17,1163272,9900006023298,Abdul alburaidi,543,530,317,established,change
2026-07-17,1257644,9900007196199,Alex Ruskaup,491,500,51,preliminary,change
2026-07-17,1135546,9900005741568,Aron Weaver,518,0,20,preliminary,change
2026-07-17,1280660,9900007432501,Audrie Scheele,95,0,10,preliminary,change
2026-07-17,1190539,9900006504056,Benjamin Riddle,314,305,154,preliminary,change
2026-07-17,1104317,9900005420074,Chris Bourg,389,368,983,established,change
2026-07-17,1345977,9900008204770,Dan Breggin,455,0,200,established,change
2026-07-17,1231351,9900006928210,David Bender,421,410,644,established,change
2026-07-17,879320,0219015,David Brunner,427,525,229,established,change
2026-07-17,1092592,9900005299816,Dustin Chapin,548,500,302,established,change
2026-07-17,1237671,9900006997513,Edward Kiefer,424,400,542,established,change
2026-07-17,819229,9900001950940,Eric Esquivel,231,525,368,established,change
2026-07-17,1275206,9900007377031,Gabriel Mora,467,465,305,established,change
2026-07-17,935952,0292941,Grant Wittenwyler,475,525,2878,established,change
2026-07-17,1026797,9900004498272,Greg Webster,618,600,805,established,change
2026-07-17,1075841,9900005119589,Gustaf Friberg,582,0,724,established,change
2026-07-17,1122399,9900008321880,Jacob Zimmerman,486,400,288,established,change
2026-07-17,1395191,9900008839811,Jared Jenkins,524,0,12,preliminary,change
2026-07-17,1176238,9900006161495,Jasper (JD) Holt,449,500,2361,established,change
2026-07-17,1094964,9900005325065,jeremy leedom,442,440,574,established,change
2026-07-17,995111,9900004165716,John Adams,540,550,1637,established,change
2026-07-17,1190533,9900006504018,John Krue,507,473,1017,established,change
2026-07-17,1139628,9900005784473,Jon Moy,517,500,533,established,change
2026-07-17,1013413,9900004338905,Justin England,542,0,351,established,change
2026-07-17,1264375,9900007265192,Ken Martin,442,475,291,established,change
2026-07-17,1379286,9900008686200,Nick Mullen,295,0,10,preliminary,change
2026-07-17,1169228,9900006087863,Oscar Rivera,439,425,364,established,change
2026-07-17,1218265,9900006791623,Peter Huettner,411,380,447,established,change
2026-07-17,1118876,9900005568851,Riley Yermasek,256,300,363,established,change
2026-07-17,1012601,9900004331067,Roderick Whitehorse,488,425,209,established,change
2026-07-17,1342719,9900008172611,Roman Archuleta,449,450,38,preliminary,change
2026-07-17,1160253,9900005993127,Russ Bohl,400,450,270,established,change
2026-07-17,676079,0218263,Ryan Diebel,468,400,756,established,change
2026-07-17,1096900,9900005344448,Scotty Embree,390,0,17,preliminary,change
2026-07-17,1067678,9900005038873,Sean McCoy,362,450,1129,established,change
2026-07-17,1306925,9900007819012,Shannon Mooney,287,300,65,preliminary,change
2026-07-17,1235154,9900006967929,Steve Lindsay,414,400,357,established,change
2026-07-17,1381188,9900008705116,Steven Valdez,479,0,0,preliminary,change
2026-07-17,698902,0262647,Sue Boucher,384,404,669,established,change
2026-07-17,1100000,9900005375909,Tommy Martin,521,0,930,established,change
2026-07-17,1173561,9900006131436,Tony Thomas,521,0,48,preliminary,change
2026-07-17,1147575,9900005865738,Trey McClanahan,478,485,267,established,change
2026-07-17,666351,0222501,Kent Hoffman,494,525,4563,established,change
2026-07-17,998403,9900001493614,Aaron Alexander,365,500,340,established,change
2026-07-17,1395537,9900008843382,Aaron Knobloch,340,345,10,preliminary,change
2026-07-17,1319442,9900007939734,Alan Dortsch,437,0,53,preliminary,change
2026-07-17,1234219,9900006951072,Alan Knight,503,550,514,established,change
2026-07-17,781493,0223644,Alex Vigil,432,440,648,established,change
2026-07-17,1334475,9900008090441,Alexander Burg,440,495,165,preliminary,change
2026-07-17,1336302,9900008109303,Alfredo Dominguez,432,450,57,preliminary,change
2026-07-17,931271,0332995,Alicia Quezada,443,365,1170,established,change
2026-07-17,1397450,9900008862215,Andrew Dugan,297,300,10,preliminary,change
2026-07-17,1313281,9900007879160,Andrew Funk,397,350,177,preliminary,change
2026-07-17,1339051,9900008136002,Andrew Gonzales,372,430,116,preliminary,change
2026-07-17,1019674,9900004416832,Andrew Popek,357,400,1216,established,change
2026-07-17,1274916,9900007374573,Andrew Troxel,282,280,242,established,change
2026-07-17,1319344,9900007938652,Angela Thompson,301,300,206,established,change
2026-07-17,1026354,9900004497893,Annette Jewell,490,525,78,preliminary,change
2026-07-17,1247244,9900007089736,Anthony Venuto,277,350,385,established,change
2026-07-17,1309785,9900007841815,Ari Schapira,455,350,247,established,change
2026-07-17,1041483,9900004680370,Art Valdez,438,440,237,established,change
2026-07-17,1117538,9900005554861,Artina Ruibal,383,395,268,established,change
2026-07-17,1273347,9900007357781,Ben Black,298,300,70,preliminary,change
2026-07-17,1357189,9900008469797,Benjamin Bachran,358,360,171,preliminary,change
2026-07-17,627565,0031959,Bill Bryant,431,525,173,preliminary,change
2026-07-17,1324683,9900007992920,Bill Mellenthin,371,0,39,preliminary,change
2026-07-17,1040175,9900004660594,Bill Tobin,462,500,2294,established,change
2026-07-17,1262315,9900007244142,Bob Rivera Sr,390,440,730,established,change
2026-07-17,726313,0125445,Bob Sahl,545,545,870,established,change
2026-07-17,1082198,9900005188172,Bonnie Ford,400,368,371,established,change
2026-07-17,1396388,9900008851769,Brandon Lacy,284,295,10,preliminary,change
2026-07-17,1316064,9900007905302,Brandon Tyler,462,450,240,established,change
2026-07-17,1347286,9900008220473,Brandon Voth,351,362,255,established,change
2026-07-17,1357287,9900008470779,Branwyn Adkins,206,250,84,preliminary,change
2026-07-17,719298,0042811,Brent Johnson,392,487,1658,established,change
2026-07-17,887281,0304736,Bret Sibley,438,525,155,preliminary,change
2026-07-17,972771,9900005040111,Brett Colbert,521,0,368,established,change
2026-07-17,1363970,9900008536314,Brett Harkwell,327,325,90,preliminary,change
2026-07-17,1095389,9900005329179,brian cornwell,420,525,60,preliminary,change
2026-07-17,1174237,9900006141527,Cate Wood,286,280,353,established,change
2026-07-17,1174399,9900006142807,Chad Edinger,400,395,698,established,change
2026-07-17,1103960,9900005416756,Charles Sickels,326,300,529,established,change
2026-07-17,1040347,9900004664738,Charles Talbert,442,480,807,established,change
2026-07-17,1245219,9900007073728,Chris Beck,341,350,450,established,change
2026-07-17,1248245,9900007102121,Chris Gandy,387,370,381,established,change
2026-07-17,1191849,9900006517209,Chris King,332,350,274,established,change
2026-07-17,831448,0221615,Chris Melle,436,510,1001,established,change
2026-07-17,1010288,9900004304993,Christian McWilliams,277,275,923,established,change
2026-07-17,1344186,9900008189824,Cisco Garcia,364,400,123,preliminary,change
2026-07-17,1301681,9900007758908,Conner Bernardin,287,290,110,preliminary,change
2026-07-17,1313882,9900007885901,Craig Sirkin,280,285,137,preliminary,change
2026-07-17,1291332,9900007549988,Cullum Clampitt,296,300,153,preliminary,change
2026-07-17,1005277,9900004251280,Curtis Escamilla,428,0,238,established,change
2026-07-17,1190532,9900006504520,Curtis Rose,391,385,643,established,change
2026-07-17,1266575,9900007287750,Dan Bergeron,482,525,469,established,change
2026-07-17,1208254,9900006684550,Dan Kohler,383,405,462,established,change
2026-07-17,1275417,9900007379592,Dan Lesko,300,275,274,established,change
2026-07-17,1271225,9900007337363,Dani Bean,210,250,299,established,change
2026-07-17,972437,0014442,Daniel Hoyer,501,525,2132,established,change
2026-07-17,931270,0330619,Daniel Richardson,492,625,559,established,change
2026-07-17,715957,0316835,Darin Lovato,312,525,538,established,change
2026-07-17,1208260,9900006684611,DAVE ATTEBERRY,419,400,516,established,change
2026-07-17,1126188,9900005643428,Dave Compton,199,250,305,established,change
2026-07-17,1158677,9900005976571,Dave Smith,562,400,910,established,change
2026-07-17,1282165,9900007449998,Dave Teed,424,500,232,established,change
2026-07-17,1249715,9900007114421,Dave Woycio,310,310,201,established,change
2026-07-17,1351726,9900008415978,David Durand,574,564,174,preliminary,change
2026-07-17,1387074,9900008762775,David Murphy,386,390,16,preliminary,change
2026-07-17,1275875,9900007384183,Delbert Velasquez,324,340,298,established,change
2026-07-17,1237254,9900006993355,Dennis Medina,467,425,405,established,change
2026-07-17,1009678,9900004299169,Dick Petrash,445,525,2291,established,change
2026-07-17,1291239,9900007548769,Dominic Covarrubias,330,300,332,established,change
2026-07-17,1247242,9900007090152,Dominic Teran,434,350,369,established,change
2026-07-17,1160254,9900005993134,Dominic Turner,433,435,264,established,change
2026-07-17,1160181,9900005993080,Dominic Venuto,588,550,574,established,change
2026-07-17,1023179,9900004455152,Dominick Pettinato,390,0,461,established,change
2026-07-17,995099,9900004165594,Don Hines,377,375,1090,established,change
2026-07-17,1103959,9900005416749,Doug Small,368,318,550,established,change
2026-07-17,1125558,9900005637151,Dustin Carpentier,482,400,989,established,change
2026-07-17,1308000,9900007823569,Emily Feldkamp,266,260,366,established,change
2026-07-17,1382972,9900008722892,Emily Monday,172,250,71,preliminary,change
2026-07-17,1352215,9900008420781,Eric Heilig,333,335,91,preliminary,change
2026-07-17,1292832,9900007564752,Eric Kellogg,398,400,323,established,change
2026-07-17,1247239,9900007089699,Eric Rakes,296,325,272,established,change
2026-07-17,1361238,9900008509288,Eric Rodgers,264,325,85,preliminary,change
2026-07-17,1237169,9900006992501,Erik Kesteloot,402,390,386,established,change
2026-07-17,1338942,9900008135463,Ernesto Vigil,420,420,119,preliminary,change
2026-07-17,1237055,9900006991702,Evelyn Cruz,265,310,190,preliminary,change
2026-07-17,1345579,9900008200826,Frank Damore,348,341,125,preliminary,change
2026-07-17,1378102,9900008675518,Gabe Garduno,265,300,50,preliminary,change
2026-07-17,1390523,9900008796206,Gabe Lundin,365,400,45,preliminary,change
2026-07-17,1259568,9900007216217,Gabriel Torrens,327,315,56,preliminary,change
2026-07-17,1234892,9900006965260,George Guldy,246,250,464,established,change
2026-07-17,1103961,9900005417005,George Honeyman,205,275,590,established,change
2026-07-17,1028702,9900004525862,Glen Wilson,534,450,1931,established,change
2026-07-17,1185863,9900006456621,Grady Martin,294,275,652,established,change
2026-07-17,1245227,9900007072677,Greg Campbell,496,525,482,established,change
2026-07-17,1117878,9900005558289,Greg Sopkin,458,350,892,established,change
2026-07-17,1246478,9900007084182,Harold Wilcox,415,525,495,established,change
2026-07-17,1333868,9900008084617,Heather Donald,289,400,175,preliminary,change
2026-07-17,972438,9900000144463,Heather Hoyer,412,400,1758,established,change
2026-07-17,995090,9900004165518,Heather Nanstiel,389,380,1005,established,change
2026-07-17,753803,0275706,Henry Guerrero,382,458,754,established,change
2026-07-17,1147089,9900005859324,Howard Popejoy,368,375,871,established,change
2026-07-17,1382689,9900008719854,Isaac Harris,320,325,40,preliminary,change
2026-07-17,1372214,9900008617587,Jace Loban,231,250,15,preliminary,change
2026-07-17,1212099,9900006722535,Jacob Farwell,398,380,464,established,change
2026-07-17,1186011,9900006458007,Jacob McCown,348,300,704,established,change
2026-07-17,1275299,9900007377994,Jacquin Rivera,353,350,189,preliminary,change
2026-07-17,1099138,9900005367805,James Berkley,421,370,990,established,change
2026-07-17,1029965,9900004535182,James GIbson,535,0,139,preliminary,change
2026-07-17,626350,0281708,Jason Nix,547,534,2288,established,change
2026-07-17,1312602,9900007870303,Jeff Boss,518,530,120,preliminary,change
2026-07-17,714445,0271873,Jeff Harrington,464,525,506,established,change
2026-07-17,1381580,9900008708926,Jennifer Cochran,235,250,136,preliminary,change
2026-07-17,1320419,9900007949580,Jeremie Carter,172,350,190,preliminary,change
2026-07-17,1197000,9900006572079,Jerry Lopez,317,300,563,established,change
2026-07-17,990427,9900004099530,Jerry Pineau,403,400,1841,established,change
2026-07-17,1056024,9900004835145,Jessie Shepard,524,500,703,established,change
2026-07-17,990420,9900004099462,Jim Bradley,490,400,2314,established,change
2026-07-17,1159760,9900005987447,Jim Disher,430,460,767,established,change
2026-07-17,1354581,9900008444053,Jim Sukanen,319,320,20,preliminary,change
2026-07-17,1003405,9900004231145,Joe Dankowski,516,525,606,established,change
2026-07-17,1227976,9900006888804,Joey Valdez,428,375,234,established,change
2026-07-17,697451,0248312,John Mejias,527,525,580,established,change
2026-07-17,1009002,9900004292306,John Skinner,360,475,197,preliminary,change
2026-07-17,10936,0031868,John Smith,508,617,840,established,change
2026-07-17,1212100,9900006722542,Jon BoddySpargo,425,395,455,established,change
2026-07-17,1160182,9900005993097,Jon Venuto,504,500,398,established,change
2026-07-17,1334512,9900008090472,Jonathan Pressley,407,400,166,preliminary,change
2026-07-17,1220859,9900006813738,Jose Alvarenga,595,550,795,established,change
2026-07-17,1342040,9900008166047,Josh Chavez,323,375,236,established,change
2026-07-17,1245223,9900007072639,Josh Donahue,455,425,844,established,change
2026-07-17,1344315,9900008187790,Josiah Dick,331,325,87,preliminary,change
2026-07-17,1240615,9900007027776,Justin Clark,372,365,726,established,change
2026-07-17,1332990,9900008075707,Justin Krone,274,285,143,preliminary,change
2026-07-17,817578,0285023,Karen Rivera,317,300,703,established,change
2026-07-17,1381581,9900008708933,Kathy Booker,146,250,93,preliminary,change
2026-07-17,1369052,9900008586197,Keith Barnes,402,400,124,preliminary,change
2026-07-17,1029777,9900004533225,Ken Blackford,425,525,565,established,change
2026-07-17,1219168,9900006795690,Ken White,456,475,666,established,change
2026-07-17,1396387,9900008851752,Kevin Judy,321,320,5,preliminary,change
2026-07-17,1336359,9900008109358,Kevin Murphy,241,300,161,preliminary,change
2026-07-17,1336301,9900008109297,Kiko Abeyta,457,500,95,preliminary,change
2026-07-17,1272025,9900007344743,Koggie Chavez Jr,461,445,306,established,change
2026-07-17,15232,0031847,Kurt Enkler,586,535,398,established,change
2026-07-17,1296118,9900007598924,Kyle Burrough,434,425,154,preliminary,change
2026-07-17,1185864,9900006456638,Kyle Dunne,285,270,427,established,change
2026-07-17,1219954,9900006804262,Kyle Kernosek,268,250,282,established,change
2026-07-17,1216699,9900006768625,Kyle Mims,347,340,23,preliminary,change
2026-07-17,1025051,9900004475983,Larry Geering,568,565,102,preliminary,change
2026-07-17,1308049,9900007823941,Larry Tanner,525,400,250,established,change
2026-07-17,1342522,9900008170648,Lawrence Gallegos,405,425,184,preliminary,change
2026-07-17,1307952,9900007823194,Levi DeHerrera,318,325,88,preliminary,change
2026-07-17,1381524,9900008708438,Libby Stuart,241,250,32,preliminary,change
2026-07-17,756166,0307436,Lisa Johnson,175,333,473,established,change
2026-07-17,1216014,9900006766003,Lorenzo Rodriguez,331,525,187,preliminary,change
2026-07-17,1397452,9900008862239,Luca Tani,297,300,10,preliminary,change
2026-07-17,1308048,9900007823934,Marcie Robidart,308,300,200,established,change
2026-07-17,1311786,9900007862070,Mark Gonczar,366,376,189,preliminary,change
2026-07-17,1245590,9900007076057,Mark LeRoy,392,400,296,established,change
2026-07-17,1008290,9900004285025,Mark Serviss,464,470,922,established,change
2026-07-17,1197998,9900006581880,Marsha Kersting,305,300,626,established,change
2026-07-17,1190698,9900006505527,Martinez Ashby,462,400,760,established,change
2026-07-17,1020066,9900004421898,Matt Lumpkin,381,375,520,established,change
2026-07-17,826844,0193847,Matt Turner,400,385,274,established,change
2026-07-17,1377475,9900008669333,Max Mayfield,386,425,66,preliminary,change
2026-07-17,1170166,9900006102641,Max Roschke,318,285,641,established,change
2026-07-17,1002568,9900004218658,Mel Castillo,309,295,988,established,change
2026-07-17,1287445,9900007507834,Melissa Jolly,301,325,574,established,change
2026-07-17,1304514,9900007788752,Memo Estrada,239,270,65,preliminary,change
2026-07-17,1306792,9900007811672,Michael Baker,262,270,219,established,change
2026-07-17,1190536,9900006504032,Michael Hahn,468,465,573,established,change
2026-07-17,1341442,9900008159681,Michael Hendrickson,398,390,140,preliminary,change
2026-07-17,1372341,9900008618829,Michael Lessard,279,320,99,preliminary,change
2026-07-17,1329786,9900008048145,Michael Sanchez,290,330,419,established,change
2026-07-17,1381518,9900008708377,Michael Weickum,377,425,73,preliminary,change
2026-07-17,1187981,9900006479163,Micheal Garmon,384,300,408,established,change
2026-07-17,1245575,9900007075913,Michelle Dawson,390,425,836,established,change
2026-07-17,1396390,9900008851783,Mike Davenport,325,320,5,preliminary,change
2026-07-17,1352466,9900008423294,Mike Jalonski,359,375,224,established,change
2026-07-17,1082264,9900005188479,Mike Peduzzi,410,400,405,established,change
2026-07-17,1395085,9900008839132,Mike  Ranum,410,425,20,preliminary,change
2026-07-17,1059944,9900004883313,Mike Rowles,460,500,481,established,change
2026-07-17,659189,0215795,Mike Roybal,501,525,74,preliminary,change
2026-07-17,1103958,9900005416732,Mike Small,320,350,650,established,change
2026-07-17,1317425,9900007919019,Milo Hang,344,350,216,established,change
2026-07-17,1245580,9900007075968,Misty Mitchell,259,325,417,established,change
2026-07-17,823666,0157302,Maurice Moe Giroux,377,525,2226,established,change
2026-07-17,1261078,9900007231814,Molly Kechter,326,325,171,preliminary,change
2026-07-17,1373016,9900008625353,Mossimo Castro,268,350,66,preliminary,change
2026-07-17,1098792,9900005363852,Nancy Sandoval,363,0,408,established,change
2026-07-17,1257782,9900007197653,Nathan Dicamillo,362,359,201,established,change
2026-07-17,1005206,9900004250467,Nathan Simon,418,410,1235,established,change
2026-07-17,10996,0121832,Nelson Montierth,669,625,2124,established,change
2026-07-17,1213434,9900006735238,Nicholas Stier,324,325,166,preliminary,change
2026-07-17,1332877,9900008074984,Nick Mckall,298,300,50,preliminary,change
2026-07-17,1371553,9900008611004,Nick Sorenson,243,280,22,preliminary,change
2026-07-17,1208259,9900006684604,NICK THOMSON,437,430,428,established,change
2026-07-17,1397451,9900008862222,Noah Madnick,288,295,10,preliminary,change
2026-07-17,1258566,9900007205839,Olly Beight,465,490,326,established,change
2026-07-17,1393513,9900008823087,Patrick Clancy,424,420,45,preliminary,change
2026-07-17,1114712,9900005526257,Patrick Smith,415,425,834,established,change
2026-07-17,1082263,9900005188462,Paul Carabetta,400,400,583,established,change
2026-07-17,1244201,9900007062821,Paul Demciuch,507,485,458,established,change
2026-07-17,979193,0333541,Penny McBride,525,490,652,established,change
2026-07-17,1275298,9900007377987,Pete Lovato,452,465,390,established,change
2026-07-17,1103957,9900005416725,Phil Boucher,256,275,480,established,change
2026-07-17,1189297,9900006491660,Phil Ranum,491,477,771,established,change
2026-07-17,1357283,9900008470731,Phil Scheick,385,400,132,preliminary,change
2026-07-17,1076034,9900005121636,Phil Stewart,542,397,588,established,change
2026-07-17,1173789,9900006134932,Randall Ross,327,325,48,preliminary,change
2026-07-17,1135306,9900005739244,Randy Ketterer,479,540,83,preliminary,change
2026-07-17,1358313,9900008480754,Ray Jaramillo,372,425,87,preliminary,change
2026-07-17,1277892,9900007404713,Richard Brock,433,350,392,established,change
2026-07-17,1323098,9900007977040,Rick Troutman,343,425,155,preliminary,change
2026-07-17,1160333,9900005993295,Ricky McQuay,247,300,140,preliminary,change
2026-07-17,1243079,9900007051634,Rob Classen,535,515,336,established,change
2026-07-17,1202621,9900006632711,Rob Sorbara,453,525,60,preliminary,change
2026-07-17,1068455,9900005046359,Russell Kovach,484,500,15,preliminary,change
2026-07-17,1300903,9900007748787,Ryan Van Mierlo,364,0,0,preliminary,change
2026-07-17,1245217,9900007072592,Sam Baca,432,400,1343,established,change
2026-07-17,1012609,9900004330725,Sam Laurent,426,450,1022,established,change
2026-07-17,1344106,9900008186687,Samier Murad,227,300,129,preliminary,change
2026-07-17,1329784,9900008047469,Sarah Colby,292,300,127,preliminary,change
2026-07-17,1237658,9900006997469,Scott ATTEBERRY,345,330,212,established,change
2026-07-17,1232160,9900006930374,Scott Davidson,450,450,860,established,change
2026-07-17,661803,0239611,Scott Francis,483,482,94,preliminary,change
2026-07-17,801999,0320739,Scotty Mullins Jr,531,485,343,established,change
2026-07-17,680182,0312287,Sean Owens,393,427,1737,established,change
2026-07-17,1118939,9900005569933,Seth Speiser,304,340,407,established,change
2026-07-17,1190538,9900006504049,Stephen Mansfield,353,330,752,established,change
2026-07-17,1329781,9900008047438,Stephen Stretz,335,307,211,established,change
2026-07-17,1245572,9900007076248,Steve Freeman,514,550,438,established,change
2026-07-17,767510,0200135,Steve Light,513,531,1223,established,change
2026-07-17,1106499,9900005443141,steve lopez,489,525,52,preliminary,change
2026-07-17,1287448,9900007507858,Steve Silver,234,300,150,preliminary,change
2026-07-17,1247578,9900007093344,Steve Thomson,359,350,80,preliminary,change
2026-07-17,1253340,9900007152577,Steven Deleon,374,375,141,preliminary,change
2026-07-17,1272027,9900007344477,Steven Wray,344,400,552,established,change
2026-07-17,926458,9900003380585,Tami Savolainen,286,300,901,established,change
2026-07-17,1050289,9900004781343,Tap Sittiseri,461,460,900,established,change
2026-07-17,1262469,9900007245712,Taylor Spence,254,250,1130,established,change
2026-07-17,1302591,9900007768396,Thomas (TJ) Olmsted,511,510,698,established,change
2026-07-17,1284318,9900007474143,Tim Henderson,298,300,195,preliminary,change
2026-07-17,1390642,9900008797371,Timothy Habenicht,335,340,18,preliminary,change
2026-07-17,855999,0155535,Tom Howard,471,525,643,established,change
2026-07-17,1343054,9900008175827,Tom Lessard,420,425,193,preliminary,change
2026-07-17,1377578,9900008670360,Tom Meiley,423,450,60,preliminary,change
2026-07-17,1189895,9900006501222,Tom Neiley,256,525,165,preliminary,change
2026-07-17,1379858,9900008692058,Tom Newbold,311,325,55,preliminary,change
2026-07-17,1306660,9900007809433,Tony Maleville,398,400,108,preliminary,change
2026-07-17,1372213,9900008617570,Trenton Hall,221,250,31,preliminary,change
2026-07-17,1121548,9900005596700,Trey Cassels,479,470,374,established,change
2026-07-17,1360878,9900008505709,Tristan Keith,258,300,26,preliminary,change
2026-07-17,1397055,9900008858324,Troy Griffin,281,295,10,preliminary,change
2026-07-17,1228570,9900006895826,Ty Schmittel,309,400,225,established,change
2026-07-17,1302748,9900007769775,Ujjesa Dhanak,199,250,160,preliminary,change
2026-07-17,1351725,9900008415961,Valerie Komperda,328,327,191,preliminary,change
2026-07-17,1185996,9900006458144,Wendy Callahan,301,300,361,established,change
2026-07-17,1118915,9900005569049,WENDY FLEMING,355,330,490,established,change
2026-07-17,1364960,9900008546016,William Sales,509,525,72,preliminary,change
2026-07-17,1332992,9900008075721,Zach Burke,362,370,141,preliminary,change
2026-07-17,1365541,9900008551713,AJ` Bohl,274,300,35,preliminary,change
2026-07-17,1190535,9900006504537,Bruce 'Bear' Hahn,377,400,598,established,change
2026-07-17,1259342,9900007213810,Christopher Shane WIlson,425,275,289,established,change
2026-07-17,1233546,9900006944050,John T Young,475,450,353,established,change
2026-07-17,1341426,9900008159575,Josh J Stewart,374,400,144,preliminary,change
2026-07-17,1375476,9900008649526,Kaelin Nicole Castro,270,300,49,preliminary,change
2026-07-17,1245226,9900007072660,Leo Lucero,359,425,390,established,change
2026-07-17,1247240,9900007089705,Rick Teran,354,450,383,established,change
2026-07-17,966513,0330220,Billy Green,419,0,205,established,change
2026-07-17,816757,0307402,Charles Torkildsen,576,513,235,established,change
2026-07-19,1262933,9900007249789,Abhi edake,643,0,1605,established,change
2026-07-19,1315471,9900007899199,Richard Kieselstein,431,0,65,preliminary,change
2026-07-19,1117381,9900005553185,Andrew Drake,519,460,2757,established,change
2026-07-19,1041504,9900004680127,Amanda Mackey,432,400,830,established,change
2026-07-19,1137553,9900005761283,Steve Laroe,472,450,1014,established,change
2026-07-19,1134616,9900005732498,Aaron Hara,603,600,2543,established,change
2026-07-19,795114,0267899,Adam Burke,446,430,1234,established,change
2026-07-19,741447,0202341,Alex Esquibel,480,425,396,established,change
2026-07-19,1191680,9900006514611,Aaron Lefevre,423,305,869,established,change
2026-07-19,822705,0038609,Adrian Ayala,592,525,663,established,change
2026-07-19,1198234,9900006584492,Andy Collier,379,0,146,preliminary,change
2026-07-19,1028716,9900004525930,Aaron Thrower,463,400,2860,established,change
2026-07-19,14462,0237749,Alan Hogan,431,425,296,established,change
2026-07-19,1236055,9900006981352,Lorenzo Avila,467,0,307,established,change
2026-07-19,841150,0299034,Amy Silvernale,386,388,2109,established,change
2026-07-19,1374454,9900008639725,Alex Harding,473,0,95,preliminary,change
2026-07-19,1348811,9900008384403,Jamison Yanish,443,375,316,established,change
2026-07-19,1327132,9900008017523,Alvin Cox,454,0,697,established,change
2026-07-19,1266571,9900007287316,Amy Clark,138,275,342,established,change
2026-07-19,1329785,9900008048305,Alice Sanchez,62,250,344,established,change
2026-07-19,1356559,9900008463825,Andrew Holstein,374,0,32,preliminary,change
2026-07-19,1013591,9900004341165,Adrian Valerio,409,375,881,established,change
2026-07-19,1244685,9900007067444,Matt Razon,510,0,1789,established,change
2026-07-19,1371901,9900008614876,Andrew Relente,425,0,76,preliminary,change
2026-07-19,1374457,9900008640233,Angelo Almanza,311,0,71,preliminary,change
2026-07-19,18891,0074708,Aaron Westcott,584,525,1727,established,change
2026-07-19,12615,0121111,Billy Hickman,650,657,1792,established,change
2026-07-19,860415,0139620,Bill Brennan,429,366,1532,established,change
2026-07-19,13032,0038612,Anthony Martinez,537,521,550,established,change
2026-07-19,972763,9900004547086,Benny Kay,561,0,2672,established,change
2026-07-19,1099993,9900005375626,Antonio Munoz,471,475,491,established,change
2026-07-19,1221454,9900006819747,Antonio Marin,442,350,798,established,change
2026-07-19,1121051,9900005591675,Bobby Neues,607,0,2328,established,change
2026-07-19,1013941,9900004345484,Bill Ellis,438,575,1247,established,change
2026-07-19,1175360,9900006151915,Aron Struzik,534,515,287,established,change
2026-07-19,1315445,9900007899038,Ashok Kumar Vajra,370,0,120,preliminary,change
2026-07-19,18048,0017159,Anthony Jojola,487,499,329,established,change
2026-07-19,931290,9900007376171,Anthony Zapf,608,620,719,established,change
2026-07-19,1319456,9900007939796,John Attwood,425,0,356,established,change
2026-07-19,1237946,9900007000151,Archit Gupta,426,0,515,established,change
2026-07-19,1319445,9900007939642,Barry Sullivan,494,0,53,preliminary,change
2026-07-19,1249896,9900007115787,Anna Cusic,420,405,329,established,change
2026-07-19,1013870,9900004344524,Bennett Anderson,471,525,173,preliminary,change
2026-07-19,1097858,9900005354485,Art Tabares,486,425,1625,established,change
2026-07-19,1242862,9900007048917,Dakota Roach,401,400,414,established,change
2026-07-19,1367889,9900008574743,Austin Martin,276,350,324,established,change
2026-07-19,1117229,9900005551624,Anthony Rodriguez,562,550,539,established,change
2026-07-19,1360872,9900008505648,Anna Knapp,258,275,94,preliminary,change
2026-07-19,997623,9900004182447,Bill West,501,525,1120,established,change
2026-07-19,1382836,9900008721338,Anthony Amorosa,400,0,19,preliminary,change
2026-07-19,1386333,9900008755661,Anita Stratton,386,0,12,preliminary,change
2026-07-19,814157,9900002543967,Bob Guzik,593,525,1609,established,change
2026-07-19,1121244,9900005593396,Rob Hemschik,424,420,327,established,change
2026-07-19,1239489,9900007015889,Sophia Mullins,331,425,490,established,change
2026-07-19,1064937,9900004918015,Brian Cribari,478,450,1136,established,change
2026-07-19,972767,9900003498815,Bobby Patten,554,575,2007,established,change
2026-07-19,972772,9900002843272,Brian Casey,573,0,895,established,change
2026-07-19,1093529,9900005310054,Brian Reece,440,0,1111,established,change
2026-07-19,1236045,9900006981222,Bruce Bubacz,490,0,73,preliminary,change
2026-07-19,1194220,9900006540702,Brittany Truitt,336,300,51,preliminary,change
2026-07-19,13600,0118105,Brad Patrick,524,499,575,established,change
2026-07-19,1020786,9900004430333,Brandon Davidson,396,429,730,established,change
2026-07-19,1327139,9900008017677,Carolyn Lampkin,274,0,144,preliminary,change
2026-07-19,1327137,9900008017615,Brian Porwoll,439,0,277,established,change
2026-07-19,1304470,9900007787526,Brijesh Vangaladoraisamy,535,575,292,established,change
2026-07-19,1332240,9900008068129,Brad Hill,375,380,21,preliminary,change
2026-07-19,1119860,9900005578928,Brandon Frye,454,465,425,established,change
2026-07-19,1324684,9900007992692,Blake Robertson,392,0,202,established,change
2026-07-19,892081,0157304,Brian Leary,542,525,2700,established,change
2026-07-19,1362876,9900008525646,Michael Waxmonsky,170,0,35,preliminary,change
2026-07-19,1345745,9900008202479,Brittany Trevathan,205,0,96,preliminary,change
2026-07-19,626876,0100175,Caela Henley-Huddleston,572,571,2323,established,change
2026-07-19,1116152,9900005540499,Chris Fontenot,246,0,23,preliminary,change
2026-07-19,1095212,9900005327434,Chase Heffner,461,350,1349,established,change
2026-07-19,1105169,9900005427950,Chris Biermann,517,530,761,established,change
2026-07-19,1083738,9900005202922,Charles Van Loucks,505,350,798,established,change
2026-07-19,18875,0031878,Cecil Monge,623,631,947,established,change
2026-07-19,1104323,9900005420135,carlos correa,506,525,647,established,change
2026-07-19,1014635,9900004353670,Casey Enslow,582,525,1225,established,change
2026-07-19,1265238,9900007273944,chad skitt,335,0,41,preliminary,change
2026-07-19,18938,0155073,Ray Lucero,584,559,392,established,change
2026-07-19,1322527,9900007969656,Bryant McKinnie,401,0,178,preliminary,change
2026-07-19,1187046,9900006469027,Cale Ross,440,399,189,preliminary,change
2026-07-19,1350950,9900008406846,Che Darke,456,0,48,preliminary,change
2026-07-19,1257720,9900007197325,Chase Scarlett,485,570,793,established,change
2026-07-19,1310529,9900007849651,Carrie Baker,253,250,126,preliminary,change
2026-07-19,1343919,9900008184539,Casey Rossman,294,285,184,preliminary,change
2026-07-19,1067096,9900005031966,Charles McDaniel,294,0,51,preliminary,change
2026-07-19,1365048,9900008546887,Charles West,193,0,9,preliminary,change
2026-07-19,1371904,9900008614869,Cayden Mazza,435,0,143,preliminary,change
2026-07-19,1370178,9900008597759,Chase Santorno,291,0,214,established,change
2026-07-19,1102828,9900005404715,Chrissy Grannis,343,0,242,established,change
2026-07-19,14548,0045741,Christine Honeman,544,525,2133,established,change
2026-07-19,1109678,9900005475289,Christopher Sisneros,349,0,148,preliminary,change
2026-07-19,1006979,9900004271592,Chris Sakich,535,525,576,established,change
2026-07-19,1362862,9900008525288,Emily Mazeau,206,0,164,preliminary,change
2026-07-19,926616,0338776,Craig Rempfer,547,525,1842,established,change
2026-07-19,1045532,9900004729321,Corey Sulkko,514,300,641,established,change
2026-07-19,12430,0239296,Jim Calderon,592,570,5159,established,change
2026-07-19,859226,0004664,Chris Onesky,627,683,475,established,change
2026-07-19,758812,0232387,Christopher Anderson,435,380,1932,established,change
2026-07-19,972787,9900004547079,Dan McMahan,365,399,3059,established,change
2026-07-19,1007211,9900004273077,Cody Iacovetto,474,468,2673,established,change
2026-07-19,1127996,9900005662269,Jarred Lewis,441,440,655,established,change
2026-07-19,1347080,9900008218197,Cindy Miller,289,0,50,preliminary,change
2026-07-19,1220870,9900006813868,Connor Bjork,491,300,774,established,change
2026-07-19,972795,9900001555732,Dino (Dean) Devost,636,0,3138,established,change
2026-07-19,1339099,9900008136415,Collin Sanford,545,425,202,established,change
2026-07-19,14964,0031841,Will Hathcock,603,576,2231,established,change
2026-07-19,1333715,9900008082231,Chris Maddox,415,0,25,preliminary,change
2026-07-19,1261788,9900007238158,Sandy Nitta,562,525,1289,established,change
2026-07-19,1234384,9900006956312,Chris Black,371,400,599,established,change
2026-07-19,1348805,9900008384274,Cody Walker,344,0,133,preliminary,change
2026-07-19,1356568,9900008463658,Christopher Diamond,464,0,59,preliminary,change
2026-07-19,1391740,9900008805328,Corey Raber,411,0,29,preliminary,change
2026-07-19,1270273,9900007325643,megan ladany,417,0,1153,established,change
2026-07-19,1387759,9900008769514,Cori Mathews,130,0,22,preliminary,change
2026-07-19,1096635,9900005341737,David Anderson,582,550,2464,established,change
2026-07-19,1103335,9900005409734,Daniel Petro,602,600,3313,established,change
2026-07-19,626812,0038649,Dave Jaramillo,606,625,1747,established,change
2026-07-19,1140021,9900005788044,esperanza garza,319,300,140,preliminary,change
2026-07-19,1058919,9900004867702,Dan Egan,499,465,963,established,change
2026-07-19,1069174,9900005053531,Johnnie Zweygardt,394,0,782,established,change
2026-07-19,713829,0279187,Dave Shelton,456,525,703,established,change
2026-07-19,972784,9900008372455,Cyrus Green,449,0,302,established,change
2026-07-19,831378,0030481,Josh Thomashefsky,519,530,491,established,change
2026-07-19,1211342,9900006715667,Dan Cordova,468,525,920,established,change
2026-07-19,837632,0303644,Daniel Zamora,429,445,703,established,change
2026-07-19,993815,9900004148917,DAVE O'HARE,465,350,1406,established,change
2026-07-19,1180992,9900006309002,Don Day,572,0,712,established,change
2026-07-19,1325290,9900007999400,Daniel M Price,359,0,96,preliminary,change
2026-07-19,969513,9900000643843,Steve Flanigan,601,0,2528,established,change
2026-07-19,1241687,9900007037188,Danny Malone,445,428,766,established,change
2026-07-19,1322529,9900007969168,David Healy,463,0,99,preliminary,change
2026-07-19,1234678,9900006959696,Curt Friedholdt,483,480,172,preliminary,change
2026-07-19,1319448,9900007938959,Dan Mittskus,483,0,126,preliminary,change
2026-07-19,1333717,9900008082361,Curt Nichols,471,0,123,preliminary,change
2026-07-19,1200520,9900006607061,Darren Thompson,277,0,52,preliminary,change
2026-07-19,1342737,9900008172772,Dan Marrs,403,0,144,preliminary,change
2026-07-19,1256872,9900007188132,Travis Villiere,528,0,37,preliminary,change
2026-07-19,1352876,9900008427261,Cyrus Valencia,373,0,46,preliminary,change
2026-07-19,1372171,9900008617167,Dave Genevich,492,0,289,established,change
2026-07-19,1351752,9900008416234,Crystalyn Bonura,238,275,144,preliminary,change
2026-07-19,1351751,9900008416227,Damian Bonura,317,284,190,preliminary,change
2026-07-19,1107447,9900005452860,DEBBIE BALSLEY,347,0,116,preliminary,change
2026-07-19,1146323,9900005851526,David P Pappas,514,0,401,established,change
2026-07-19,1031686,9900004553940,Jeffrey Ewens,569,0,5057,established,change
2026-07-19,1014197,9900004348416,Donald Lowe,352,400,795,established,change
2026-07-19,1043757,9900004701655,Dennis Dillman,499,0,560,established,change
2026-07-19,737140,0327744,Denny Huynh,589,565,321,established,change
2026-07-19,1130380,9900005686074,Deedar Dosanj,463,434,418,established,change
2026-07-19,972797,9900006823751,Donald Plotkin,535,0,455,established,change
2026-07-19,810232,0003060,David Wright,492,507,87,preliminary,change
2026-07-19,18996,0006922,Dave Howell,571,520,1924,established,change
2026-07-19,1182419,9900006322025,Desiree Baptist,362,0,126,preliminary,change
2026-07-19,1175757,9900006155814,David Zweig,556,0,69,preliminary,change
2026-07-19,993198,9900004140799,David Jones,469,445,1838,established,change
2026-07-19,984914,9900004013109,Owen Crispin,635,0,7229,established,change
2026-07-19,1014345,9900004349970,Deb May,498,500,548,established,change
2026-07-19,1262936,9900007249468,Vince Arellano,493,469,1609,established,change
2026-07-19,1370183,9900008598152,David Wilson,195,0,52,preliminary,change
2026-07-19,1117343,9900005552850,Ken Sciacca,432,525,818,established,change
2026-07-19,987285,9900004050036,Derek Stringer,609,515,1057,established,change
2026-07-19,1271565,9900007339183,Demetrio Silva,400,0,393,established,change
2026-07-19,1186389,9900006461892,Jason Cowan,560,0,2615,established,change
2026-07-19,1356573,9900008463900,Deepak Kirpalani,423,425,61,preliminary,change
2026-07-19,1368895,9900008584629,David Sandoval,311,0,32,preliminary,change
2026-07-19,1293106,9900007568156,Devin Santana,483,0,73,preliminary,change
2026-07-19,1348822,9900008384748,Tim Piscopink,414,0,156,preliminary,change
2026-07-19,1356572,9900008463993,David Kinnison,409,0,96,preliminary,change
2026-07-19,1374464,9900008639824,Debbie Just,128,0,37,preliminary,change
2026-07-19,1054187,9900004816281,Don Swayne,516,0,2576,established,change
2026-07-19,1105175,9900005429022,Ed Powers,492,500,1160,established,change
2026-07-19,1073619,9900005096491,Emanuel Rodriguez,479,0,1121,established,change
2026-07-19,626542,0021925,Doug McAfee,497,525,3500,established,change
2026-07-19,1097520,9900005350715,Elias Ybarra,416,0,445,established,change
2026-07-19,997914,9900004183567,Doug Conry,538,400,452,established,change
2026-07-19,1082188,9900005188103,Doug Fisher,452,350,1495,established,change
2026-07-19,1107451,9900005452907,Katherine Jensen,322,0,819,established,change
2026-07-19,1333726,9900008082453,Moses Hauk,336,0,407,established,change
2026-07-19,1123357,9900005614763,Don Gould,439,0,309,established,change
2026-07-19,1058917,9900004867689,Eddie Garcia,542,500,520,established,change
2026-07-19,1156046,9900005950090,John Becker,483,425,888,established,change
2026-07-19,1166135,9900006052823,Don Duprez,510,476,845,established,change
2026-07-19,972799,9900006162751,Duane Muterspaugh,456,0,985,established,change
2026-07-19,1114162,9900005520781,Eli Haskell,438,375,1163,established,change
2026-07-19,625676,9900000386597,Ed Sena,513,593,539,established,change
2026-07-19,1273607,9900007359709,Elijah Hall,455,450,387,established,change
2026-07-19,1347083,9900008217688,Don Nguyen,342,0,262,established,change
2026-07-19,1205037,9900006651873,Duke Marion IV,530,390,1725,established,change
2026-07-19,1201110,9900006612720,Eli Fredrickson,430,0,102,preliminary,change
2026-07-19,1308625,9900007829516,Doug Lapar,326,0,132,preliminary,change
2026-07-19,1135685,9900005745658,Donovan Trujillo,473,475,232,established,change
2026-07-19,1322530,9900007969311,Eduardo Torrealba,500,481,42,preliminary,change
2026-07-19,1350955,9900008406983,Dylan Dragoman,348,0,207,established,change
2026-07-19,1102832,9900005404753,Dylan Jennings,496,490,524,established,change
2026-07-19,972873,9900006742045,Ryan Ocelnik,457,0,1638,established,change
2026-07-19,1327980,9900008025160,Dustin Trevathan,398,0,112,preliminary,change
2026-07-19,1013343,9900004337540,Fred Musheno,553,0,217,established,change
2026-07-19,767806,9900000386665,Frank Baca,651,675,307,established,change
2026-07-19,862528,0239329,Eric Apodaca,524,566,493,established,change
2026-07-19,11158,0038676,Gabe Talmadge,413,405,157,preliminary,change
2026-07-19,1119550,9900005575521,Ethan Bankston,367,375,67,preliminary,change
2026-07-19,1180993,9900006308821,Frank Medina,477,430,863,established,change
2026-07-19,843136,9900003012677,Fred Lopez,473,550,904,established,change
2026-07-19,839399,0280527,Fred Cobb,415,475,960,established,change
2026-07-19,1245234,9900007072721,Gabriel Carr,438,450,252,established,change
2026-07-19,1363081,9900008527602,Eric Hughes,420,300,244,established,change
2026-07-19,1349358,9900008391142,Ryan Myers,237,300,61,preliminary,change
2026-07-19,12806,0036041,Frank Urbaniak,661,671,5043,established,change
2026-07-19,1235150,9900006967905,Eric Hurtado,468,430,424,established,change
2026-07-19,1264787,9900007269459,Erika Ortega,263,300,165,preliminary,change
2026-07-19,1116921,9900005548532,Eric Goodwin,580,0,769,established,change
2026-07-19,826475,0253104,Eric Wagner,584,516,2104,established,change
2026-07-19,1135309,9900005739275,Erica Mattson,345,0,82,preliminary,change
2026-07-19,1315455,9900007898833,Evan Keown,390,0,10,preliminary,change
2026-07-19,1317553,9900007919729,eugene minton,292,0,100,preliminary,change
2026-07-19,1289544,9900007530382,Fransisco Sotelo,528,475,365,established,change
2026-07-19,1345999,9900008205074,Frank Volpe,414,399,373,established,change
2026-07-19,1365706,9900008553120,Garrett Hamlin,203,0,18,preliminary,change
2026-07-19,1345436,9900008198918,Evan Hoke,344,0,36,preliminary,change
2026-07-19,1028713,9900004525923,Ernest Castillo,410,400,1638,established,change
2026-07-19,1313496,9900007879610,Eric Brookhouser,440,470,45,preliminary,change
2026-07-19,1057634,9900004851398,Kathy Chane,437,400,2815,established,change
2026-07-19,1095164,9900005326871,"Howard ""Howie"" Norman",514,465,442,established,change
2026-07-19,930682,9900000318871,Gregory Dutton,620,0,2648,established,change
2026-07-19,1012049,9900004324113,Hayley Schulz,310,325,576,established,change
2026-07-19,1014688,9900004353588,Ian Morrison,380,350,753,established,change
2026-07-19,1067722,9900005038941,Greg Bachicha,448,389,849,established,change
2026-07-19,1294299,9900007579596,Gerardo Gonzalez,485,515,523,established,change
2026-07-19,1168851,9900006083216,Greg Trujillo Jr,425,0,245,established,change
2026-07-19,1286280,9900007493618,Holly Knepp,405,0,135,preliminary,change
2026-07-19,1204166,9900006643496,Gerrod Lujan,559,450,596,established,change
2026-07-19,720681,0251778,Holly Figueroa,500,500,2283,established,change
2026-07-19,18986,0060808,Greg Kingsbury,606,669,903,established,change
2026-07-19,1306184,9900007804155,Nick Delacruz,528,0,431,established,change
2026-07-19,1301134,9900007751534,Gianni Chacon,398,0,8,preliminary,change
2026-07-19,1044441,9900004711043,Ismael Garcia,539,550,1580,established,change
2026-07-19,1324692,9900007992135,George Billings,313,0,21,preliminary,change
2026-07-19,1343637,9900008181392,Gordon Hubbell,449,0,109,preliminary,change
2026-07-19,1305615,9900007799024,Ian Rushing,293,350,925,established,change
2026-07-19,693991,0271872,Mike Fertal,452,525,523,established,change
2026-07-19,1274328,9900007369579,Ivan Dedi,430,375,217,established,change
2026-07-19,1370189,9900008597940,Hunter Faddis,335,0,21,preliminary,change
2026-07-19,667568,0307446,Tyler Olds,545,530,509,established,change
2026-07-19,1381771,9900008710745,John Eubanks,446,525,124,preliminary,change
2026-07-19,1073517,9900005095449,Jake McClain,522,479,1448,established,change
2026-07-19,1119364,9900005574173,Jacob Casados,588,565,2033,established,change
2026-07-19,1187042,9900006468983,James Hunt,391,0,1418,established,change
2026-07-19,1186388,9900006461762,Jahnzel Sevadera,599,0,553,established,change
2026-07-19,1181563,9900006314426,Jared Hodison,535,520,581,established,change
2026-07-19,1144683,9900005834925,Jack Laney,269,350,1291,established,change
2026-07-19,1196587,9900006567143,Jayden Moore,350,251,321,established,change
2026-07-19,1254514,9900007164761,James Ghaffari,463,0,69,preliminary,change
2026-07-19,1234676,9900006959689,Jason E Brown,471,0,430,established,change
2026-07-19,1149641,9900005888188,Anthony Diaz,324,375,745,established,change
2026-07-19,17608,0237753,Jacob Mitchell,599,525,278,established,change
2026-07-19,983785,9900003998018,Yogendra Gautam,395,500,451,established,change
2026-07-19,1377108,9900008664895,Jesse Frey,423,0,138,preliminary,change
2026-07-19,1256448,9900007184585,Jake Hrovat,385,450,303,established,change
2026-07-19,1319453,9900007939741,Jason Mott,576,0,537,established,change
2026-07-19,1368896,9900008584636,James Cardenas,391,0,40,preliminary,change
2026-07-19,795219,0121288,Steve Northam,610,525,8171,established,change
2026-07-19,1108146,9900005459531,Pascal Laos,468,0,1680,established,change
2026-07-19,1113419,9900005513837,Roland Graham,423,375,627,established,change
2026-07-19,644649,0292559,Jeremy Bloedon,557,511,1980,established,change
2026-07-19,623667,9900004085328,JB Poullard,467,479,951,established,change
2026-07-19,1345441,9900008199045,Jennifer Griffin,304,0,38,preliminary,change
2026-07-19,1186390,9900006460963,Jerry Montoya,487,0,499,established,change
2026-07-19,1186007,9900006457963,Jeremiah Conklin,287,300,800,established,change
2026-07-19,774157,0294632,Roberta Lewin,484,425,154,preliminary,change
2026-07-19,1212371,9900006724553,Jeremy Watt,456,0,228,established,change
2026-07-19,771346,0318815,Jeffrey Bradshaw,435,525,280,established,change
2026-07-19,1162457,9900006015231,Jim Schultz,600,556,402,established,change
2026-07-19,1073668,9900005096965,Kathie Stecker,382,0,1192,established,change
2026-07-19,1245566,9900007075845,Jim Daniels,494,350,686,established,change
2026-07-19,1307239,9900007814987,Jimmy Benner,441,0,73,preliminary,change
2026-07-19,1022316,9900004445184,jimmy muniz,547,0,184,preliminary,change
2026-07-19,1315459,9900007898970,Jenn Daya,429,0,427,established,change
2026-07-19,1348813,9900008384588,Jessi Archer,424,0,38,preliminary,change
2026-07-19,1343674,9900008182122,Jerry Henderson,371,350,300,established,change
2026-07-19,1014199,9900004348201,Jesse Roy,356,400,242,established,change
2026-07-19,1254035,9900007159842,Prahlad Kannojoo,331,400,254,established,change
2026-07-19,1111138,9900005489644,Joe Eusoof,492,483,4904,established,change
2026-07-19,1022317,9900004444866,Joel Baca,557,525,678,established,change
2026-07-19,1118923,9900005569339,John Baca,510,476,1347,established,change
2026-07-19,775832,0147215,John Roy,546,525,1353,established,change
2026-07-19,15865,0038701,Jodi Talmadge,326,458,171,preliminary,change
2026-07-19,1158680,9900005976526,John Rotola,528,400,585,established,change
2026-07-19,1341583,9900008160274,Joe Johnson,451,0,64,preliminary,change
2026-07-19,1009680,9900004299176,JJ Martell,632,525,2498,established,change
2026-07-19,18432,0166129,Joe Rodriguez,488,525,408,established,change
2026-07-19,12802,0114213,John Davalos,451,462,1921,established,change
2026-07-19,1239085,9900007011324,Jonathan Argumedo,390,0,85,preliminary,change
2026-07-19,979192,0346655,John Rolston,503,625,4111,established,change
2026-07-19,18568,0128516,Johnny (Bass) Sandifer,644,625,4981,established,change
2026-07-19,1135302,9900005739220,Johnny Grimaldo,461,0,554,established,change
2026-07-19,1383371,9900008726746,Jj Rivera,81,0,20,preliminary,change
2026-07-19,1381738,9900008710417,Jonathan Palmer,336,0,10,preliminary,change
2026-07-19,712114,0306890,Matt Courtney,577,525,1098,established,change
2026-07-19,1095819,9900005333558,Joseph Kuhlemy,501,0,642,established,change
2026-07-19,1281273,9900007439524,Ronald Kafer,265,300,531,established,change
2026-07-19,1090602,9900005279504,Julie Dodge,449,0,1157,established,change
2026-07-19,1233159,9900006939667,Jordyn Abernathy,457,355,245,established,change
2026-07-19,1274937,9900007373958,Jordan Tiona,400,0,392,established,change
2026-07-19,1296844,9900007706947,Jose Ramirez,545,535,592,established,change
2026-07-19,1160575,9900005995923,JR Rodriguez,547,540,986,established,change
2026-07-19,1329699,9900008042785,Jorge Macias,342,0,88,preliminary,change
2026-07-19,1273215,9900007356517,Justin Stewart,531,550,498,established,change
2026-07-19,1241128,9900007033135,Josh Rottschaefer,526,485,621,established,change
2026-07-19,1348817,9900008384816,Jordan Chadrick,285,0,20,preliminary,change
2026-07-19,1345451,9900008198857,Robert MacRi,418,0,349,established,change
2026-07-19,1389052,9900008782360,Joshua Simpson,468,0,68,preliminary,change
2026-07-19,1105184,9900005428551,Kat Plavnick,452,350,1406,established,change
2026-07-19,1029985,9900004535373,Ken Murphy,457,400,478,established,change
2026-07-19,1301139,9900007751787,Mustafa Neemuchwala,301,0,37,preliminary,change
2026-07-19,1131330,9900005696059,Kelly Majka,281,0,119,preliminary,change
2026-07-19,11763,0038725,Keith Cavaliere,532,536,455,established,change
2026-07-19,1093892,9900005314076,Ken Klosterman,542,400,606,established,change
2026-07-19,1374484,9900008639558,Kelly Stiefel,599,0,66,preliminary,change
2026-07-19,1102208,9900005398793,Kim Majerus,463,413,2229,established,change
2026-07-19,1150094,9900005890297,Kyle Tjader,530,517,887,established,change
2026-07-19,1202830,9900006629391,Kristen Krause,420,0,69,preliminary,change
2026-07-19,762932,9900003162945,Kris Pipkin,589,625,712,established,change
2026-07-19,1232310,9900006932125,Luis Martinez,427,450,264,established,change
2026-07-19,1308630,9900007829974,Keenon Babcock,474,0,591,established,change
2026-07-19,1241920,9900007039601,Kelly Draper,385,475,425,established,change
2026-07-19,1315462,9900007898222,Kimberly Smith,421,0,61,preliminary,change
2026-07-19,1121979,9900005600513,Ken Martinez,532,0,1245,established,change
2026-07-19,1105699,9900005433272,KATIE PROCK,345,0,122,preliminary,change
2026-07-19,693386,0233553,Kevin Bradley,519,530,1764,established,change
2026-07-19,1370203,9900008597988,Kyle Kuklinski,78,0,36,preliminary,change
2026-07-19,1216220,9900006763927,Marshall McAfee,531,435,1883,established,change
2026-07-19,1391745,9900008805410,Kit Dietterich,419,0,38,preliminary,change
2026-07-19,1090606,9900005279542,Lucas Taylor,669,0,1803,established,change
2026-07-19,1039860,9900004656368,Lee Urbaniak,587,0,4080,established,change
2026-07-19,1134628,9900005732573,Logan Lubischer,365,370,941,established,change
2026-07-19,1137551,9900005761382,Levi Garner,480,0,101,preliminary,change
2026-07-19,755032,9900003204393,Larry Unger,508,504,2203,established,change
2026-07-19,1008294,9900004285063,Laura Orlikoff,344,322,990,established,change
2026-07-19,1209697,9900006698960,Lloyd Scott,467,440,637,established,change
2026-07-19,1168854,9900006083476,Madelyn Whelan,244,0,331,established,change
2026-07-19,644198,0318965,Lorelyn Glapion,364,427,632,established,change
2026-07-19,1245573,9900007075890,Linda Olivette,310,350,330,established,change
2026-07-19,1245224,9900007072646,Leo Lucero,467,430,901,established,change
2026-07-19,972848,9900004550789,Manuel Gonzales IV,583,525,1510,established,change
2026-07-19,1023816,9900004463645,Micheal Queen,491,400,1150,established,change
2026-07-19,1273774,9900007362587,Lincoln Neues,242,250,53,preliminary,change
2026-07-19,1133618,9900005721812,Linda Andrews,396,395,839,established,change
2026-07-19,1135289,9900005739138,Lawrence Anaya,469,450,543,established,change
2026-07-19,1120830,9900005588965,Seena Kim,521,0,1908,established,change
2026-07-19,1329788,9900008047483,Manoj Tanga,444,428,280,established,change
2026-07-19,1239086,9900007011393,Leo Hurtado,354,0,22,preliminary,change
2026-07-19,1134629,9900005732665,Mark Lubischer,406,422,1378,established,change
2026-07-19,688463,0307405,Maria Finley,457,523,3094,established,change
2026-07-19,1086751,9900005240023,James Carlan,493,450,1737,established,change
2026-07-19,902437,0275662,Mark Fronzaglia,581,550,2502,established,change
2026-07-19,1068834,9900005050240,Maria Crispin,308,0,876,established,change
2026-07-19,1179341,9900006292007,Martha Candelaria,338,300,1272,established,change
2026-07-19,1155114,9900005940459,LuLu Priddy,356,0,513,established,change
2026-07-19,1115595,9900005535211,Mark Yamasaki,542,450,1740,established,change
2026-07-19,1117318,9900005552737,Mark Mcpherson,396,525,517,established,change
2026-07-19,1135590,9900005741636,Mark Lanoue,521,575,713,established,change
2026-07-19,1144650,9900005834369,Michael Kafel,447,475,1294,established,change
2026-07-19,741272,0128696,Merle Wilford,458,548,283,established,change
2026-07-19,1102839,9900005404814,Matthew Rice,521,0,723,established,change
2026-07-19,1155789,9900005946161,Rj Villa,453,0,386,established,change
2026-07-19,1368186,9900008577676,Mario Perea,373,425,70,preliminary,change
2026-07-19,1073698,9900005097566,Mike Rolinson,416,0,788,established,change
2026-07-19,993195,9900004141017,Mike Pope,594,550,2413,established,change
2026-07-19,1122654,9900005607512,Mike Thistlewood,470,0,25,preliminary,change
2026-07-19,16056,0149746,Mike Willeford,592,525,2127,established,change
2026-07-19,991247,9900004112307,Mike Storey,531,555,2282,established,change
2026-07-19,1008297,9900004285087,Mike Piccirillo,369,365,596,established,change
2026-07-19,1202835,9900006629605,Michael Magnelli,373,0,151,preliminary,change
2026-07-19,1236056,9900006980959,Mike Garcia,505,414,300,established,change
2026-07-19,1241916,9900007039564,Michael Welling,364,400,407,established,change
2026-07-19,1350961,9900008406945,Mike Cox,430,0,678,established,change
2026-07-19,1317557,9900007919927,Nate Lucich,426,0,104,preliminary,change
2026-07-19,1228996,9900006899527,Miguel Deleon,440,450,457,established,change
2026-07-19,1362875,9900008525592,Michael Maxwell,357,325,160,preliminary,change
2026-07-19,1347295,9900008220541,Moriah Allen,379,0,28,preliminary,change
2026-07-19,1248243,9900007102459,Michael Wong,395,330,158,preliminary,change
2026-07-19,1370208,9900008597384,Mick McCormac,577,0,30,preliminary,change
2026-07-19,1073703,9900005097641,Norberto Montano,538,490,1788,established,change
2026-07-19,1115350,9900005532593,Noel Montano,612,350,2568,established,change
2026-07-19,1121777,9900005598766,Terry R Jones Jr,465,0,1642,established,change
2026-07-19,1121057,9900005591323,Paul Dawson,520,540,824,established,change
2026-07-19,1135907,9900005745337,Pete Wade,440,0,675,established,change
2026-07-19,810552,0301255,Russell Emenaker,456,525,1197,established,change
2026-07-19,1153870,9900005928143,Nina Lombardi,526,525,380,established,change
2026-07-19,1108144,9900005459630,Norman Meder,588,0,6236,established,change
2026-07-19,1160678,9900005996357,Nic Paxton,501,424,746,established,change
2026-07-19,1118862,9900005569148,Nick Sposato,452,450,197,preliminary,change
2026-07-19,1011419,9900004316675,Patrick Wenzel,464,450,264,established,change
2026-07-19,1179345,9900006291710,Noel Saenz,378,0,206,established,change
2026-07-19,1245578,9900007075944,Paula David,361,425,787,established,change
2026-07-19,1186004,9900006457932,Parker Damon,566,300,2237,established,change
2026-07-19,925620,0337515,Perry Sanders,510,479,795,established,change
2026-07-19,1202838,9900006629339,Peter Sherwin,522,0,536,established,change
2026-07-19,1119937,9900005579680,Pete Apodaca,461,525,509,established,change
2026-07-19,1172903,9900006125343,Phil Hood,466,460,1486,established,change
2026-07-19,1210575,9900006707525,Nikki Maxwell,400,407,1207,established,change
2026-07-19,1263273,9900007254738,Nicholas Windsor,372,301,152,preliminary,change
2026-07-19,1181219,9900006311050,Omar Borini,407,525,123,preliminary,change
2026-07-19,1308633,9900007829608,Pat Thompson,454,0,251,established,change
2026-07-19,1135316,9900005739312,Craig Mondragon,532,0,457,established,change
2026-07-19,1282973,9900007460344,Ramsey Knowles,475,478,1336,established,change
2026-07-19,1262935,9900007249581,Nic Barraza,458,0,664,established,change
2026-07-19,1347088,9900008218401,Nic Ash,298,0,97,preliminary,change
2026-07-19,1370212,9900008597407,Philip Miller,311,0,13,preliminary,change
2026-07-19,1367695,9900008572893,Otis Hartsoe,380,350,63,preliminary,change
2026-07-19,875079,0318711,Neal Morgan,501,525,22,preliminary,change
2026-07-19,1115352,9900005532807,Ramesh Thammiraju,590,0,2326,established,change
2026-07-19,1106902,9900005446975,rafael figuero,435,0,193,preliminary,change
2026-07-19,1095165,9900005326888,Renee Norman,406,375,353,established,change
2026-07-19,15303,0037020,Ray Padilla,594,525,895,established,change
2026-07-19,1132303,9900005657463,Rachel Bradford,424,450,1566,established,change
2026-07-19,1228270,9900006892399,primo fraire,565,0,557,established,change
2026-07-19,16116,0147868,Ruben Silva Jr,706,675,15421,established,change
2026-07-19,1011894,9900004323765,Reid McClanahan,513,502,945,established,change
2026-07-19,799926,0048166,Ray Vibar,540,525,698,established,change
2026-07-19,1236060,9900006981536,Ray Segura,532,0,23,preliminary,change
2026-07-19,1226729,9900006876658,Randall (Jr) Fishburn Jr,466,347,602,established,change
2026-07-19,1324696,9900007992838,Rashael Richardson,320,0,42,preliminary,change
2026-07-19,1249917,9900007116272,Ricky Gallardo,448,350,704,established,change
2026-07-19,1172569,9900006121932,Richard Smiley IV,601,550,881,established,change
2026-07-19,1330339,9900008049074,Preston Easley,460,0,319,established,change
2026-07-19,1329789,9900008048152,Raj Nayak,410,400,159,preliminary,change
2026-07-19,1356607,9900008463818,Rishi Singh,395,0,137,preliminary,change
2026-07-19,1247936,9900007095713,Randy Wade,274,300,163,preliminary,change
2026-07-19,1352901,9900008427513,Elliot Abraham,451,0,496,established,change
2026-07-19,1160268,9900005992540,Ramon Valdez,473,477,280,established,change
2026-07-19,1100364,9900005379624,Raymond Trout,422,425,90,preliminary,change
2026-07-19,1374492,9900008639718,Randy Kessler,192,0,20,preliminary,change
2026-07-19,14549,0038788,Ron Van Valkenburg,545,541,296,established,change
2026-07-19,930335,0375290,Ryan Henry,635,0,2439,established,change
2026-07-19,875810,0326643,Russ Green,338,425,779,established,change
2026-07-19,17541,0238465,Ron Lincoln,609,619,1557,established,change
2026-07-19,1370216,9900008598107,Rodger Prock,407,0,56,preliminary,change
2026-07-19,1236065,9900006981130,Shane Lynch,495,0,159,preliminary,change
2026-07-19,972871,9900004150255,Ryan Leutholtz,482,495,1549,established,change
2026-07-19,929300,0031843,Robert Wilson,574,482,699,established,change
2026-07-19,1284915,9900007480540,Russ Bjork,457,400,917,established,change
2026-07-19,874356,0239637,Ryan Mette,513,517,1540,established,change
2026-07-19,1238680,9900007007792,Rock Hrovat,472,425,1645,established,change
2026-07-19,1173559,9900006131672,Ron Budhi,513,0,542,established,change
2026-07-19,1256862,9900007188637,Rus Clark,527,0,75,preliminary,change
2026-07-19,645733,0038793,Sam Martinez,659,525,1602,established,change
2026-07-19,1099829,9900005374186,Shannon Ratz,450,408,443,established,change
2026-07-19,1022320,9900004444828,Shane Gedo,551,0,1339,established,change
2026-07-19,15113,0100191,Shawn Hallock,670,525,3194,established,change
2026-07-19,890610,0239612,Scott Carter,584,525,2436,established,change
2026-07-19,1210830,9900006709581,Scott Norton,608,0,307,established,change
2026-07-19,972436,0069588,Shawn McKelvy,595,530,3647,established,change
2026-07-19,1102843,9900005404852,Seenae Kim,504,0,813,established,change
2026-07-19,1290299,9900007538531,Deeon Warner,354,0,76,preliminary,change
2026-07-19,1209960,9900006701066,Samuel Merritt,453,400,519,established,change
2026-07-19,1236063,9900006981369,Scott Lessard,439,450,265,established,change
2026-07-19,1140027,9900005788341,Ryan Sabol,48,0,23,preliminary,change
2026-07-19,985282,9900004020589,Ryan Vlasak,466,0,167,preliminary,change
2026-07-19,1305803,9900007800935,Sean Rushing,304,300,777,established,change
2026-07-19,1348820,9900008384663,Shadd Cordrey,405,0,50,preliminary,change
2026-07-19,1343650,9900008181736,Sam Miller,442,0,353,established,change
2026-07-19,1258837,9900007208298,Sandra Walsh,413,0,194,preliminary,change
2026-07-19,1370219,9900008597476,Seth Cooprider,385,0,220,established,change
2026-07-19,1295508,9900007592038,Shardai Salaz,251,0,20,preliminary,change
2026-07-19,1379972,9900008693185,Sam Gass,197,0,23,preliminary,change
2026-07-19,927996,0338000,Stephanie Ford,404,370,522,established,change
2026-07-19,1150339,9900005892789,Stuart Walker,374,0,435,established,change
2026-07-19,1223413,9900006843285,Shiloh Schieck,404,0,85,preliminary,change
2026-07-19,1179351,9900006291895,Shawn Schwindamann,487,0,248,established,change
2026-07-19,10899,0048159,Summer Gage,512,524,661,established,change
2026-07-19,1343653,9900008181323,Steve Conner,313,0,23,preliminary,change
2026-07-19,936005,0344832,Steve Casados,549,510,772,established,change
2026-07-19,1114089,9900005519969,Taylor Wolf,532,500,709,established,change
2026-07-19,1193448,9900006532868,Susan Zarges,339,0,122,preliminary,change
2026-07-19,1275710,9900007382448,Steven Chi,467,0,171,preliminary,change
2026-07-19,1317558,9900007920206,Steven Salazar,412,0,172,preliminary,change
2026-07-19,1238681,9900007007808,Steve D Williams,449,410,363,established,change
2026-07-19,1020041,9900004421706,Tammy Shupp,398,300,1019,established,change
2026-07-19,1190542,9900006504070,Steve Martz,360,350,579,established,change
2026-07-19,1141466,9900005802160,STEVE BEEMAN,469,0,58,preliminary,change
2026-07-19,1118022,9900005559415,Sudhir Sarag,447,0,680,established,change
2026-07-19,1370220,9900008598114,Stephen Roush,282,0,58,preliminary,change
2026-07-19,1350965,9900008406990,Scott Brookhouser,415,0,16,preliminary,change
2026-07-19,1370221,9900008597612,Steve Irwin,329,0,24,preliminary,change
2026-07-19,1121982,9900005600780,Thor Holt,424,425,394,established,change
2026-07-19,972895,9900005813371,Travis Thorsten,610,0,1865,established,change
2026-07-19,1126595,9900005647303,Tony Sintas,455,0,70,preliminary,change
2026-07-19,1309684,9900007841136,Adam Miller,361,400,198,preliminary,change
2026-07-19,972886,9900005399950,Tyler Casey,544,0,458,established,change
2026-07-19,1008602,9900004288125,Todd McWhirter,496,495,2052,established,change
2026-07-19,995096,9900004165921,Tony Trela,578,575,958,established,change
2026-07-19,1053869,9900004815512,Troy Fenske,467,400,1126,established,change
2026-07-19,1245583,9900007075999,Tim Einspahr,429,425,883,established,change
2026-07-19,1185997,9900006457864,Tom Kriske,462,300,715,established,change
2026-07-19,1197427,9900006576329,Todd Short,497,0,227,established,change
2026-07-19,1225329,9900006862002,Tom Barnard,518,497,550,established,change
2026-07-19,1243327,9900007053850,Troy Michlitsch,520,475,489,established,change
2026-07-19,1101306,9900005389272,Tom Burks,374,300,1571,established,change
2026-07-19,1212850,9900006730011,Trish Dawson,323,351,641,established,change
2026-07-19,1296609,9900007704189,Tony Neumann,481,0,313,established,change
2026-07-19,1282977,9900007460504,Tony Cruz,321,0,106,preliminary,change
2026-07-19,643033,0265752,Terry Erdmann,496,425,2844,established,change
2026-07-19,1227751,9900006886367,TJ Hinesley,396,420,290,established,change
2026-07-19,972888,9900004556798,Tyler Depew,585,585,1951,established,change
2026-07-19,1342662,9900008172055,Tucker Grossman,475,450,161,preliminary,change
2026-07-19,1335227,9900008097990,Todd Hurst,462,465,180,preliminary,change
2026-07-19,1349311,9900008390541,Tyler Tran,266,0,66,preliminary,change
2026-07-19,1346651,9900008211372,Tess Debonis,342,375,94,preliminary,change
2026-07-19,1382857,9900008721468,Tyler Nolen,362,0,38,preliminary,change
2026-07-19,1386361,9900008755494,Tyler Spencer,410,0,16,preliminary,change
2026-07-19,1099896,9900005374810,Victor Trujillo,530,0,2224,established,change
2026-07-19,1135910,9900005745450,Zach Clemons,435,405,377,established,change
2026-07-19,1134636,9900005732641,Zach Bryan,604,530,2259,established,change
2026-07-19,1185598,9900006454436,William Terral,440,0,106,preliminary,change
2026-07-19,10310,9900002364685,Woody Quezada,540,525,5134,established,change
2026-07-19,745183,0253103,Ken Schmidt,499,523,1538,established,change
2026-07-19,1228825,9900006897271,Uttam Budathoki,520,0,816,established,change
2026-07-19,852709,0038812,Vincent Perez,476,525,701,established,change
2026-07-19,1246024,9900007080160,Vladimir Katsuba,415,372,273,established,change
2026-07-19,1232692,9900006935959,Victor Lujan,501,0,279,established,change
2026-07-19,1315476,9900007898543,Zayden Budathoki,260,0,23,preliminary,change
2026-07-19,1341593,9900008161127,Zack Hrovat,401,0,424,established,change
2026-07-19,1381421,9900008707400,William “bill” Harrington,428,0,37,preliminary,change
2026-07-19,1374504,9900008640042,Wendy Swanson,399,0,49,preliminary,change
2026-07-19,1370227,9900008598268,Will Just,371,0,59,preliminary,change
2026-07-19,1218797,9900006791944,Alexis Zinni,362,250,464,established,change
2026-07-19,1105166,9900005427554,Allen Cornette,376,0,35,preliminary,change
2026-07-19,1379812,9900008691600,Allison Hill,477,0,0,preliminary,change
2026-07-19,707672,0318059,Amy Gladu,448,450,482,established,change
2026-07-19,1106894,9900005446678,Andrew Fry,507,0,64,preliminary,change
2026-07-19,1202493,9900006626680,Anna Prebyl,238,300,355,established,change
2026-07-19,1301634,9900007760321,Arrie Mitchell,262,270,155,preliminary,change
2026-07-19,1172979,9900006127415,Ash Garcia,242,250,24,preliminary,change
2026-07-19,1310544,9900007849842,Austin Simmons,225,0,7,preliminary,change
2026-07-19,717222,0308303,Bill Hellner,567,566,1747,established,change
2026-07-19,989334,9900004084758,Bill Stine,493,0,328,established,change
2026-07-19,1265011,9900007271780,Billy Ray Marshall,388,374,124,preliminary,change
2026-07-19,622706,9900008246121,Bob Madara,552,527,97,preliminary,change
2026-07-19,1118769,9900005568448,Bobby Hood,362,0,38,preliminary,change
2026-07-19,1247934,9900007096307,Brad James,393,0,9,preliminary,change
2026-07-19,1057216,9900004847056,Brenda Bedel,272,300,21,preliminary,change
2026-07-19,1382839,9900008721062,Brian Burns,493,0,27,preliminary,change
2026-07-19,1191027,9900006508863,Brian Noffsinger,392,395,288,established,change
2026-07-19,1343635,9900008181408,Britt Hagaman,108,0,9,preliminary,change
2026-07-19,1173552,9900006131191,Britt Little,289,275,521,established,change
2026-07-19,1195431,9900006555324,Bryan Schmittel,329,300,156,preliminary,change
2026-07-19,839913,0259934,Candice Currie,326,365,312,established,change
2026-07-19,1345429,9900008198680,Carlos Soltero,390,0,12,preliminary,change
2026-07-19,1151885,9900005910025,Chad Reid,455,460,389,established,change
2026-07-19,1065722,9900005019438,CHAD SAILER,449,450,195,preliminary,change
2026-07-19,772485,0312283,Cheryl Ide,322,272,1906,established,change
2026-07-19,1119357,9900005574081,Chris Galvan,459,485,778,established,change
2026-07-19,1267895,9900007300817,Chris Woodcock,379,410,382,established,change
2026-07-19,1301576,9900007758113,Christine Eddings,328,330,200,established,change
2026-07-19,1128001,9900005662306,Collin Riss,428,395,536,established,change
2026-07-19,1190697,9900006505510,Corey Vezina,413,300,745,established,change
2026-07-19,1292736,9900007564103,Cory Romero,476,440,157,preliminary,change
2026-07-19,1114846,9900005527537,Dallas Trahan,434,435,373,established,change
2026-07-19,1111133,9900005489552,Danielle Swenson,339,325,225,established,change
2026-07-19,1212233,9900006723372,Darrell Horton,533,0,36,preliminary,change
2026-07-19,1282964,9900007459881,Darul Nealy,473,0,12,preliminary,change
2026-07-19,1324688,9900007992418,Darwin Grant,270,0,10,preliminary,change
2026-07-19,1105174,9900005428513,Dave Kirchoffner,420,0,74,preliminary,change
2026-07-19,1239594,9900007017708,Dawn Ferris,159,325,433,established,change
2026-07-19,1176491,9900006163338,Devin Holiday,473,475,60,preliminary,change
2026-07-19,1162743,9900006018010,Devin Minardi,509,500,1208,established,change
2026-07-19,1310090,9900007844908,Diana Carlson,297,300,176,preliminary,change
2026-07-19,1092376,9900005297560,DJ Wilson,574,450,173,preliminary,change
2026-07-19,1045927,9900004733359,Dorinda Johnson,356,300,253,established,change
2026-07-19,1374467,9900008639510,Dustin Keranen,357,0,17,preliminary,change
2026-07-19,1241917,9900007039571,Dylan Gebauer,404,405,205,established,change
2026-07-19,1260599,9900007229996,Dylan Manzanares,375,365,250,established,change
2026-07-19,1254513,9900007164075,Eddie Dobrini,393,400,189,preliminary,change
2026-07-19,1344122,9900008186335,Edwin Ronoh,539,500,100,preliminary,change
2026-07-19,1379668,9900008689904,Erica Rhodes,255,0,9,preliminary,change
2026-07-19,1238459,9900007005507,Erick Franco,498,500,232,established,change
2026-07-19,714286,0321671,Erik Rupprecht,504,410,1894,established,change
2026-07-19,1249897,9900007116265,Eva Mulkin,400,395,305,established,change
2026-07-19,1381493,9900008708124,Frankie Leal,487,525,108,preliminary,change
2026-07-19,1384907,9900008741473,Gabrielle Nicholas,305,300,20,preliminary,change
2026-07-19,1264991,9900007272367,Gail Nadeau,379,375,280,established,change
2026-07-19,1077551,9900005136708,Garrett Chasenah,466,424,982,established,change
2026-07-19,1202484,9900006626604,Gary Prebyl,360,360,450,established,change
2026-07-19,709518,0250146,Geoffrey Quezada,629,525,3313,established,change
2026-07-19,1243970,9900007060445,George Bristow,372,300,641,established,change
2026-07-19,1074523,9900005106541,Greg Graham,531,0,13,preliminary,change
2026-07-19,932749,0010962,Greg Stevens,512,488,778,established,change
2026-07-19,885452,0325944,Hana Sunrise,382,406,14,preliminary,change
2026-07-19,1276628,9900007391990,Ian Lusk,337,375,70,preliminary,change
2026-07-19,786871,0271875,Irene Padilla,345,327,706,established,change
2026-07-19,1235550,9900006975580,Jackson Williams,479,0,18,preliminary,change
2026-07-19,972811,9900000532888,James Brothers,564,525,1755,established,change
2026-07-19,1370190,9900008597452,James Neal,338,0,13,preliminary,change
2026-07-19,1232451,9900006939445,James O'Connell,406,415,375,established,change
2026-07-19,1039640,9900004654685,James Santucci,557,547,660,established,change
2026-07-19,1076359,9900005124781,James Trotter,450,350,195,preliminary,change
2026-07-19,1054010,9900004813624,Jamos Purtill,449,475,906,established,change
2026-07-19,1362866,9900008526049,Jeff Dank,461,0,61,preliminary,change
2026-07-19,1272167,9900007345641,Jeff Grames,408,425,342,established,change
2026-07-19,1327689,9900008023418,Jeff Schwieterman,252,280,79,preliminary,change
2026-07-19,1354374,9900008441991,Jennifer Van Voorst,265,300,90,preliminary,change
2026-07-19,1019821,9900004418911,Jeromie Flanery,396,450,1427,established,change
2026-07-19,1317554,9900007920077,Jerry Gonzales,472,0,75,preliminary,change
2026-07-19,1341042,9900008155980,Joann Roybal,307,300,145,preliminary,change
2026-07-19,1256049,9900007180211,John Gaborek,478,460,274,established,change
2026-07-19,981050,9900003952737,John Kirby,369,0,52,preliminary,change
2026-07-19,1095757,9900005332797,John Putzer,460,0,202,established,change
2026-07-19,1348816,9900008384311,John Sawchuk,385,0,7,preliminary,change
2026-07-19,1169229,9900006087870,Jonathan Zagar,457,425,54,preliminary,change
2026-07-19,989957,9900004092623,Joni Vecchiarelli,232,300,375,established,change
2026-07-19,1097694,9900005352566,Jordan Delitz,155,300,222,established,change
2026-07-19,1108141,9900005459760,josh muniz,197,0,7,preliminary,change
2026-07-19,1254755,9900007167281,Joshua Hall,481,498,406,established,change
2026-07-19,972832,9900002605504,Joshua Ramey,501,0,1136,established,change
2026-07-19,1301637,9900007758588,Joshua Setter,439,440,160,preliminary,change
2026-07-19,1337838,9900008123880,Weslley (Junior) Rodriguez,378,0,9,preliminary,change
2026-07-19,1133686,9900005722451,Justin Padilla,424,405,225,established,change
2026-07-19,1345737,9900008202394,Justin Travis,439,453,105,preliminary,change
2026-07-19,1095166,9900005326895,Kari Solano,434,425,202,established,change
2026-07-19,1348186,9900008379010,Kellie Sorensen,438,0,0,preliminary,change
2026-07-19,1305776,9900007800720,Kenny Maciborski,330,330,342,established,change
2026-07-19,1370200,9900008598022,Kerry Berman,443,0,2,preliminary,change
2026-07-19,1250433,9900007121122,Kevin Powell,415,0,31,preliminary,change
2026-07-19,1249911,9900007115886,Krista Azer,266,300,85,preliminary,change
2026-07-19,1232162,9900006930381,Lenora Madey,353,400,442,established,change
2026-07-19,1228267,9900006891972,Leo Lewis,299,0,15,preliminary,change
2026-07-19,15420,0156586,Lucas Davidson,470,410,360,established,change
2026-07-19,1242956,9900007050095,Luis Arreola,463,455,150,preliminary,change
2026-07-19,1325220,9900007998755,Lyndsay Taylor,240,260,253,established,change
2026-07-19,771276,0301258,Lynn Huey,355,305,501,established,change
2026-07-19,1387154,9900008763574,Marcus Russell,237,0,6,preliminary,change
2026-07-19,706349,0293284,Mark Walker,469,525,211,established,change
2026-07-19,1339167,9900008140528,Maurice Hall,253,260,70,preliminary,change
2026-07-19,1371911,9900008614739,Melanie Elson,95,0,12,preliminary,change
2026-07-19,1023457,9900004459303,Michael Loeffler,405,400,354,established,change
2026-07-19,1046595,9900004739993,Michelle Grooms,200,250,125,preliminary,change
2026-07-19,1237661,9900006997483,Mohin Afsar,600,620,170,preliminary,change
2026-07-19,947904,0266428,Nicholas Stone,416,0,91,preliminary,change
2026-07-19,1124941,9900005629583,Nick Neidhofer,466,0,15,preliminary,change
2026-07-19,1258567,9900007205846,Nick Puffer,531,505,325,established,change
2026-07-19,1160260,9900005992472,Nicole McWilliams,274,0,19,preliminary,change
2026-07-19,1302796,9900007770108,Nikki Ruppel,307,325,55,preliminary,change
2026-07-19,1014700,9900004353991,Patrick Marshall,264,300,124,preliminary,change
2026-07-19,995088,9900004165495,Patrick McNally,537,535,1623,established,change
2026-07-19,1345449,9900008199427,Patrick Reyhle,434,0,122,preliminary,change
2026-07-19,980729,9900003453777,Sean-Paul Salazar,511,488,3358,established,change
2026-07-19,1232425,9900006932798,Peggy Litton,299,300,298,established,change
2026-07-19,1379676,9900008690856,Peter Kubat,143,0,8,preliminary,change
2026-07-19,1123120,9900005612790,Phillip Gomez,226,300,155,preliminary,change
2026-07-19,1005230,9900004250672,Prav Grant,423,425,611,established,change
2026-07-19,972863,9900005618846,Raechel Fogle,388,350,735,established,change
2026-07-19,1054037,9900004813686,Raechel Purtill,315,320,482,established,change
2026-07-19,1382852,9900008720911,Ray Mills,501,0,22,preliminary,change
2026-07-19,1105188,9900005428438,Rey Cortez,503,525,611,established,change
2026-07-19,935991,0344830,Rhonda Casados,351,320,437,established,change
2026-07-19,1340223,9900008147459,Ricardo Ortega Pérez,565,0,611,established,change
2026-07-19,1327149,9900008017653,Ricky Thomas,376,380,33,preliminary,change
2026-07-19,1256859,9900007188453,Robert Boucher,437,0,362,established,change
2026-07-19,1356608,9900008463702,Robert Davis,355,0,70,preliminary,change
2026-07-19,1096897,9900005344417,Robert Thayer,552,0,387,established,change
2026-07-19,1086752,9900005240030,Robin Turley,349,300,1116,established,change
2026-07-19,1315472,9900007898727,Roland jimenez,370,350,132,preliminary,change
2026-07-19,1313551,9900007880210,Ronnie Overton,437,435,108,preliminary,change
2026-07-19,1127137,9900005652673,Ross Wilson,329,0,20,preliminary,change
2026-07-19,1104319,9900005420098,ryan galitz,365,335,193,preliminary,change
2026-07-19,1025683,9900004485616,Sal Aguilar,414,0,51,preliminary,change
2026-07-19,1179350,9900006291741,Sam Ferris,512,522,1553,established,change
2026-07-19,1218519,9900006788692,Samuel Fiechter,463,0,97,preliminary,change
2026-07-19,1032127,9900004560276,Scott Hills,446,425,1030,established,change
2026-07-19,1232690,9900006935775,Seajay Johnson,428,0,187,preliminary,change
2026-07-19,1301580,9900007758144,Sean Baas,379,360,379,established,change
2026-07-19,1225327,9900006862408,Sean Menard,431,0,32,preliminary,change
2026-07-19,1363058,9900008527374,Seth Baughman,393,400,225,established,change
2026-07-19,1126591,9900005646788,Shane Shoemaker,480,538,96,preliminary,change
2026-07-19,1209511,9900006696737,Shawn Fielding,287,300,219,established,change
2026-07-19,1375104,9900008645849,Shawn Williamson,410,435,39,preliminary,change
2026-07-19,1345792,9900008202912,Shawna Hyde,376,425,102,preliminary,change
2026-07-19,1214348,9900006749396,Sinjin Sison,539,425,956,established,change
2026-07-19,808649,0226400,Sivong Yang,420,447,76,preliminary,change
2026-07-19,1133665,9900005722307,Staci Wright,418,414,251,established,change
2026-07-19,1301633,9900007758557,Tanya Love,237,255,216,established,change
2026-07-19,1238585,9900007006757,Theodore Hummel,467,455,279,established,change
2026-07-19,1237673,9900006997537,Tony Goldsmith,371,400,371,established,change
2026-07-19,1228272,9900006891729,Trevor Lee,420,0,31,preliminary,change
2026-07-19,1347096,9900008218258,Turner Mann,237,0,31,preliminary,change
2026-07-19,1391752,9900008805779,Ty Kaatz,314,0,16,preliminary,change
2026-07-19,1105702,9900005434248,Tyler Andrews,517,525,367,established,change
2026-07-19,1127991,9900005662221,Victoria Bail,279,265,197,preliminary,change
2026-07-19,1332882,9900008075011,Wayne Bruni,417,420,185,preliminary,change
2026-07-19,1228577,9900006895031,William Hoyt,427,450,122,preliminary,change
2026-07-19,989948,9900004092548,Xavier Lucero,569,520,1863,established,change
2026-07-19,1153839,9900005927900,Anthony Lopez,540,534,721,established,change
2026-07-19,1249900,9900007115817,Austin Shelton,430,391,615,established,change
2026-07-19,731182,0231832,Carlos Gonzalez,505,500,986,established,change
2026-07-19,895795,0246572,Chris Foster,519,525,2236,established,change
2026-07-19,1269401,9900007316702,Chris Gordon,340,350,97,preliminary,change
2026-07-19,1114086,9900005519938,Christopher Cho,430,440,774,established,change
2026-07-19,1301638,9900007758595,Daniel Quinlan,341,340,193,preliminary,change
2026-07-19,1009688,9900004299244,David Ortiz,362,375,1240,established,change
2026-07-19,1228575,9900006895017,Dean Bryan,346,400,88,preliminary,change
2026-07-19,1138592,9900005773057,Gary Brown,339,375,874,established,change
2026-07-19,1363086,9900008527657,George Young,306,250,104,preliminary,change
2026-07-19,993392,9900004143363,Heidi Land,234,350,557,established,change
2026-07-19,1332677,9900008072782,James Keech,340,350,37,preliminary,change
2026-07-19,1130813,9900005691207,Jason Ford,426,450,305,established,change
2026-07-19,1330512,9900008050636,Jason Hudson,516,0,50,preliminary,change
2026-07-19,1142809,9900005816068,Jeff Robertson,356,375,704,established,change
2026-07-19,1313550,9900007880203,John Earley,435,435,101,preliminary,change
2026-07-19,1028696,9900004525817,Michael Broussard,358,350,370,established,change
2026-07-19,1209285,9900006694832,Michael Palmer,321,335,227,established,change
2026-07-19,1118537,9900005565294,Michael Phillips,432,0,29,preliminary,change
2026-07-19,1228568,9900006895642,Kris Michael Sandoval,524,475,209,established,change
2026-07-19,993219,9900004140997,Mike Myers,539,375,1720,established,change
2026-07-19,1202476,9900006626550,Richard Alcala,415,395,538,established,change
2026-07-19,1364333,9900008539940,Rodney Bryant,509,0,12,preliminary,change
2026-07-19,1202491,9900006626666,Ron Bush,353,330,444,established,change
2026-07-19,1086272,9900005234893,Ron Troeger,416,397,817,established,change
2026-07-19,1023036,9900004453264,Benny Cooper,517,500,1002,established,change
2026-07-19,1243494,9900007055588,Chuck Cannon,407,460,191,preliminary,change
2026-07-19,751240,0068602,Charlie Williamson,556,525,2771,established,change
2026-07-19,1138185,9900005768114,Dave Eubanks,415,405,696,established,change
2026-07-19,1386601,9900008758181,Andy Lindsey,340,400,63,preliminary,change
2026-07-19,1250424,9900007120729,Andrew Salazar,457,0,19,preliminary,change
2026-07-19,958329,0376786,Jake Lawson,526,525,1506,established,change
2026-07-19,1272172,9900007345665,Jim Ruppel,392,375,175,preliminary,change
2026-07-19,1379673,9900008691075,Jeff Kakac,406,0,13,preliminary,change
2026-07-19,1136606,9900005751659,Jeff Shirk,444,436,117,preliminary,change
2026-07-19,815184,0239651,james Moranor,389,420,47,preliminary,change
2026-07-19,1031038,9900004546638,Josh Daigle,425,450,311,established,change
2026-07-19,813997,0158882,Ken Byrd,451,525,2850,established,change
2026-07-19,1104529,9900005421453,Matt Cogburn,374,500,392,established,change
2026-07-19,1238587,9900007007266,Michael Anaya,315,320,206,established,change
2026-07-19,1235281,9900006969268,Nathan Cleveland,330,320,45,preliminary,change
2026-07-19,1125076,9900005634297,Bobby Yang,530,545,1202,established,change
2026-07-19,1363061,9900008527404,Steve Ebele,473,550,242,established,change
2026-07-19,1244686,9900007067383,Tom Forster,415,0,194,preliminary,change
2026-07-19,1135629,9900005742633,Tori Russick,342,335,777,established,change
2026-07-19,1102834,9900005404777,Fred Castellano,407,0,27,preliminary,change
2026-07-19,1223769,9900006846255,Isaiah Bowers,334,400,157,preliminary,change
2026-07-19,1282463,9900007454718,Javi Olivas,377,350,372,established,change
2026-07-19,1165129,9900006042619,Jeff lashell,436,0,32,preliminary,change
2026-07-19,1060038,9900004884433,Michael R Farrell,397,425,1903,established,change
2026-07-19,1243969,9900007060551,Taylor Aviles,213,300,474,established,change
2026-07-19,1114160,9900005520774,Aaron Allen,423,425,40,preliminary,change
2026-07-19,969124,0355884,Aaron Gupton,568,525,1366,established,change
2026-07-19,1163272,9900006023298,Abdul alburaidi,544,530,317,established,change
2026-07-19,1304469,9900007787519,AJ Chase,487,525,192,preliminary,change
2026-07-19,880208,0276722,Alex Cabrera,427,525,1177,established,change
2026-07-19,1257644,9900007196199,Alex Ruskaup,492,500,51,preliminary,change
2026-07-19,1249747,9900007114599,Allison Cole,367,325,286,established,change
2026-07-19,1118765,9900005568523,Arik Diehl,530,0,538,established,change
2026-07-19,1280660,9900007432501,Audrie Scheele,96,0,10,preliminary,change
2026-07-19,1193980,9900006538365,Austen Vasquez,395,325,105,preliminary,change
2026-07-19,1190539,9900006504056,Benjamin Riddle,315,305,154,preliminary,change
2026-07-19,1367586,9900008572534,Brennen Henry,420,0,120,preliminary,change
2026-07-19,1117866,9900005558180,Brett Anzlovar,329,350,126,preliminary,change
2026-07-19,1239199,9900007013977,Brett Stralo,196,350,161,preliminary,change
2026-07-19,1119900,9900005579314,Brian McGraw,404,0,90,preliminary,change
2026-07-19,1363057,9900008527367,Brian Pement,496,550,540,established,change
2026-07-19,702816,0234696,Bryan LaVelle,454,525,1220,established,change
2026-07-19,1104317,9900005420074,Chris Bourg,390,368,983,established,change
2026-07-19,1005211,9900004250504,Chris Devenney,398,0,240,established,change
2026-07-19,1300777,9900007747476,Chris Krueger,383,400,259,established,change
2026-07-19,1082204,9900005188233,Chris Masias,580,450,1114,established,change
2026-07-19,1034666,9900004599023,Chris Mcneal,432,0,12,preliminary,change
2026-07-19,1364962,9900008546030,Chris Santistevan,445,485,206,established,change
2026-07-19,626560,0307388,Chuck Leeper Jr,623,603,839,established,change
2026-07-19,1132512,9900005711004,Cody Hervert,515,0,262,established,change
2026-07-19,1315305,9900007900253,Conor Dascomb,456,450,186,preliminary,change
2026-07-19,1374461,9900008639589,Dan Pizzillo,524,0,24,preliminary,change
2026-07-19,995108,9900004165686,Daniel Bennett,421,425,192,preliminary,change
2026-07-19,788284,0007747,Danny Kulp,518,525,23,preliminary,change
2026-07-19,1085612,9900005221862,Danyelle Figueroa,498,425,671,established,change
2026-07-19,1231351,9900006928210,David Bender,422,410,644,established,change
2026-07-19,1054692,9900004821445,David Fremgen,401,0,347,established,change
2026-07-19,1363080,9900008527596,David Johnson,449,335,143,preliminary,change
2026-07-19,1043412,9900004698177,David lawry,398,0,58,preliminary,change
2026-07-19,1010093,9900004303125,Devin Schweer,633,455,2256,established,change
2026-07-19,1286276,9900007493465,dj vela,511,0,41,preliminary,change
2026-07-19,1092592,9900005299816,Dustin Chapin,549,500,302,established,change
2026-07-19,1263285,9900007254806,Dustin Mastay,434,450,342,established,change
2026-07-19,1237671,9900006997513,Edward Kiefer,425,400,542,established,change
2026-07-19,1114161,9900005521214,Evan Galperin,434,400,114,preliminary,change
2026-07-19,1098100,9900005356618,Francisco Monge,585,514,150,preliminary,change
2026-07-19,1364691,9900008543367,Fred Nicolai,410,410,72,preliminary,change
2026-07-19,1073626,9900005096453,Geoff Schoenfeld,473,490,920,established,change
2026-07-19,1237948,9900007000168,gilberto salinas,422,0,187,preliminary,change
2026-07-19,935952,0292941,Grant Wittenwyler,475,525,2883,established,change
2026-07-19,1026797,9900004498272,Greg Webster,619,600,805,established,change
2026-07-19,1075841,9900005119589,Gustaf Friberg,583,0,724,established,change
2026-07-19,1049682,9900004769693,Hector Cisneros,516,450,1403,established,change
2026-07-19,1231541,9900006923727,Jack Taft,486,431,289,established,change
2026-07-19,1122399,9900008321880,Jacob Zimmerman,487,400,288,established,change
2026-07-19,1226048,9900006868592,Jaime Crouch,619,0,121,preliminary,change
2026-07-19,1208382,9900006685533,Jamal Bannoura,539,570,324,established,change
2026-07-19,744196,0149741,James Lyman,509,625,2674,established,change
2026-07-19,1053461,9900004809047,James Stephan,561,0,51,preliminary,change
2026-07-19,1237952,9900007000281,jaquen stoops,322,0,59,preliminary,change
2026-07-19,994704,9900001142086,Jeanette Schmiedbauer,370,425,375,established,change
2026-07-19,626919,0253101,Jeff Goeller,582,577,2096,established,change
2026-07-19,1304468,9900007787502,Jenny Souvanthong,348,325,275,established,change
2026-07-19,1205041,9900006651903,Jerrica Marion,258,300,70,preliminary,change
2026-07-19,1189213,9900006491028,Jesus Dominguez,401,400,285,established,change
2026-07-19,1374475,9900008640059,Jesus Luva,416,0,23,preliminary,change
2026-07-19,1191281,9900006511498,Jill Rodriguez,416,425,376,established,change
2026-07-19,990298,9900004097864,Jody Johnson,624,585,350,established,change
2026-07-19,687097,0305632,Joe Boyd,476,506,685,established,change
2026-07-19,1240333,9900007024737,Joe Gray,379,375,186,preliminary,change
2026-07-19,995111,9900004165716,John Adams,541,550,1637,established,change
2026-07-19,1190533,9900006504018,John Krue,508,473,1017,established,change
2026-07-19,1135687,9900005745672,John Trujillo,367,375,144,preliminary,change
2026-07-19,1090601,9900005279498,Jon Felzien,490,0,103,preliminary,change
2026-07-19,1139628,9900005784473,Jon Moy,518,500,533,established,change
2026-07-19,1374479,9900008639602,Josh Scott,359,0,9,preliminary,change
2026-07-19,1358654,9900008484301,Juan Jesús García LInares,527,0,36,preliminary,change
2026-07-19,1329782,9900008047445,Justin Blanchard,374,360,306,established,change
2026-07-19,1013413,9900004338905,Justin England,543,0,351,established,change
2026-07-19,1235188,9900006968438,Kari Fortunato,313,350,327,established,change
2026-07-19,1218256,9900006786438,Keith Gravis,387,400,60,preliminary,change
2026-07-19,1114845,9900005527520,Keith Martinez,358,300,367,established,change
2026-07-19,1264375,9900007265192,Ken Martin,443,475,291,established,change
2026-07-19,1040176,9900004660631,Kevin Pikus,440,350,243,established,change
2026-07-19,1324694,9900007992029,Kevin Reid,556,0,186,preliminary,change
2026-07-19,1364561,9900008542162,Kristi Persinger,333,325,62,preliminary,change
2026-07-19,1241688,9900007037195,Leanetta Malone,269,275,307,established,change
2026-07-19,998206,9900001285936,Les Bagley,548,565,1026,established,change
2026-07-19,1065638,9900005019001,LINO CHAVEZ,600,550,190,preliminary,change
2026-07-19,1372299,9900008618409,Luis Castaneda,438,300,127,preliminary,change
2026-07-19,1006978,9900004271585,Mark Rapson,427,450,1308,established,change
2026-07-19,872220,0251226,Matt Hurlburt,522,520,245,established,change
2026-07-19,777049,9900003329966,Mike Jacobs,530,514,2366,established,change
2026-07-19,932826,9900003365988,Mitch Wilson JR,432,378,798,established,change
2026-07-19,1275232,9900007377604,Neil Maxwell,511,525,130,preliminary,change
2026-07-19,1379286,9900008686200,Nick Mullen,296,0,10,preliminary,change
2026-07-19,1022040,9900004443401,Paden Clements,408,375,546,established,change
2026-07-19,1041229,9900004677936,Patrick Tafoya,409,350,358,established,change
2026-07-19,15681,0128536,Paul Drinnon,586,525,1840,established,change
2026-07-19,1231070,9900006898957,Penny Scheierman,312,350,256,established,change
2026-07-19,1218265,9900006791623,Peter Huettner,412,380,447,established,change
2026-07-19,1118876,9900005568851,Riley Yermasek,257,300,363,established,change
2026-07-19,1340968,9900008154952,Robert Baker,559,570,177,preliminary,change
2026-07-19,1209193,9900006693804,Robert Barrett,483,470,219,established,change
2026-07-19,1004206,9900004239318,Robert Duran,357,525,1219,established,change
2026-07-19,1191695,9900006515090,Robert Hawk,504,0,179,preliminary,change
2026-07-19,1122658,9900005607369,Robert Olson,629,658,641,established,change
2026-07-19,935996,0246040,Rod Ashby,503,0,93,preliminary,change
2026-07-19,1012601,9900004331067,Roderick Whitehorse,489,425,209,established,change
2026-07-19,1342719,9900008172611,Roman Archuleta,450,450,38,preliminary,change
2026-07-19,1308141,9900007825044,Ron Cunningham,408,300,267,established,change
2026-07-19,993390,9900004143349,Rose Ramos,450,440,941,established,change
2026-07-19,1218518,9900006789248,Ruben Ramos,394,375,121,preliminary,change
2026-07-19,676079,0218263,Ryan Diebel,469,400,756,established,change
2026-07-19,1044476,9900004711500,Ryan Nalty,540,300,388,established,change
2026-07-19,1064935,9900004918008,Sam Rodriguez,600,575,100,preliminary,change
2026-07-19,1105191,9900005429039,Sean Dorrance,366,370,269,established,change
2026-07-19,1067678,9900005038873,Sean McCoy,363,450,1134,established,change
2026-07-19,1306925,9900007819012,Shannon Mooney,288,300,65,preliminary,change
2026-07-19,1227181,9900006880631,Shannon Venrick,300,300,97,preliminary,change
2026-07-19,1377117,9900008665830,Shirley Hatcher,259,0,10,preliminary,change
2026-07-19,1364692,9900008543374,Simon Watkins,608,610,122,preliminary,change
2026-07-19,1379533,9900008688952,Spencer Johnson,464,0,62,preliminary,change
2026-07-19,1356268,9900008460701,Steven Blan,367,0,12,preliminary,change
2026-07-19,698902,0262647,Sue Boucher,385,404,669,established,change
2026-07-19,1070174,9900005063318,Timothy Clayton,496,0,53,preliminary,change
2026-07-19,1000868,9900003888944,Tim Thompson,587,585,508,established,change
2026-07-19,1100000,9900005375909,Tommy Martin,522,0,930,established,change
2026-07-19,1367468,9900008570639,Toni Cruz,366,400,105,preliminary,change
2026-07-19,1173561,9900006131436,Tony Thomas,522,0,48,preliminary,change
2026-07-19,1065641,9900005019612,Trent Scheele,558,550,1713,established,change
2026-07-19,1147575,9900005865738,Trey McClanahan,479,485,267,established,change
2026-07-19,1010280,9900004304924,Troy Gray,415,400,899,established,change
2026-07-19,673168,0326644,Vanessa Minnard,386,397,1117,established,change
2026-07-19,1259343,9900007213933,Daryl-Lynne Cousins,250,250,642,established,change
2026-07-19,1183340,9900006431789,Chantelle Schuckman,271,300,555,established,change
2026-07-19,1122645,9900005607772,deo basnet,546,0,381,established,change
2026-07-19,1272169,9900007345658,Matthew R Cox,268,330,226,established,change
2026-07-19,1100225,9900005378047,Miguel Anariba,563,0,651,established,change
2026-07-19,1144651,9900005834598,Nick Leblanc,588,500,560,established,change
2026-07-19,1227045,9900006879154,Aaron Bigelow,403,370,535,established,change
2026-07-19,1332283,9900008069539,Aaron Hampshire,301,300,127,preliminary,change
2026-07-19,1300896,9900007748732,Adam Lee,500,0,20,preliminary,change
2026-07-19,1002562,9900004218597,Adam Sanchez,451,445,889,established,change
2026-07-19,1205079,9900006656656,Adrian Houston,381,385,219,established,change
2026-07-19,1010949,9900004312189,Alan Adams,314,400,1457,established,change
2026-07-19,1319442,9900007939734,Alan Dortsch,449,0,58,preliminary,change
2026-07-19,1234219,9900006951072,Alan Knight,504,550,520,established,change
2026-07-19,1359980,9900008497172,Alandis Snipes,429,450,130,preliminary,change
2026-07-19,1388238,9900008774297,Alex Munson,388,400,36,preliminary,change
2026-07-19,781493,0223644,Alex Vigil,434,440,652,established,change
2026-07-19,1334475,9900008090441,Alexander Burg,441,495,165,preliminary,change
2026-07-19,1017489,9900004385091,Allen Sauer,428,350,846,established,change
2026-07-19,1062831,9900004916950,Allen Wilson,463,300,233,established,change
2026-07-19,1309731,9900007841433,Allison Hoskins,386,350,203,established,change
2026-07-19,1323031,9900007975978,Amy Barrett,325,315,60,preliminary,change
2026-07-19,1067716,9900005038217,Amy Martinez,387,0,247,established,change
2026-07-19,1029760,9900004533065,Andrew Andresen,470,450,201,established,change
2026-07-19,1358316,9900008480785,Andrew Antanola,230,260,102,preliminary,change
2026-07-19,1313281,9900007879160,Andrew Funk,398,350,177,preliminary,change
2026-07-19,1339051,9900008136002,Andrew Gonzales,371,430,116,preliminary,change
2026-07-19,1367502,9900008570967,Andrew Martinez,340,375,100,preliminary,change
2026-07-19,1383443,9900008727460,Andrew Muller,287,325,45,preliminary,change
2026-07-19,1245236,9900007072745,Andrew Oneal,345,350,370,established,change
2026-07-19,1019674,9900004416832,Andrew Popek,358,400,1216,established,change
2026-07-19,1274916,9900007374573,Andrew Troxel,283,280,242,established,change
2026-07-19,1144175,9900005829815,Andy Konechne,368,355,601,established,change
2026-07-19,1270781,9900007332160,Angela Caldwell,228,250,219,established,change
2026-07-19,1037964,9900004631280,Ani Shull,362,375,61,preliminary,change
2026-07-19,1320403,9900007949191,Anna Parham,279,300,148,preliminary,change
2026-07-19,1026354,9900004497893,Annette Jewell,491,525,78,preliminary,change
2026-07-19,1061582,9900004903868,Anthony Caputo,341,279,355,established,change
2026-07-19,1319889,9900007943953,Anthony Losino,474,475,262,established,change
2026-07-19,987913,9900004061049,Anthony Sandoval,440,435,660,established,change
2026-07-19,1247244,9900007089736,Anthony Venuto,278,350,385,established,change
2026-07-19,1331528,9900008060864,Antonio Nabors,196,250,196,preliminary,change
2026-07-19,1309785,9900007841815,Ari Schapira,456,350,247,established,change
2026-07-19,1029178,9900004527101,Ariana Kravette,229,250,470,established,change
2026-07-19,1011400,9900001929335,Ariel Bruni,303,0,667,established,change
2026-07-19,1041483,9900004680370,Art Valdez,436,440,241,established,change
2026-07-19,1117538,9900005554861,Artina Ruibal,384,395,268,established,change
2026-07-19,1227728,9900006886206,Augustine Garcia,309,350,326,established,change
2026-07-19,1147527,9900005863864,Austin Bozeman,346,400,677,established,change
2026-07-19,1389156,9900008783404,Austin Donnellan,323,325,5,preliminary,change
2026-07-19,838853,0324747,Austin Harlan,327,320,458,established,change
2026-07-19,1133684,9900005722437,Ben Daugherty,567,547,1010,established,change
2026-07-19,1191046,9900006509129,Ben Judovits,343,350,742,established,change
2026-07-19,1226715,9900006876528,Benjamin Peregrine,418,0,937,established,change
2026-07-19,1107444,9900005452389,BETH MACHE,363,0,162,preliminary,change
2026-07-19,1270508,9900007328064,Bex Beisner,229,250,455,established,change
2026-07-19,1344892,9900008193883,Bill Marcum,384,350,91,preliminary,change
2026-07-19,1324683,9900007992920,Bill Mellenthin,364,0,51,preliminary,change
2026-07-19,10566,0015762,Bill Sepelak,584,525,364,established,change
2026-07-19,1040175,9900004660594,Bill Tobin,463,500,2299,established,change
2026-07-19,1358230,9900008479987,Birdie Valdez,370,350,115,preliminary,change
2026-07-19,1380843,9900008701743,Blake LaVergne,353,350,36,preliminary,change
2026-07-19,1005199,9900004250399,Blake Stewart,480,450,982,established,change
2026-07-19,1262315,9900007244142,Bob Rivera Sr,391,440,730,established,change
2026-07-19,726313,0125445,Bob Sahl,546,545,870,established,change
2026-07-19,1320450,9900007949771,Bobby Hicks,442,475,54,preliminary,change
2026-07-19,1082198,9900005188172,Bonnie Ford,401,368,371,established,change
2026-07-19,1058606,9900004864763,Boyd Livesey,293,300,72,preliminary,change
2026-07-19,1346260,9900008207399,Brad Bates,301,375,135,preliminary,change
2026-07-19,1294296,9900007579510,Branden Hubbard,397,0,46,preliminary,change
2026-07-19,1250116,9900007118511,Brandon Books,312,295,297,established,change
2026-07-19,1347286,9900008220473,Brandon Voth,354,362,255,established,change
2026-07-19,1357287,9900008470779,Branwyn Adkins,210,250,102,preliminary,change
2026-07-19,1246477,9900007084700,Brendea Stock,299,400,252,established,change
2026-07-19,1126301,9900005644630,Brent Smith,425,350,801,established,change
2026-07-19,887281,0304736,Bret Sibley,437,525,155,preliminary,change
2026-07-19,972771,9900005040111,Brett Colbert,523,0,368,established,change
2026-07-19,1095389,9900005329179,brian cornwell,421,525,60,preliminary,change
2026-07-19,806342,0070857,Brian Easter,578,525,616,established,change
2026-07-19,1152848,9900005918656,Brian Loitsch,352,345,278,established,change
2026-07-19,1393287,9900008820840,Brian  Phelps,400,400,0,preliminary,change
2026-07-19,1332676,9900008072775,Brian Roybal,422,450,140,preliminary,change
2026-07-19,1117377,9900005553147,Britt Terry,392,554,436,established,change
2026-07-19,1228993,9900006898919,Bruce Balsley,339,400,214,established,change
2026-07-19,996700,9900004176996,Bruce Barrios,307,525,1200,established,change
2026-07-19,935926,0227845,Bruce Douglas,427,0,300,established,change
2026-07-19,1290592,9900007541234,Bruce Pizzimenti,391,525,249,established,change
2026-07-19,1274325,9900007369555,Bruce Tucker,585,350,428,established,change
2026-07-19,1324210,9900007987964,Bruce XXX,445,450,10,preliminary,change
2026-07-19,1160353,9900005993684,Caleb Rountree,416,350,565,established,change
2026-07-19,1245228,9900007072684,Carl Neer,523,500,282,established,change
2026-07-19,722349,0205266,Carol Chartier,345,391,254,established,change
2026-07-19,1281902,9900007446515,Casey Davis,228,270,199,preliminary,change
2026-07-19,1174399,9900006142807,Chad Edinger,401,395,698,established,change
2026-07-19,1005210,9900004250498,Chad Hartmann,338,350,373,established,change
2026-07-19,1040347,9900004664738,Charles Talbert,443,480,807,established,change
2026-07-19,858645,0299568,Charlie Dittrick,445,522,762,established,change
2026-07-19,1260553,9900007226797,Charlie Sardelli,354,350,32,preliminary,change
2026-07-19,1191845,9900006517162,Chayce Lutz,340,350,174,preliminary,change
2026-07-19,1382655,9900008719526,Chelsea Jackson,349,350,46,preliminary,change
2026-07-19,1046926,9900004746205,Cherilyn Rasmussen,364,425,888,established,change
2026-07-19,1245219,9900007073728,Chris Beck,342,350,450,established,change
2026-07-19,1292806,9900007564561,Chris cochran,349,300,351,established,change
2026-07-19,1260594,9900007226728,Chris Collins,410,415,156,preliminary,change
2026-07-19,1191849,9900006517209,Chris King,333,350,274,established,change
2026-07-19,1261182,9900007232873,Chris Meis,379,400,155,preliminary,change
2026-07-19,831448,0221615,Chris Melle,437,510,1001,established,change
2026-07-19,1340611,9900008151456,Chris Parish,394,390,92,preliminary,change
2026-07-19,625938,0053290,Chris Patrinas,585,585,611,established,change
2026-07-19,1227522,9900006884189,Chris West,411,525,356,established,change
2026-07-19,1336294,9900008109914,Chrissi Wheeler,279,375,170,preliminary,change
2026-07-19,1010288,9900004304993,Christian McWilliams,278,275,923,established,change
2026-07-19,1291227,9900007548660,Christine Ortega,246,265,329,established,change
2026-07-19,928498,0338005,Cindy Bergeron,453,451,1268,established,change
2026-07-19,1367501,9900008570950,Colton Martinez,282,300,90,preliminary,change
2026-07-19,1301681,9900007758908,Conner Bernardin,288,290,110,preliminary,change
2026-07-19,1008598,9900004288088,Cord Thompson,477,465,379,established,change
2026-07-19,1191850,9900006517216,Corey Azevedo,258,270,162,preliminary,change
2026-07-19,1191902,9900006517742,Corry Peters,339,350,126,preliminary,change
2026-07-19,1214287,9900006744186,Craig Forrest,239,260,176,preliminary,change
2026-07-19,1313882,9900007885901,Craig Sirkin,281,285,137,preliminary,change
2026-07-19,1121821,9900005599183,Crystal Terrazas,402,400,52,preliminary,change
2026-07-19,1291332,9900007549988,Cullum Clampitt,297,300,153,preliminary,change
2026-07-19,1239726,9900007019184,Curt Warner,270,250,166,preliminary,change
2026-07-19,1005277,9900004251280,Curtis Escamilla,434,0,233,established,change
2026-07-19,1190532,9900006504520,Curtis Rose,392,385,643,established,change
2026-07-19,1231267,9900006922393,Cynthia Harris,102,300,317,established,change
2026-07-19,1117864,9900005558173,Dale Eller,329,350,1109,established,change
2026-07-19,1328222,9900008028512,Dalton Bartholomew,288,325,125,preliminary,change
2026-07-19,1005278,9900004251297,Dan Becker,465,460,955,established,change
2026-07-19,1266575,9900007287750,Dan Bergeron,482,525,464,established,change
2026-07-19,1183156,9900006429410,Dan Hogan,339,330,152,preliminary,change
2026-07-19,1208254,9900006684550,Dan Kohler,384,405,462,established,change
2026-07-19,1045885,9900004732871,Dana Johnson,247,0,17,preliminary,change
2026-07-19,1271225,9900007337363,Dani Bean,212,250,294,established,change
2026-07-19,1261184,9900007232897,Daniel Allison,363,400,412,established,change
2026-07-19,972437,0014442,Daniel Hoyer,502,525,2142,established,change
2026-07-19,1351973,9900008418429,Daniel LaGrange,297,300,73,preliminary,change
2026-07-19,753037,0327540,Daniel Martinez,491,525,512,established,change
2026-07-19,1348806,9900008384526,Daniel Rodriguez,424,425,187,preliminary,change
2026-07-19,739394,0318813,Danny Atkinson,418,425,48,preliminary,change
2026-07-19,1011402,9900004316507,Darrin Sais,483,450,315,established,change
2026-07-19,1208260,9900006684611,DAVE ATTEBERRY,420,400,516,established,change
2026-07-19,1284121,9900007472873,Dave Doe,494,500,11,preliminary,change
2026-07-19,1158677,9900005976571,Dave Smith,563,400,910,established,change
2026-07-19,1282165,9900007449998,Dave Teed,425,500,232,established,change
2026-07-19,1249715,9900007114421,Dave Woycio,311,310,201,established,change
2026-07-19,842294,0275713,Davey Lopez,518,529,20,preliminary,change
2026-07-19,1223770,9900006846262,David Bowers,358,325,413,established,change
2026-07-19,1054007,9900004813600,David Coffey,442,0,1151,established,change
2026-07-19,1169209,9900006087702,David Conley,392,380,132,preliminary,change
2026-07-19,1351726,9900008415978,David Durand,576,564,174,preliminary,change
2026-07-19,1387074,9900008762775,David Murphy,387,390,16,preliminary,change
2026-07-19,1342566,9900008170891,David Stonecipher,391,400,75,preliminary,change
2026-07-19,1121820,9900005599176,David Terrazas,436,450,69,preliminary,change
2026-07-19,1333530,9900008081593,Dee Chatman,389,400,226,established,change
2026-07-19,1093370,9900005309003,Dee Crosby,439,425,77,preliminary,change
2026-07-19,1275875,9900007384183,Delbert Velasquez,325,340,302,established,change
2026-07-19,1054800,9900004822855,Delene Marques,103,350,474,established,change
2026-07-19,642040,0090829,Dennis Lindsey,428,411,597,established,change
2026-07-19,1237254,9900006993355,Dennis Medina,466,425,405,established,change
2026-07-19,625634,0003063,Dennis Romero,588,525,970,established,change
2026-07-19,1367898,9900008574835,Derek Derek Myrick,382,375,80,preliminary,change
2026-07-19,1145241,9900005842142,Derrick Chapman,338,330,795,established,change
2026-07-19,1012592,9900004330589,Derrick Rudolph,271,270,630,established,change
2026-07-19,1185865,9900006456645,Devin Pratt,260,250,417,established,change
2026-07-19,1034261,9900004591676,Devin Shannon,473,0,395,established,change
2026-07-19,1009678,9900004299169,Dick Petrash,444,525,2291,established,change
2026-07-19,1248779,9900007105184,Diego Garcia,314,310,332,established,change
2026-07-19,1047666,9900004750479,Dillon McBride,332,300,122,preliminary,change
2026-07-19,1291239,9900007548769,Dominic Covarrubias,329,300,332,established,change
2026-07-19,1160181,9900005993080,Dominic Venuto,589,550,574,established,change
2026-07-19,1023179,9900004455152,Dominick Pettinato,391,0,461,established,change
2026-07-19,1358317,9900008480792,Don Carder,280,300,20,preliminary,change
2026-07-19,752939,0120852,Don Doss,459,525,114,preliminary,change
2026-07-19,995099,9900004165594,Don Hines,378,375,1090,established,change
2026-07-19,1357238,9900008470281,Don Kobs,474,500,132,preliminary,change
2026-07-19,1305516,9900007798003,Dora Torres,260,300,73,preliminary,change
2026-07-19,1251208,9900007129531,Doug Barrett,447,450,356,established,change
2026-07-19,808638,0275784,Drew Rieck,531,525,172,preliminary,change
2026-07-19,1228573,9900006894997,Duke Marion V,274,250,268,established,change
2026-07-19,1125558,9900005637151,Dustin Carpentier,483,400,989,established,change
2026-07-19,1304471,9900007787533,Dustin Lopes,400,450,257,established,change
2026-07-19,1351971,9900008418405,Dyllon Ketterer,243,250,74,preliminary,change
2026-07-19,1008599,9900004288095,Earl Stocker,331,330,448,established,change
2026-07-19,1103965,9900005416787,Ed Barberra,258,275,240,established,change
2026-07-19,1188410,9900006483047,Ed Christopher,490,530,220,established,change
2026-07-19,1030733,9900004543569,Eli Collins,489,490,501,established,change
2026-07-19,1144402,9900005831931,Elias Mendoza,487,475,109,preliminary,change
2026-07-19,1251222,9900007129128,Elizabeth Bullock,256,300,409,established,change
2026-07-19,1359399,9900008491453,Elizabeth Lowe,276,280,35,preliminary,change
2026-07-19,1351972,9900008418412,Elizabeth Taravella,256,275,81,preliminary,change
2026-07-19,1301510,9900007755204,Emeka Okoye,191,250,248,established,change
2026-07-19,1308000,9900007823569,Emily Feldkamp,267,260,366,established,change
2026-07-19,1382972,9900008722892,Emily Monday,178,250,80,preliminary,change
2026-07-19,1078107,9900005145649,enoch witchley,468,450,144,preliminary,change
2026-07-19,1133190,9900005717389,Eric Donald,516,475,1465,established,change
2026-07-19,1189288,9900006491592,Eric Kolish,481,500,208,established,change
2026-07-19,1301761,9900007759264,Eric O'Neill,225,260,118,preliminary,change
2026-07-19,1247239,9900007089699,Eric Rakes,298,325,276,established,change
2026-07-19,1361238,9900008509288,Eric Rodgers,265,325,85,preliminary,change
2026-07-19,1314890,9900007892978,Erik Coburn,342,300,644,established,change
2026-07-19,1237169,9900006992501,Erik Kesteloot,403,390,386,established,change
2026-07-19,1237055,9900006991702,Evelyn Cruz,267,310,190,preliminary,change
2026-07-19,1232320,9900006932194,Felipe Alaniz,481,450,359,established,change
2026-07-19,1277423,9900007399569,Francisco Lopez Cid,588,0,297,established,change
2026-07-19,1345579,9900008200826,Frank Damore,349,341,125,preliminary,change
2026-07-19,707906,0228831,Frank Martin,518,521,338,established,change
2026-07-19,1035039,9900004602938,Frank Pinson,487,470,294,established,change
2026-07-19,879391,0143186,Frankie Portera,401,525,341,established,change
2026-07-19,1390523,9900008796206,Gabe Lundin,367,400,45,preliminary,change
2026-07-19,1047320,9900004747257,Gabe Zapata,434,390,305,established,change
2026-07-19,1153838,9900005927894,Garrett Matsunaga,463,469,563,established,change
2026-07-19,1019963,9900004420808,Gary Gutierrez,369,350,670,established,change
2026-07-19,632767,0264611,Gary Johnson,511,523,1239,established,change
2026-07-19,1220874,9900006813844,Gary Madison,271,350,144,preliminary,change
2026-07-19,1266721,9900007289167,Gary Montel,430,452,157,preliminary,change
2026-07-19,1174282,9900006141015,Gavin Bermingham,514,525,771,established,change
2026-07-19,1186009,9900006457987,Gavin Rooker,390,300,308,established,change
2026-07-19,977921,9900001249617,Geof Yardley,532,510,1562,established,change
2026-07-19,1241897,9900007039434,Geoffrey Gipson,324,271,396,established,change
2026-07-19,1234892,9900006965260,George Guldy,247,250,464,established,change
2026-07-19,1103961,9900005417005,George Honeyman,206,275,590,established,change
2026-07-19,1383113,9900008724278,Gilbert Hernandez,303,325,60,preliminary,change
2026-07-19,1245552,9900007075746,Ginger Jamieson,207,300,537,established,change
2026-07-19,1028702,9900004525862,Glen Wilson,535,450,1936,established,change
2026-07-19,1185863,9900006456621,Grady Martin,295,275,652,established,change
2026-07-19,1224844,9900006858739,Greg Drumm,257,260,312,established,change
2026-07-19,1397255,9900008860327,Greg East,499,500,15,preliminary,change
2026-07-19,769690,0316833,Greg Jessen,404,525,860,established,change
2026-07-19,1117878,9900005558289,Greg Sopkin,459,350,892,established,change
2026-07-19,1351724,9900008415954,Greg Wischmann,419,416,245,established,change
2026-07-19,1209173,9900006693743,Gunter Jones,350,350,326,established,change
2026-07-19,800984,0084880,Hank Rivera,470,525,2291,established,change
2026-07-19,972438,9900000144463,Heather Hoyer,413,400,1768,established,change
2026-07-19,1191847,9900006517186,Heather Luedde,189,250,168,preliminary,change
2026-07-19,1331281,9900008058656,Heather Miller,414,375,192,preliminary,change
2026-07-19,995090,9900004165518,Heather Nanstiel,390,380,1005,established,change
2026-07-19,753803,0275706,Henry Guerrero,383,458,754,established,change
2026-07-19,1110663,9900005485370,Holly Gilbert,422,400,295,established,change
2026-07-19,1147089,9900005859324,Howard Popejoy,369,375,871,established,change
2026-07-19,1232450,9900006938899,Hudson Irons,360,320,262,established,change
2026-07-19,1371256,9900008608097,Ian Sulkko,230,250,84,preliminary,change
2026-07-19,1382689,9900008719854,Isaac Harris,321,325,40,preliminary,change
2026-07-19,752757,0005459,Ivan Lee,485,525,1184,established,change
2026-07-19,1212099,9900006722535,Jacob Farwell,399,380,464,established,change
2026-07-19,1364847,9900008544890,Jacob Goetsch Buddha,221,300,99,preliminary,change
2026-07-19,1186011,9900006458007,Jacob McCown,349,300,704,established,change
2026-07-19,1275299,9900007377994,Jacquin Rivera,354,350,189,preliminary,change
2026-07-19,1101774,9900005394122,Jake Moscati,411,350,597,established,change
2026-07-19,1040174,9900004660266,Jake Rachman,566,525,1824,established,change
2026-07-19,1301508,9900007755181,Jakob Martinez,205,250,101,preliminary,change
2026-07-19,1187850,9900006477312,James Kane,336,350,391,established,change
2026-07-19,1180994,9900006308975,James Lusk,425,398,332,established,change
2026-07-19,1100550,9900005381658,James Robb,514,540,230,established,change
2026-07-19,995097,9900004165570,James Sprecher,356,365,772,established,change
2026-07-19,1002563,9900004218603,James Waddy,385,400,1293,established,change
2026-07-19,1228928,9900006898094,Janelle Welch,271,300,412,established,change
2026-07-19,1014353,9900004350099,Jared Lackey,508,500,792,established,change
2026-07-19,1186008,9900006457970,Jared Norris,279,300,779,established,change
2026-07-19,1298041,9900007719015,Jarrad Ross,480,450,402,established,change
2026-07-19,1386854,9900008760702,Jarrod Massey,309,0,5,preliminary,change
2026-07-19,626350,0281708,Jason Nix,547,534,2293,established,change
2026-07-19,1188411,9900006483610,Jason Sellers,565,570,226,established,change
2026-07-19,1179333,9900006291918,Jason Williams,348,320,513,established,change
2026-07-19,1383448,9900008727514,Jay Roman,275,325,35,preliminary,change
2026-07-19,1365005,9900008546450,Jaylene Olin,411,425,25,preliminary,change
2026-07-19,1312602,9900007870303,Jeff Boss,519,530,120,preliminary,change
2026-07-19,1078169,9900005146288,Jeff Boyle,498,500,384,established,change
2026-07-19,1274281,9900007370322,Jeff Fogg,458,465,363,established,change
2026-07-19,1095386,9900005329155,jeff luna,480,525,280,established,change
2026-07-19,11785,0051152,Jeff McKeon,620,614,1631,established,change
2026-07-19,1144451,9900005832501,Jeff Rodriguez,467,300,561,established,change
2026-07-19,1381580,9900008708926,Jennifer Cochran,238,250,136,preliminary,change
2026-07-19,1292804,9900007564820,Jennifer Hirtle,250,300,333,established,change
2026-07-19,1337783,9900008129943,Jeremiah Molfese,371,450,65,preliminary,change
2026-07-19,1320419,9900007949580,Jeremie Carter,184,350,180,preliminary,change
2026-07-19,1224588,9900006853796,Jeremy Church,456,550,436,established,change
2026-07-19,1005219,9900004250580,Jeremy Dupont,394,380,855,established,change
2026-07-19,746076,0316397,Jeremy Schlagel,536,525,685,established,change
2026-07-19,1245574,9900007075906,Jeremy WInship,373,425,328,established,change
2026-07-19,1241898,9900007039649,Jerry Fishburn,327,325,428,established,change
2026-07-19,990427,9900004099530,Jerry Pineau,404,400,1841,established,change
2026-07-19,787727,9900002940094,Jess Harmon,435,425,1446,established,change
2026-07-19,1141528,9900005803235,jesse hutchins,497,525,94,preliminary,change
2026-07-19,1133206,9900005717495,Jim Bish,305,450,585,established,change
2026-07-19,990420,9900004099462,Jim Bradley,491,400,2314,established,change
2026-07-19,1159760,9900005987447,Jim Disher,431,460,767,established,change
2026-07-19,17225,0307397,Jimmy Gardner,572,580,1275,established,change
2026-07-19,877559,0224638,JJ Olson,479,522,327,established,change
2026-07-19,1061697,9900004904889,Joe Jeffers,360,450,554,established,change
2026-07-19,1171353,9900006111094,Joe Kroog,455,465,281,established,change
2026-07-19,1342751,9900008172925,Joe Plastino,425,425,131,preliminary,change
2026-07-19,735683,0321664,Joel Armstrong,563,493,2412,established,change
2026-07-19,1030023,9900004536172,John Attanasio,399,350,120,preliminary,change
2026-07-19,627095,0268579,John Gehring,499,543,319,established,change
2026-07-19,697451,0248312,John Mejias,528,525,580,established,change
2026-07-19,1005234,9900004250719,John Miller,373,375,1282,established,change
2026-07-19,999165,9900003902473,John Tesar Sr,543,550,737,established,change
2026-07-19,844387,0222090,John Vaughan,409,443,593,established,change
2026-07-19,1212100,9900006722542,Jon BoddySpargo,426,395,455,established,change
2026-07-19,996676,9900004176897,Jon Grijalva,431,450,105,preliminary,change
2026-07-19,1120550,9900005586121,jon peterson,446,525,869,established,change
2026-07-19,1160182,9900005993097,Jon Venuto,505,500,398,established,change
2026-07-19,972435,0038919,Jonas Martinez,639,575,1459,established,change
2026-07-19,1204216,9900006643885,Jonathan Luedde,355,365,114,preliminary,change
2026-07-19,1191846,9900006517179,Jordan Hodapp,337,330,174,preliminary,change
2026-07-19,1126303,9900005644654,Jordan Lisson,388,350,383,established,change
2026-07-19,1003483,9900004230544,Jordan Roberts,639,0,631,established,change
2026-07-19,1361239,9900008509295,Joseph Gant Joe,385,325,109,preliminary,change
2026-07-19,1099805,9900005374063,Josh Brown,423,425,79,preliminary,change
2026-07-19,1269944,9900007322307,Josh Chukwuma,319,320,321,established,change
2026-07-19,1245223,9900007072639,Josh Donahue,456,425,848,established,change
2026-07-19,1269469,9900007318966,Josh Ivy,269,270,101,preliminary,change
2026-07-19,1131349,9900005696516,Josh Kniss,398,525,75,preliminary,change
2026-07-19,1053868,9900004815352,Josh Kravette,345,335,511,established,change
2026-07-19,995112,9900004165723,Josh Miller,571,500,1059,established,change
2026-07-19,1341427,9900008159582,Josh Triplett,333,400,125,preliminary,change
2026-07-19,667951,9900000517359,John JR Reidell,538,530,3047,established,change
2026-07-19,1384710,9900008739517,JT Kauffman,350,350,46,preliminary,change
2026-07-19,1227981,9900006888835,Juan Munoz,308,375,265,established,change
2026-07-19,1358348,9900008481102,Jugnu Ahluwalia,334,340,90,preliminary,change
2026-07-19,1209172,9900006693736,Justin Koppstein,324,305,502,established,change
2026-07-19,1365010,9900008546504,Justin Metzger,292,375,108,preliminary,change
2026-07-19,1358326,9900008480884,Justin Whitfield,365,425,68,preliminary,change
2026-07-19,1191044,9900006508979,Kait Wecker,126,275,522,established,change
2026-07-19,1383444,9900008727477,Kate Cheaves,269,300,20,preliminary,change
2026-07-19,1381581,9900008708933,Kathy Booker,149,250,93,preliminary,change
2026-07-19,1195739,9900006558417,Kathy Popejoy,312,300,156,preliminary,change
2026-07-19,1127987,9900005662184,Katrice Sutton,239,250,35,preliminary,change
2026-07-19,1231072,9900006898971,Keith Rice,544,550,411,established,change
2026-07-19,1385327,9900008745082,Kelley wunderlich,289,325,42,preliminary,change
2026-07-19,1072783,9900005088007,Ken Canty,306,310,695,established,change
2026-07-19,987174,9900004048064,Ken Sieh,514,548,634,established,change
2026-07-19,1394734,9900008835714,Kenny  Golden,421,425,30,preliminary,change
2026-07-19,1214563,9900006745947,Kent Montel,528,474,755,established,change
2026-07-19,771553,0122139,Kevin Knight,562,525,3335,established,change
2026-07-19,1395719,9900008845126,Kevin Vogel,350,350,0,preliminary,change
2026-07-19,1239724,9900007018682,Kim Agan,381,275,467,established,change
2026-07-19,1245220,9900007072615,KIp Miller,380,375,1108,established,change
2026-07-19,1136611,9900005752236,Kirk Barnett,499,0,84,preliminary,change
2026-07-19,1153476,9900005924619,KIrk Sprague,337,300,448,established,change
2026-07-19,15232,0031847,Kurt Enkler,587,535,398,established,change
2026-07-19,1249685,9900007114049,Kurt Fox,483,475,453,established,change
2026-07-19,1296118,9900007598924,Kyle Burrough,435,425,154,preliminary,change
2026-07-19,1185864,9900006456638,Kyle Dunne,286,270,427,established,change
2026-07-19,1199491,9900006596945,Kyle Kuegler,363,360,134,preliminary,change
2026-07-19,1318752,9900007932858,Kyle Yorgensen,393,425,108,preliminary,change
2026-07-19,1396306,9900008850953,Lance Whittaker,410,425,10,preliminary,change
2026-07-19,1025051,9900004475983,Larry Geering,569,565,102,preliminary,change
2026-07-19,1097318,9900005348736,Larry Russom,424,425,993,established,change
2026-07-19,1342522,9900008170648,Lawrence Gallegos,406,425,184,preliminary,change
2026-07-19,1127990,9900005662214,Lee Flansburg,357,345,842,established,change
2026-07-19,1248781,9900007106372,Leith Robertson,373,380,210,established,change
2026-07-19,851064,0274102,Len Marques,385,453,930,established,change
2026-07-19,993216,9900004140966,Leo Mondragon,528,425,2503,established,change
2026-07-19,972842,9900006091167,Leo Rodriguez,388,400,282,established,change
2026-07-19,996684,9900004176934,Levi Gough,428,0,135,preliminary,change
2026-07-19,1381524,9900008708438,Libby Stuart,242,250,32,preliminary,change
2026-07-19,1337894,9900008123729,Linda Ortiz,177,0,9,preliminary,change
2026-07-19,756166,0307436,Lisa Johnson,176,333,473,established,change
2026-07-19,1216014,9900006766003,Lorenzo Rodriguez,328,525,192,preliminary,change
2026-07-19,1332278,9900008069058,Luis Fabela,249,280,81,preliminary,change
2026-07-19,1322535,9900007969304,Luis Myers,501,0,24,preliminary,change
2026-07-19,1078168,9900005146271,Lynette Strauser,390,450,317,established,change
2026-07-19,1383432,9900008727354,Maggie McManus,251,300,40,preliminary,change
2026-07-19,1379021,9900008754824,Manda Langmeier,153,0,26,preliminary,change
2026-07-19,1245579,9900007075951,Manuel Guzman,450,450,280,established,change
2026-07-19,1341585,9900008160182,Marcos Arellno,398,0,117,preliminary,change
2026-07-19,1036498,9900004618137,Marcus Guerra,447,450,202,established,change
2026-07-19,1209169,9900006693705,Mark Carringi,337,320,423,established,change
2026-07-19,627018,0259233,Mark Hargrove,503,494,1547,established,change
2026-07-19,1016669,9900004375863,Mark Lawson,607,525,9557,established,change
2026-07-19,1245590,9900007076057,Mark LeRoy,396,400,300,established,change
2026-07-19,1008290,9900004285025,Mark Serviss,465,470,922,established,change
2026-07-19,1369178,9900008587408,Mark Turner,398,409,121,preliminary,change
2026-07-19,1240320,9900007024539,Markus Biren,411,410,300,established,change
2026-07-19,1340660,9900008152064,Mason Shorey,246,325,192,preliminary,change
2026-07-19,1367500,9900008570943,Matt Closs,348,375,90,preliminary,change
2026-07-19,1050173,9900004775649,Matt Henderson,376,500,360,established,change
2026-07-19,1132931,9900005714814,Matt Hess,240,300,861,established,change
2026-07-19,1171080,9900006106496,Matt Hooper,464,300,644,established,change
2026-07-19,702452,0015684,Matt Keller,467,400,374,established,change
2026-07-19,826844,0193847,Matt Turner,403,385,274,established,change
2026-07-19,1172339,9900006120416,Matt Undercoffler,441,350,711,established,change
2026-07-19,1368534,9900008581093,Matteo Chavez,337,350,47,preliminary,change
2026-07-19,1334514,9900008090496,Matthew Kellogg,348,400,124,preliminary,change
2026-07-19,996669,9900003552005,Maureen Patterson,443,410,1322,established,change
2026-07-19,1276637,9900007395387,Max Pflaumer,344,340,359,established,change
2026-07-19,1170166,9900006102641,Max Roschke,319,285,641,established,change
2026-07-19,1332277,9900008069041,Megan Ward,244,270,116,preliminary,change
2026-07-19,1002568,9900004218658,Mel Castillo,310,295,988,established,change
2026-07-19,1287445,9900007507834,Melissa Jolly,302,325,574,established,change
2026-07-19,1169211,9900006087726,Melvin Eyestone,398,400,555,established,change
2026-07-19,1304514,9900007788752,Memo Estrada,240,270,65,preliminary,change
2026-07-19,1335644,9900008107422,Michael Green,276,350,196,preliminary,change
2026-07-19,1372341,9900008618829,Michael Lessard,276,320,107,preliminary,change
2026-07-19,996686,9900004176941,Michael Light,464,0,350,established,change
2026-07-19,1329786,9900008048145,Michael Sanchez,293,330,428,established,change
2026-07-19,1381518,9900008708377,Michael Weickum,378,425,73,preliminary,change
2026-07-19,1383112,9900008724261,Michael Zier,303,300,60,preliminary,change
2026-07-19,1187981,9900006479163,Micheal Garmon,385,300,408,established,change
2026-07-19,1245575,9900007075913,Michelle Dawson,391,425,840,established,change
2026-07-19,1341028,9900008156154,Mikayla Guzman,311,300,155,preliminary,change
2026-07-19,1141529,9900005803242,Mike Downing,437,425,611,established,change
2026-07-19,781579,0303510,Mike Haas,520,538,496,established,change
2026-07-19,1029627,9900004531733,Mike Huddleston,564,550,745,established,change
2026-07-19,1352466,9900008423294,Mike Jalonski,362,375,224,established,change
2026-07-19,17843,0015770,Mike Nakai,588,544,464,established,change
2026-07-19,1082264,9900005188479,Mike Peduzzi,411,400,405,established,change
2026-07-19,1151163,9900005901122,Mike Popejoy,362,375,639,established,change
2026-07-19,1059944,9900004883313,Mike Rowles,461,500,485,established,change
2026-07-19,1304568,9900007788813,Mike Stephens,393,375,231,established,change
2026-07-19,988351,9900004068987,Mike Stockert,460,0,934,established,change
2026-07-19,1245561,9900007075807,Mike Stromer,299,400,468,established,change
2026-07-19,996714,9900004177061,Mike Wood,501,0,156,preliminary,change
2026-07-19,1379020,9900008683957,Mike Yacovazzi,347,375,62,preliminary,change
2026-07-19,1317425,9900007919019,Milo Hang,345,350,216,established,change
2026-07-19,1327147,9900008017509,Mitch Sayre,575,0,33,preliminary,change
2026-07-19,1261078,9900007231814,Molly Kechter,327,325,171,preliminary,change
2026-07-19,1329791,9900008048282,Morgan Burnette,252,250,223,established,change
2026-07-19,1373016,9900008625353,Mossimo Castro,269,350,66,preliminary,change
2026-07-19,1098792,9900005363852,Nancy Sandoval,362,0,408,established,change
2026-07-19,1251227,9900007129166,Nate Johnson,524,500,256,established,change
2026-07-19,1318890,9900007934081,Nathan Benjamin,365,425,156,preliminary,change
2026-07-19,1257782,9900007197653,Nathan Dicamillo,363,359,201,established,change
2026-07-19,1082933,9900005195163,Nathan Fisher,422,400,542,established,change
2026-07-19,888297,0300098,Nathan Harris,479,523,1599,established,change
2026-07-19,1336375,9900008109464,Nathan Rawlinson,380,390,127,preliminary,change
2026-07-19,1107943,9900005457728,Neil Cavendish,448,0,338,established,change
2026-07-19,1178363,9900006285542,Nicholas Lackovic,457,525,85,preliminary,change
2026-07-19,1248244,9900007102114,Nicholas Perfetuo,154,250,271,established,change
2026-07-19,1213434,9900006735238,Nicholas Stier,325,325,166,preliminary,change
2026-07-19,1394733,9900008835707,Nick  Bell,381,400,30,preliminary,change
2026-07-19,1002560,9900004218573,Nick Johnson,453,430,664,established,change
2026-07-19,1332877,9900008074984,Nick Mckall,299,300,50,preliminary,change
2026-07-19,1342716,9900008172598,Nick Stone,414,400,359,established,change
2026-07-19,1158681,9900005976632,Nolan Call,435,400,227,established,change
2026-07-19,1258566,9900007205839,Olly Beight,466,490,326,established,change
2026-07-19,1013989,9900004346245,Otis Lawson,515,516,6772,established,change
2026-07-19,1145244,9900005842166,Patrick Corcoran,317,315,595,established,change
2026-07-19,1267346,9900007294925,Patrick Riley,465,0,136,preliminary,change
2026-07-19,1114712,9900005526257,Patrick Smith,416,425,839,established,change
2026-07-19,1082263,9900005188462,Paul Carabetta,401,400,583,established,change
2026-07-19,1244201,9900007062821,Paul Demciuch,508,485,458,established,change
2026-07-19,1372170,9900008617150,Paul Fritzinger,603,0,5,preliminary,change
2026-07-19,1245582,9900007075982,Paul Murphy,308,325,149,preliminary,change
2026-07-19,1127994,9900005662245,Paul Scherner,341,325,676,established,change
2026-07-19,1103957,9900005416725,Phil Boucher,257,275,480,established,change
2026-07-19,1357283,9900008470731,Phil Scheick,386,400,138,preliminary,change
2026-07-19,1204218,9900006643908,Phillip Stover,339,325,84,preliminary,change
2026-07-19,1311772,9900007861967,Polly Miller,483,450,272,established,change
2026-07-19,1224585,9900006853765,Preston Davis,454,500,352,established,change
2026-07-19,790327,0316299,Quentin Shehan,540,531,1505,established,change
2026-07-19,1005282,9900004251310,Rachael Bliley,339,325,609,established,change
2026-07-19,1176453,9900006163024,Rafer Burnham,446,525,313,established,change
2026-07-19,1239582,9900007017630,Randall (Sr) Fishburn Sr,441,475,617,established,change
2026-07-19,1108304,9900005461152,randy archuleta,368,525,162,preliminary,change
2026-07-19,1367862,9900008574514,Randy Kendricks,363,350,30,preliminary,change
2026-07-19,1135306,9900005739244,Randy Ketterer,480,540,83,preliminary,change
2026-07-19,1243028,9900007050903,Randy Palmer,478,500,376,established,change
2026-07-19,1335648,9900008107453,Randy Vondrak,419,350,598,established,change
2026-07-19,1188159,9900006480954,Rebecca Levine,402,375,756,established,change
2026-07-19,1282511,9900007455630,Rebecca Masching,346,350,188,preliminary,change
2026-07-19,1336290,9900008109211,Reece Mettler,395,400,186,preliminary,change
2026-07-19,1275385,9900007378823,Regina Crespin,280,300,244,established,change
2026-07-19,1311767,9900007861912,Rendell Wilson,240,350,227,established,change
2026-07-19,1116381,9900005543124,Rich Chan,590,525,1139,established,change
2026-07-19,1252725,9900007146439,Rich Floyd,472,350,798,established,change
2026-07-19,1389660,9900008787624,Rich Ramos,342,350,37,preliminary,change
2026-07-19,1277892,9900007404713,Richard Brock,434,350,392,established,change
2026-07-19,640446,9900001627514,Rick Martinez,544,590,990,established,change
2026-07-19,1227726,9900006886183,Rick Rivera,469,450,135,preliminary,change
2026-07-19,1011398,9900004316460,Rob Burkett,419,0,185,preliminary,change
2026-07-19,1243079,9900007051634,Rob Classen,536,515,341,established,change
2026-07-19,1336391,9900008109952,Rob Plonski,281,275,234,established,change
2026-07-19,1304472,9900007789124,Rob Williams,411,450,272,established,change
2026-07-19,1010088,9900004303071,Robert Faulkner,519,475,655,established,change
2026-07-19,1154495,9900005934298,Robert Holden,325,250,673,established,change
2026-07-19,1082195,9900005188165,Robert McGaw,485,400,943,established,change
2026-07-19,1105700,9900005433494,Robert walker,288,0,667,established,change
2026-07-19,1013867,9900004344494,Rocky Gallegos,241,525,933,established,change
2026-07-19,1005231,9900004250689,Ron Curry,354,360,703,established,change
2026-07-19,1239725,9900007018699,Ron Grider,417,322,282,established,change
2026-07-19,1381519,9900008708384,Ryan Cochran,250,250,73,preliminary,change
2026-07-19,1309728,9900007842164,Ryan Heaton,348,350,233,established,change
2026-07-19,1273128,9900007355541,Ryan Hustek,479,443,180,preliminary,change
2026-07-19,1114844,9900005527513,Ryan Laine,422,475,725,established,change
2026-07-19,1012609,9900004330725,Sam Laurent,427,450,1022,established,change
2026-07-19,1241922,9900007039748,Sam Vice,315,325,172,preliminary,change
2026-07-19,1344106,9900008186687,Samier Murad,228,300,129,preliminary,change
2026-07-19,1329784,9900008047469,Sarah Colby,293,300,127,preliminary,change
2026-07-19,1270517,9900007329276,Sarah Heaver,202,250,485,established,change
2026-07-19,1237658,9900006997469,Scott ATTEBERRY,346,330,212,established,change
2026-07-19,1232160,9900006930374,Scott Davidson,451,450,860,established,change
2026-07-19,661803,0239611,Scott Francis,484,482,94,preliminary,change
2026-07-19,1006977,9900004271578,Sean Concepcion,448,450,1259,established,change
2026-07-19,996712,9900004177054,Sean McBride,460,525,404,established,change
2026-07-19,1162466,9900006015262,Seth Gould,261,300,244,established,change
2026-07-19,1256369,9900007183809,Seth Seymour,381,450,286,established,change
2026-07-19,1386357,9900008754886,Shane Morrissey,427,0,41,preliminary,change
2026-07-19,1013868,9900004344500,Shane Nooner,359,525,406,established,change
2026-07-19,1095991,9900005335286,Shane Soldner,485,500,156,preliminary,change
2026-07-19,1260784,9900007228685,Shannon Ewens,281,0,215,established,change
2026-07-19,1278198,9900007411322,Shaun Benari,332,335,196,preliminary,change
2026-07-19,1060958,9900004897679,Shawn Smith,508,500,1014,established,change
2026-07-19,1356841,9900008466345,Sheila Franks,259,300,85,preliminary,change
2026-07-19,1366420,9900008560319,Sierra Rensch,298,325,51,preliminary,change
2026-07-19,1050855,9900004784412,Skip Murray,505,525,679,established,change
2026-07-19,1349356,9900008391135,Spencer Vandergriend,339,325,96,preliminary,change
2026-07-19,1294003,9900007576656,Stephanie Anaya,311,250,269,established,change
2026-07-19,1320138,9900007946916,Stephanie Montel,305,300,180,preliminary,change
2026-07-19,1190538,9900006504049,Stephen Mansfield,354,330,752,established,change
2026-07-19,1329781,9900008047438,Stephen Stretz,337,307,211,established,change
2026-07-19,1057212,9900004847018,Steve Duncan,361,300,81,preliminary,change
2026-07-19,1095837,9900005333725,Steve Hall,421,425,583,established,change
2026-07-19,936006,0375258,Steve Hemelstrand,528,575,1983,established,change
2026-07-19,1106499,9900005443141,steve lopez,490,525,52,preliminary,change
2026-07-19,1027577,9900004509800,Steve Lowney,352,425,440,established,change
2026-07-19,1020064,9900008293255,Steve Marsh,455,470,339,established,change
2026-07-19,1248780,9900007105191,Steven Mattera,283,275,341,established,change
2026-07-19,995084,9900004165457,Steve Metcalf,377,450,235,established,change
2026-07-19,1259505,9900007215555,Steve Sheppard,312,310,375,established,change
2026-07-19,1287448,9900007507858,Steve Silver,235,300,150,preliminary,change
2026-07-19,1342206,9900008167648,Steve Troyer,334,300,170,preliminary,change
2026-07-19,1360113,9900008498353,Susan Hanson,293,300,111,preliminary,change
2026-07-19,1050289,9900004781343,Tap Sittiseri,462,460,900,established,change
2026-07-19,1272386,9900007347898,Taylor Flaugher,377,375,158,preliminary,change
2026-07-19,1170165,9900006102634,Taylor Reimann,238,250,443,established,change
2026-07-19,16840,0128565,Terry Tallent,460,427,183,preliminary,change
2026-07-19,1302591,9900007768396,Thomas (TJ) Olmsted,511,510,703,established,change
2026-07-19,1284318,9900007474143,Tim Henderson,299,300,195,preliminary,change
2026-07-19,1187865,9900006477848,Tino Duran,656,525,408,established,change
2026-07-19,1231069,9900006899480,Todd Eisenbarth,499,550,345,established,change
2026-07-19,855999,0155535,Tom Howard,472,525,643,established,change
2026-07-19,1343054,9900008175827,Tom Lessard,409,425,216,established,change
2026-07-19,1128482,9900005668506,Tom Pfister,415,250,929,established,change
2026-07-19,1044301,9900004709736,Tom Queen,368,300,200,established,change
2026-07-19,714702,0145746,Tom Ritenour,442,524,1990,established,change
2026-07-19,1239195,9900007013687,Tommy Hunter,464,400,1030,established,change
2026-07-19,1035038,9900004602921,Travis Stuchlik,435,450,213,established,change
2026-07-19,1372213,9900008617570,Trenton Hall,222,250,31,preliminary,change
2026-07-19,1121548,9900005596700,Trey Cassels,480,470,374,established,change
2026-07-19,1228570,9900006895826,Ty Schmittel,311,400,225,established,change
2026-07-19,1271343,9900007337189,Tyler Sterwart,402,375,224,established,change
2026-07-19,1302748,9900007769775,Ujjesa Dhanak,200,250,160,preliminary,change
2026-07-19,1351725,9900008415961,Valerie Komperda,332,327,191,preliminary,change
2026-07-19,1309961,9900007843895,Valerie Ray,240,270,221,established,change
2026-07-19,1270881,9900007331811,Vivian Archuleta,169,250,261,established,change
2026-07-19,1013575,9900004340618,Vu Nguyen,627,0,358,established,change
2026-07-19,1243055,9900007051344,Walter Eckhardt,440,525,357,established,change
2026-07-19,1185996,9900006458144,Wendy Callahan,302,300,361,established,change
2026-07-19,1205039,9900006652375,William Brown,398,300,717,established,change
2026-07-19,1384545,9900008737865,William Campos,389,425,30,preliminary,change
2026-07-19,1068996,9900005051315,William Haggatt,468,0,40,preliminary,change
2026-07-19,1331527,9900008061489,Wyatt Carter,308,300,195,preliminary,change
2026-07-19,1332992,9900008075721,Zach Burke,363,370,141,preliminary,change
2026-07-19,1335591,9900008107026,Zach Michel,376,370,185,preliminary,change
2026-07-19,1276572,9900007391266,Zach Nelson,405,300,364,established,change
2026-07-19,1139739,9900005785548,Zack Saxton,371,325,418,established,change
2026-07-19,995098,9900004165587,Zack Taylor,357,355,591,established,change
2026-07-19,1234205,9900006951256,Benjamin Rivera,567,575,460,established,change
2026-07-19,1383400,9900008727033,Bill Murry Jr.,398,425,40,preliminary,change
2026-07-19,1276154,9900007387580,Casey Baca,420,385,75,preliminary,change
2026-07-19,1093526,9900005310023,Chris R Graves,516,520,418,established,change
2026-07-19,1249800,9900007115121,Chris S Tuttle,287,350,423,established,change
2026-07-19,1342841,9900008173533,David Torres-Schroeder,159,0,5,preliminary,change
2026-07-19,1160337,9900005993332,Howard Popejoy,427,300,459,established,change
2026-07-19,1233546,9900006944050,John T Young,474,450,353,established,change
2026-07-19,1341426,9900008159575,Josh J Stewart,376,400,144,preliminary,change
2026-07-19,1375476,9900008649526,Kaelin Nicole Castro,271,300,49,preliminary,change
2026-07-19,990423,9900004099493,Robbie Ludwig,438,400,429,established,change
2026-07-19,1358322,9900008480846,Tina Magnuson-Perdue,238,250,18,preliminary,change
2026-07-19,1300758,9900007747315,Tommie Rusch,490,450,549,established,change
2026-07-19,17603,9900000180812,Tonya J Bish,446,390,1994,established,change
2026-07-19,1263244,9900007253571,Valeria Mendiza-Poncedeleon,432,448,535,established,change
2026-07-19,816757,0307402,Charles Torkildsen,587,513,249,established,change
2026-07-19,1195112,9900006552835,sean clark,385,0,10,preliminary,change
2026-07-19,1398520,9900008872696,Lance Collins,436,450,19,preliminary,change
2026-07-20,11320,0053174,Adam King,684,675,2995,established,change
2026-07-20,1191680,9900006514611,Aaron Lefevre,422,305,869,established,change
2026-07-20,1121051,9900005591675,Bobby Neues,607,0,2336,established,change
2026-07-20,1237946,9900007000151,Archit Gupta,425,0,515,established,change
2026-07-20,1310527,9900007849569,Ash Staunton,413,0,134,preliminary,change
2026-07-20,997623,9900004182447,Bill West,500,525,1120,established,change
2026-07-20,1119860,9900005578928,Brandon Frye,453,465,425,established,change
2026-07-20,1013286,9900004337953,Carina Gonzalez,446,0,320,established,change
2026-07-20,1322527,9900007969656,Bryant McKinnie,400,0,178,preliminary,change
2026-07-20,1220870,9900006813868,Connor Bjork,491,300,780,established,change
2026-07-20,1348805,9900008384274,Cody Walker,343,0,133,preliminary,change
2026-07-20,1364565,9900008542209,Kurt Funk,364,325,117,preliminary,change
2026-07-20,1069174,9900005053531,Johnnie Zweygardt,393,0,782,established,change
2026-07-20,990424,9900004099509,Dan Walker,373,400,1035,established,change
2026-07-20,1156046,9900005950090,John Becker,482,425,888,established,change
2026-07-20,1322531,9900007969397,Elijah Moore,436,0,65,preliminary,change
2026-07-20,1386727,9900008759447,Duy Quoc,484,0,0,preliminary,change
2026-07-20,1152950,9900005921021,Catherine Romero,389,425,391,established,change
2026-07-20,1116921,9900005548532,Eric Goodwin,582,0,777,established,change
2026-07-20,1095164,9900005326871,"Howard ""Howie"" Norman",513,465,442,established,change
2026-07-20,720681,0251778,Holly Figueroa,499,500,2283,established,change
2026-07-20,1329051,9900008036593,Jesus Perez,379,0,36,preliminary,change
2026-07-20,1186007,9900006457963,Jeremiah Conklin,284,300,806,established,change
2026-07-20,1310532,9900007849422,Jolena Thompson,247,0,65,preliminary,change
2026-07-20,1383371,9900008726746,Jj Rivera,80,0,20,preliminary,change
2026-07-20,1281273,9900007439524,Ronald Kafer,264,300,537,established,change
2026-07-20,1228924,9900006898070,Joshua Ford,511,350,605,established,change
2026-07-20,1090602,9900005279504,Julie Dodge,448,0,1157,established,change
2026-07-20,17399,0038728,Kevin Williams,571,600,365,established,change
2026-07-20,1202830,9900006629391,Kristen Krause,419,0,69,preliminary,change
2026-07-20,1268483,9900007310427,Mack Bonilla,434,455,228,established,change
2026-07-20,1086751,9900005240023,James Carlan,493,450,1743,established,change
2026-07-20,1260549,9900007226278,Jamie Caron,477,475,187,preliminary,change
2026-07-20,1370212,9900008597407,Philip Miller,310,0,13,preliminary,change
2026-07-20,1374492,9900008639718,Randy Kessler,191,0,20,preliminary,change
2026-07-20,1284915,9900007480540,Russ Bjork,456,400,923,established,change
2026-07-20,1095391,9900005329339,Ron Cox,481,525,1330,established,change
2026-07-20,1374858,9900008643463,Kj Alvaro,471,0,0,preliminary,change
2026-07-20,1335227,9900008097990,Todd Hurst,461,465,180,preliminary,change
2026-07-20,1246024,9900007080160,Vladimir Katsuba,415,372,279,established,change
2026-07-20,972811,9900000532888,James Brothers,564,525,1761,established,change
2026-07-20,1383109,9900008724230,Jennifer Isenhart,290,300,48,preliminary,change
2026-07-20,1133680,9900005722413,Jon Zemp,-20,0,0,preliminary,change
2026-07-20,1386670,9900008758877,Junior Velez,484,0,0,preliminary,change
2026-07-20,1356608,9900008463702,Robert Davis,359,0,76,preliminary,change
2026-07-20,1379678,9900008690672,Spencer Smith,492,0,47,preliminary,change
2026-07-20,1202491,9900006626666,Ron Bush,352,330,444,established,change
2026-07-20,1031038,9900004546638,Josh Daigle,424,450,311,established,change
2026-07-20,1364706,9900008543510,Adam Johnson II,273,250,79,preliminary,change
2026-07-20,1364697,9900008543428,Alan Scheidt,263,250,73,preliminary,change
2026-07-20,1334600,9900008091493,Anthony Maleville,447,450,51,preliminary,change
2026-07-20,1364569,9900008542247,Belem Ceballos,266,250,103,preliminary,change
2026-07-20,1364560,9900008542155,Ben Conner,374,309,120,preliminary,change
2026-07-20,1119900,9900005579314,Brian McGraw,407,0,90,preliminary,change
2026-07-20,1291729,9900007552964,CHRIS LINNEN,496,0,109,preliminary,change
2026-07-20,626560,0307388,Chuck Leeper Jr,624,603,839,established,change
2026-07-20,1335488,9900008101512,Colin Holgate,449,450,48,preliminary,change
2026-07-20,1364694,9900008543398,Cory Roberts,448,420,98,preliminary,change
2026-07-20,1364690,9900008543350,Dave Mattingly,577,610,86,preliminary,change
2026-07-20,879320,0219015,David Brunner,471,525,233,established,change
2026-07-20,1054692,9900004821445,David Fremgen,408,0,350,established,change
2026-07-20,1374462,9900008640332,David Mans,276,0,17,preliminary,change
2026-07-20,1174534,9900006143811,David Trachy,441,0,335,established,change
2026-07-20,672331,0301264,Don Oyama,553,565,727,established,change
2026-07-20,1365004,9900008546443,Eddie Wong,459,480,122,preliminary,change
2026-07-20,1337886,9900008124252,Fiross Jarrar,159,0,45,preliminary,change
2026-07-20,1364693,9900008543381,Gary Killcoyne,524,500,114,preliminary,change
2026-07-20,1231541,9900006923727,Jack Taft,488,431,289,established,change
2026-07-20,1159777,9900005987577,John Mulloy,470,475,302,established,change
2026-07-20,1234206,9900006950990,Jordan Barker,556,540,180,preliminary,change
2026-07-20,1324694,9900007992029,Kevin Reid,560,0,186,preliminary,change
2026-07-20,1365001,9900008546412,Matt Sylvester,514,550,142,preliminary,change
2026-07-20,1317556,9900007920190,Mike Miller,405,0,33,preliminary,change
2026-07-20,1004206,9900004239318,Robert Duran,356,525,1226,established,change
2026-07-20,1044476,9900004711500,Ryan Nalty,541,300,388,established,change
2026-07-20,1282975,9900007460436,Sheldon Leonard,282,275,81,preliminary,change
2026-07-20,1334617,9900008091608,Stephen Dubois,449,450,70,preliminary,change
2026-07-20,1128444,9900005666557,Ashleigh Skoworn,476,474,262,established,change
2026-07-20,1234219,9900006951072,Alan Knight,505,550,520,established,change
2026-07-20,1388238,9900008774297,Alex Munson,384,400,42,preliminary,change
2026-07-20,1309731,9900007841433,Allison Hoskins,385,350,203,established,change
2026-07-20,1313281,9900007879160,Andrew Funk,401,350,183,preliminary,change
2026-07-20,1339051,9900008136002,Andrew Gonzales,372,430,116,preliminary,change
2026-07-20,1026354,9900004497893,Annette Jewell,490,525,78,preliminary,change
2026-07-20,1309785,9900007841815,Ari Schapira,453,350,253,established,change
2026-07-20,1105352,9900005430653,Ben Hodges,412,525,315,established,change
2026-07-20,1226715,9900006876528,Benjamin Peregrine,418,0,943,established,change
2026-07-20,1246477,9900007084700,Brendea Stock,298,400,252,established,change
2026-07-20,887281,0304736,Bret Sibley,438,525,155,preliminary,change
2026-07-20,722349,0205266,Carol Chartier,344,391,254,established,change
2026-07-20,1261182,9900007232873,Chris Meis,380,400,155,preliminary,change
2026-07-20,1396626,9900008854081,Dan Ukleja,262,275,26,preliminary,change
2026-07-20,1011402,9900004316507,Darrin Sais,482,450,315,established,change
2026-07-20,842294,0275713,Davey Lopez,517,529,20,preliminary,change
2026-07-20,1342566,9900008170891,David Stonecipher,392,400,75,preliminary,change
2026-07-20,1237254,9900006993355,Dennis Medina,467,425,405,established,change
2026-07-20,1034261,9900004591676,Devin Shannon,476,0,401,established,change
2026-07-20,1118084,9900005561388,douglas rhodes,480,525,84,preliminary,change
2026-07-20,1189288,9900006491592,Eric Kolish,480,500,208,established,change
2026-07-20,1314890,9900007892978,Erik Coburn,343,300,650,established,change
2026-07-20,1019963,9900004420808,Gary Gutierrez,368,350,676,established,change
2026-07-20,1395864,9900008846123,Gemma Holdman,295,295,0,preliminary,change
2026-07-20,1383113,9900008724278,Gilbert Hernandez,299,325,66,preliminary,change
2026-07-20,1383116,9900008724308,Grant Miller,405,425,48,preliminary,change
2026-07-20,1383115,9900008724292,Gwen McClure,305,300,36,preliminary,change
2026-07-20,1383114,9900008724285,Jackson Brody,331,300,48,preliminary,change
2026-07-20,1187850,9900006477312,James Kane,340,350,397,established,change
2026-07-20,1228928,9900006898094,Janelle Welch,268,300,418,established,change
2026-07-20,1186008,9900006457970,Jared Norris,279,300,785,established,change
2026-07-20,1386854,9900008760702,Jarrod Massey,310,0,5,preliminary,change
2026-07-20,1073639,9900005096309,Jay P Hyde Jr,430,0,48,preliminary,change
2026-07-20,787727,9900002940094,Jess Harmon,434,425,1446,established,change
2026-07-20,990420,9900004099462,Jim Bradley,491,400,2320,established,change
2026-07-20,790554,0320817,Jim Reichers,474,525,103,preliminary,change
2026-07-20,996676,9900004176897,Jon Grijalva,430,450,105,preliminary,change
2026-07-20,1003483,9900004230544,Jordan Roberts,638,0,631,established,change
2026-07-20,1265406,9900007275900,Keen Garbiso,432,450,55,preliminary,change
2026-07-20,1396627,9900008854098,Keith Gustin,294,300,24,preliminary,change
2026-07-20,1374485,9900008639466,Kevin Marshall,301,0,41,preliminary,change
2026-07-20,997645,9900003342569,Lenny Steinman,467,502,140,preliminary,change
2026-07-20,993216,9900004140966,Leo Mondragon,527,425,2503,established,change
2026-07-20,756166,0307436,Lisa Johnson,175,333,473,established,change
2026-07-20,1004207,9900004239325,Luis Molina,432,0,33,preliminary,change
2026-07-20,1396625,9900008854074,Mario Mirville,250,250,16,preliminary,change
2026-07-20,1197998,9900006581880,Marsha Kersting,306,300,626,established,change
2026-07-20,1340660,9900008152064,Mason Shorey,242,325,198,preliminary,change
2026-07-20,1383111,9900008724254,Mia Crowley,256,250,18,preliminary,change
2026-07-20,996686,9900004176941,Michael Light,463,0,350,established,change
2026-07-20,1383112,9900008724261,Michael Zier,303,300,66,preliminary,change
2026-07-20,657986,0120843,Michelle Johnson,293,401,239,established,change
2026-07-20,781579,0303510,Mike Haas,519,538,496,established,change
2026-07-20,988351,9900004068987,Mike Stockert,461,0,940,established,change
2026-07-20,996714,9900004177061,Mike Wood,500,0,156,preliminary,change
2026-07-20,1327147,9900008017509,Mitch Sayre,574,0,33,preliminary,change
2026-07-20,1364701,9900008543466,Patrick Riley  SR,240,250,50,preliminary,change
2026-07-20,790327,0316299,Quentin Shehan,539,531,1505,established,change
2026-07-20,1396624,9900008854067,Randy  Pierce,343,350,23,preliminary,change
2026-07-20,1335648,9900008107453,Randy Vondrak,418,350,610,established,change
2026-07-20,1226730,9900006876283,Raymond Morris,339,345,201,established,change
2026-07-20,1252725,9900007146439,Rich Floyd,474,350,804,established,change
2026-07-20,1160333,9900005993295,Ricky McQuay,248,300,140,preliminary,change
2026-07-20,1011398,9900004316460,Rob Burkett,418,0,185,preliminary,change
2026-07-20,1082195,9900005188165,Robert McGaw,485,400,949,established,change
2026-07-20,1338828,9900008134367,Robert Reitan,284,300,222,established,change
2026-07-20,1105700,9900005433494,Robert walker,289,0,673,established,change
2026-07-20,1013867,9900004344494,Rocky Gallegos,242,525,933,established,change
2026-07-20,1131358,9900005696608,roger cox,257,525,541,established,change
2026-07-20,1107457,9900005452334,SANDY CHRISTOPHER,356,375,199,preliminary,change
2026-07-20,996712,9900004177054,Sean McBride,459,525,404,established,change
2026-07-20,1065018,9900005013474,Sergio Andresko,456,525,137,preliminary,change
2026-07-20,1095991,9900005335286,Shane Soldner,484,500,156,preliminary,change
2026-07-20,1060958,9900004897679,Shawn Smith,509,500,1014,established,change
2026-07-20,1131346,9900005696493,Stephen Huggins,421,525,80,preliminary,change
2026-07-20,627649,0087723,Steve Crespin,467,523,794,established,change
2026-07-20,995084,9900004165457,Steve Metcalf,376,450,235,established,change
2026-07-20,1396621,9900008854036,Tom Chase,601,625,39,preliminary,change
2026-07-20,1128482,9900005668506,Tom Pfister,414,250,935,established,change
2026-07-20,856104,0170187,Tom Tallent,554,400,261,established,change
2026-07-20,1228932,9900006898117,Tom Welch,410,350,388,established,change
2026-07-20,1228570,9900006895826,Ty Schmittel,312,400,225,established,change
2026-07-20,779549,0018086,Wayne Crow,564,525,2013,established,change
2026-07-20,1281829,9900007445365,Zach Anderson,331,0,0,preliminary,change
2026-07-20,1233546,9900006944050,John T Young,475,450,353,established,change
2026-07-20,990423,9900004099493,Robbie Ludwig,437,400,435,established,change
2026-07-20,1107583,9900005454086,susan kester-hoard,169,525,289,established,change
2026-07-20,1398236,9900008870005,Carlos  Navia,292,298,3,preliminary,change
2026-07-20,1398519,9900008872689,Dan Hosier,540,555,26,preliminary,change
2026-07-20,1398232,9900008869962,Douglas  Jamison,334,325,37,preliminary,change
2026-07-20,1398520,9900008872696,Lance Collins,435,450,28,preliminary,change
2026-07-20,1397532,9900008863038,Paul Schreiber,400,400,13,preliminary,change
2026-07-20,1398243,9900008870074,Peter Watson,242,250,21,preliminary,change
2026-07-20,1398242,9900008870067,Phillip Mendoza,393,400,29,preliminary,change
2026-07-20,1398239,9900008870036,Richard Laird,353,365,42,preliminary,change
2026-07-20,1398233,9900008869979,Tracie Brunner,266,250,10,preliminary,change
2026-07-21,1310920,9900007854990,Abbie Carter,327,300,265,established,change
2026-07-21,1329785,9900008048305,Alice Sanchez,59,250,352,established,change
2026-07-21,1374457,9900008640233,Angelo Almanza,312,0,71,preliminary,change
2026-07-21,1095808,9900005333442,Becky Schweer,391,0,916,established,change
2026-07-21,1121051,9900005591675,Bobby Neues,607,0,2342,established,change
2026-07-21,1237946,9900007000151,Archit Gupta,418,0,525,established,change
2026-07-21,1319445,9900007939642,Barry Sullivan,495,0,53,preliminary,change
2026-07-21,625714,0181906,Bill Schukar,447,425,2928,established,change
2026-07-21,1350948,9900008406365,Brandon Geoges,255,0,93,preliminary,change
2026-07-21,1332240,9900008068129,Brad Hill,374,380,21,preliminary,change
2026-07-21,1324684,9900007992692,Blake Robertson,393,0,202,established,change
2026-07-21,1362876,9900008525646,Michael Waxmonsky,169,0,35,preliminary,change
2026-07-21,1116152,9900005540499,Chris Fontenot,245,0,23,preliminary,change
2026-07-21,1322527,9900007969656,Bryant McKinnie,401,0,178,preliminary,change
2026-07-21,931280,0346025,Caleb Simon,496,500,2107,established,change
2026-07-21,1343919,9900008184539,Casey Rossman,293,285,184,preliminary,change
2026-07-21,1128445,9900005666397,Christine Zek,103,0,25,preliminary,change
2026-07-21,1337878,9900008123774,Chris Sciora,374,0,20,preliminary,change
2026-07-21,1261788,9900007238158,Sandy Nitta,562,525,1297,established,change
2026-07-21,1348805,9900008384274,Cody Walker,344,0,133,preliminary,change
2026-07-21,1100231,9900005378078,Daniel Conley,523,0,1653,established,change
2026-07-21,1301133,9900007751121,Danny Watson,553,0,37,preliminary,change
2026-07-21,990424,9900004099509,Dan Walker,374,400,1035,established,change
2026-07-21,972803,9900006672434,Fernando Corona,589,500,1446,established,change
2026-07-21,1014345,9900004349970,Deb May,497,500,548,established,change
2026-07-21,987285,9900004050036,Derek Stringer,608,515,1057,established,change
2026-07-21,1156046,9900005950090,John Becker,483,425,888,established,change
2026-07-21,1166135,9900006052823,Don Duprez,509,476,855,established,change
2026-07-21,1273607,9900007359709,Elijah Hall,453,450,395,established,change
2026-07-21,1322531,9900007969397,Elijah Moore,454,0,78,preliminary,change
2026-07-21,1152950,9900005921021,Catherine Romero,391,425,403,established,change
2026-07-21,720681,0251778,Holly Figueroa,500,500,2283,established,change
2026-07-21,1301134,9900007751534,Gianni Chacon,397,0,8,preliminary,change
2026-07-21,1324692,9900007992135,George Billings,314,0,21,preliminary,change
2026-07-21,1343637,9900008181392,Gordon Hubbell,450,0,109,preliminary,change
2026-07-21,983785,9900003998018,Yogendra Gautam,397,500,459,established,change
2026-07-21,1329051,9900008036593,Jesus Perez,381,0,36,preliminary,change
2026-07-21,1315459,9900007898970,Jenn Daya,428,0,427,established,change
2026-07-21,1319454,9900007939192,Jeff Tulip,434,0,20,preliminary,change
2026-07-21,1343674,9900008182122,Jerry Henderson,370,350,300,established,change
2026-07-21,1310532,9900007849422,Jolena Thompson,280,0,73,preliminary,change
2026-07-21,1095819,9900005333558,Joseph Kuhlemy,500,0,642,established,change
2026-07-21,1281273,9900007439524,Ronald Kafer,265,300,537,established,change
2026-07-21,1090602,9900005279504,Julie Dodge,449,0,1157,established,change
2026-07-21,1329699,9900008042785,Jorge Macias,343,0,88,preliminary,change
2026-07-21,1184523,9900006443744,Josh Clemons,365,0,119,preliminary,change
2026-07-21,1273215,9900007356517,Justin Stewart,530,550,498,established,change
2026-07-21,1348817,9900008384816,Jordan Chadrick,286,0,20,preliminary,change
2026-07-21,1111140,9900005489002,Kim Swenson,292,0,36,preliminary,change
2026-07-21,1202830,9900006629391,Kristen Krause,420,0,69,preliminary,change
2026-07-21,1242217,9900007042670,Kevin Lytle,428,0,241,established,change
2026-07-21,1268483,9900007310427,Mack Bonilla,435,455,228,established,change
2026-07-21,1324695,9900007992111,Lukas Huff,373,0,32,preliminary,change
2026-07-21,1172903,9900006125343,Phil Hood,465,460,1494,established,change
2026-07-21,1330340,9900008048541,Rigo Garza,365,0,31,preliminary,change
2026-07-21,1337899,9900008123736,Rin Van,465,0,100,preliminary,change
2026-07-21,1330339,9900008049074,Preston Easley,459,0,319,established,change
2026-07-21,1095391,9900005329339,Ron Cox,481,525,1344,established,change
2026-07-21,1288372,9900007516874,Ryan Dinsmore,509,0,70,preliminary,change
2026-07-21,1236063,9900006981369,Scott Lessard,439,450,273,established,change
2026-07-21,1020039,9900004421683,Ryan Tibbetts,425,300,886,established,change
2026-07-21,1004048,9900004239295,Steven J Walls,421,350,2407,established,change
2026-07-21,1309009,9900007837894,Tarek Hafez,500,400,442,established,change
2026-07-21,1126595,9900005647303,Tony Sintas,454,0,70,preliminary,change
2026-07-21,1227751,9900006886367,TJ Hinesley,399,420,298,established,change
2026-07-21,1378922,9900008683087,Travis Franklin,141,0,8,preliminary,change
2026-07-21,1133677,9900008355946,Andrew Marquez,-20,0,0,preliminary,change
2026-07-21,1167735,9900006069326,Brian Schultz,87,0,0,preliminary,change
2026-07-21,1197231,9900006574158,Daniel C Vigil,357,350,41,preliminary,change
2026-07-21,1324688,9900007992418,Darwin Grant,271,0,10,preliminary,change
2026-07-21,1305037,9900007792490,Drew kennis,398,0,9,preliminary,change
2026-07-21,1361240,9900008509301,Karim Scott,389,425,90,preliminary,change
2026-07-21,1305776,9900007800720,Kenny Maciborski,329,330,342,established,change
2026-07-21,1387154,9900008763574,Marcus Russell,236,0,6,preliminary,change
2026-07-21,1141900,9900005807813,Marcus Hubenka,480,500,291,established,change
2026-07-21,627159,0205752,Mario Delgado,344,340,2152,established,change
2026-07-21,1377531,9900008669890,Nina Manalastas,475,0,0,preliminary,change
2026-07-21,1340223,9900008147459,Ricardo Ortega Pérez,564,0,611,established,change
2026-07-21,1056078,9900004835398,Sammy Frye,346,425,176,preliminary,change
2026-07-21,1379678,9900008690672,Spencer Smith,513,0,61,preliminary,change
2026-07-21,1228272,9900006891729,Trevor Lee,421,0,31,preliminary,change
2026-07-21,1378974,9900008683544,Brian Barr,476,0,0,preliminary,change
2026-07-21,1262126,9900007243312,Brian Hall,374,500,272,established,change
2026-07-21,1368643,9900008582106,Chris Gonzalez,463,0,0,preliminary,change
2026-07-21,1138592,9900005773057,Gary Brown,338,375,874,established,change
2026-07-21,1202476,9900006626550,Richard Alcala,414,395,538,established,change
2026-07-21,1202491,9900006626666,Ron Bush,353,330,444,established,change
2026-07-21,1386601,9900008758181,Andy Lindsey,339,400,63,preliminary,change
2026-07-21,1164869,9900006040097,Tim Brown,74,0,0,preliminary,change
2026-07-21,1334600,9900008091493,Anthony Maleville,436,450,63,preliminary,change
2026-07-21,1335488,9900008101512,Colin Holgate,448,450,57,preliminary,change
2026-07-21,879320,0219015,David Brunner,421,525,244,established,change
2026-07-21,1054692,9900004821445,David Fremgen,409,0,359,established,change
2026-07-21,1374462,9900008640332,David Mans,385,0,17,preliminary,change
2026-07-21,1174534,9900006143811,David Trachy,444,0,341,established,change
2026-07-21,1363245,9900008529217,Dennis Houman,440,420,289,established,change
2026-07-21,1286276,9900007493465,dj vela,512,0,41,preliminary,change
2026-07-21,1365004,9900008546443,Eddie Wong,460,480,122,preliminary,change
2026-07-21,1337886,9900008124252,Fiross Jarrar,239,0,55,preliminary,change
2026-07-21,1231541,9900006923727,Jack Taft,488,431,301,established,change
2026-07-21,1258627,9900007206256,Jeanie Gannon,285,0,0,preliminary,change
2026-07-21,1094964,9900005325065,jeremy leedom,441,440,574,established,change
2026-07-21,1090601,9900005279498,Jon Felzien,489,0,103,preliminary,change
2026-07-21,1356589,9900008463924,Joshua Orwig,358,0,14,preliminary,change
2026-07-21,1364700,9900008543459,JP Marciel,234,250,81,preliminary,change
2026-07-21,1329782,9900008047445,Justin Blanchard,371,360,314,established,change
2026-07-21,1095822,9900005333572,Kara Hernandez,340,0,58,preliminary,change
2026-07-21,1235188,9900006968438,Kari Fortunato,314,350,327,established,change
2026-07-21,1324694,9900007992029,Kevin Reid,565,0,186,preliminary,change
2026-07-21,1244627,9900007066355,Lesley Wilson,260,0,8,preliminary,change
2026-07-21,1364699,9900008543442,Lexi Scheidt,284,250,57,preliminary,change
2026-07-21,1317556,9900007920190,Mike Miller,414,0,37,preliminary,change
2026-07-21,932826,9900003365988,Mitch Wilson JR,431,378,798,established,change
2026-07-21,1275232,9900007377604,Neil Maxwell,510,525,130,preliminary,change
2026-07-21,1374491,9900008640257,Pedro Guzman,309,0,17,preliminary,change
2026-07-21,1218265,9900006791623,Peter Huettner,411,380,447,established,change
2026-07-21,1004206,9900004239318,Robert Duran,354,525,1231,established,change
2026-07-21,1122658,9900005607369,Robert Olson,626,658,647,established,change
2026-07-21,1012601,9900004331067,Roderick Whitehorse,488,425,209,established,change
2026-07-21,1218518,9900006789248,Ruben Ramos,393,375,121,preliminary,change
2026-07-21,1067678,9900005038873,Sean McCoy,362,450,1134,established,change
2026-07-21,1364692,9900008543374,Simon Watkins,609,610,122,preliminary,change
2026-07-21,1379533,9900008688952,Spencer Johnson,465,0,62,preliminary,change
2026-07-21,1334617,9900008091608,Stephen Dubois,447,450,74,preliminary,change
2026-07-21,1007041,9900004270823,Timothy Francis,450,525,731,established,change
2026-07-21,1334307,9900008087496,Zachary Solon,413,0,0,preliminary,change
2026-07-21,1128444,9900005666557,Ashleigh Skoworn,477,474,262,established,change
2026-07-21,1316066,9900007905326,Allan Cease,522,525,5,preliminary,change
2026-07-21,10858,0000030,Allen Dillie,476,486,2185,established,change
2026-07-21,1339051,9900008136002,Andrew Gonzales,371,430,116,preliminary,change
2026-07-21,1037964,9900004631280,Ani Shull,361,375,61,preliminary,change
2026-07-21,1105352,9900005430653,Ben Hodges,411,525,315,established,change
2026-07-21,1107444,9900005452389,BETH MACHE,362,0,162,preliminary,change
2026-07-21,1040175,9900004660594,Bill Tobin,462,500,2299,established,change
2026-07-21,832618,0206239,Bill Wilhelm,378,421,154,preliminary,change
2026-07-21,698687,0205267,Bob Chartier Sr,472,505,276,established,change
2026-07-21,726313,0125445,Bob Sahl,545,545,870,established,change
2026-07-21,1347286,9900008220473,Brandon Voth,353,362,255,established,change
2026-07-21,1357287,9900008470779,Branwyn Adkins,204,250,110,preliminary,change
2026-07-21,1246477,9900007084700,Brendea Stock,297,400,252,established,change
2026-07-21,887281,0304736,Bret Sibley,437,525,155,preliminary,change
2026-07-21,972771,9900005040111,Brett Colbert,524,0,376,established,change
2026-07-21,1095389,9900005329179,brian cornwell,420,525,60,preliminary,change
2026-07-21,806342,0070857,Brian Easter,578,525,624,established,change
2026-07-21,1117377,9900005553147,Britt Terry,391,554,436,established,change
2026-07-21,996700,9900004176996,Bruce Barrios,306,525,1200,established,change
2026-07-21,1324210,9900007987964,Bruce XXX,444,450,10,preliminary,change
2026-07-21,1191845,9900006517162,Chayce Lutz,339,350,174,preliminary,change
2026-07-21,1046926,9900004746205,Cherilyn Rasmussen,363,425,888,established,change
2026-07-21,831448,0221615,Chris Melle,436,510,1001,established,change
2026-07-21,1227522,9900006884189,Chris West,410,525,356,established,change
2026-07-21,1191850,9900006517216,Corey Azevedo,257,270,162,preliminary,change
2026-07-21,1396626,9900008854081,Dan Ukleja,259,275,35,preliminary,change
2026-07-21,1348806,9900008384526,Daniel Rodriguez,422,425,195,preliminary,change
2026-07-21,1282165,9900007449998,Dave Teed,424,500,232,established,change
2026-07-21,1054800,9900004822855,Delene Marques,102,350,474,established,change
2026-07-21,1237254,9900006993355,Dennis Medina,466,425,405,established,change
2026-07-21,1012592,9900004330589,Derrick Rudolph,270,270,630,established,change
2026-07-21,1118084,9900005561388,douglas rhodes,482,525,91,preliminary,change
2026-07-21,1189288,9900006491592,Eric Kolish,481,500,208,established,change
2026-07-21,1277423,9900007399569,Francisco Lopez Cid,587,0,297,established,change
2026-07-21,1345579,9900008200826,Frank Damore,348,341,125,preliminary,change
2026-07-21,707906,0228831,Frank Martin,517,521,338,established,change
2026-07-21,1035039,9900004602938,Frank Pinson,486,470,294,established,change
2026-07-21,1185863,9900006456621,Grady Martin,294,275,652,established,change
2026-07-21,1351724,9900008415954,Greg Wischmann,418,416,253,established,change
2026-07-21,1191847,9900006517186,Heather Luedde,188,250,168,preliminary,change
2026-07-21,1372214,9900008617587,Jace Loban,230,250,15,preliminary,change
2026-07-21,1040174,9900004660266,Jake Rachman,565,525,1824,established,change
2026-07-21,626350,0281708,Jason Nix,546,534,2293,established,change
2026-07-21,1078169,9900005146288,Jeff Boyle,497,500,384,established,change
2026-07-21,1381580,9900008708926,Jennifer Cochran,240,250,144,preliminary,change
2026-07-21,1337783,9900008129943,Jeremiah Molfese,370,450,65,preliminary,change
2026-07-21,787727,9900002940094,Jess Harmon,435,425,1446,established,change
2026-07-21,1133206,9900005717495,Jim Bish,304,450,585,established,change
2026-07-21,790554,0320817,Jim Reichers,473,525,103,preliminary,change
2026-07-21,627095,0268579,John Gehring,498,543,319,established,change
2026-07-21,844387,0222090,John Vaughan,408,443,593,established,change
2026-07-21,1204216,9900006643885,Jonathan Luedde,354,365,114,preliminary,change
2026-07-21,667951,9900000517359,John JR Reidell,537,530,3047,established,change
2026-07-21,1381581,9900008708933,Kathy Booker,133,250,101,preliminary,change
2026-07-21,1265406,9900007275900,Keen Garbiso,431,450,55,preliminary,change
2026-07-21,1396627,9900008854098,Keith Gustin,305,300,32,preliminary,change
2026-07-21,1289692,9900007532409,Kent McConnell,340,450,176,preliminary,change
2026-07-21,1136611,9900005752236,Kirk Barnett,498,0,84,preliminary,change
2026-07-21,851064,0274102,Len Marques,384,453,930,established,change
2026-07-21,996684,9900004176934,Levi Gough,427,0,135,preliminary,change
2026-07-21,1381524,9900008708438,Libby Stuart,241,250,32,preliminary,change
2026-07-21,1216014,9900006766003,Lorenzo Rodriguez,327,525,192,preliminary,change
2026-07-21,1004207,9900004239325,Luis Molina,437,0,33,preliminary,change
2026-07-21,1078168,9900005146271,Lynette Strauser,389,450,317,established,change
2026-07-21,1036498,9900004618137,Marcus Guerra,446,450,202,established,change
2026-07-21,1396625,9900008854074,Mario Mirville,251,250,16,preliminary,change
2026-07-21,627018,0259233,Mark Hargrove,502,494,1547,established,change
2026-07-21,1369178,9900008587408,Mark Turner,399,409,129,preliminary,change
2026-07-21,1050173,9900004775649,Matt Henderson,375,500,360,established,change
2026-07-21,826844,0193847,Matt Turner,401,385,282,established,change
2026-07-21,996669,9900003552005,Maureen Patterson,442,410,1322,established,change
2026-07-21,1266185,9900007284339,Mel Sias,462,525,60,preliminary,change
2026-07-21,1372341,9900008618829,Michael Lessard,284,320,115,preliminary,change
2026-07-21,996686,9900004176941,Michael Light,462,0,350,established,change
2026-07-21,1329786,9900008048145,Michael Sanchez,293,330,436,established,change
2026-07-21,745651,0174183,Mike Vigorita,241,525,749,established,change
2026-07-21,1141190,9900005799668,Mitch Medina,411,0,573,established,change
2026-07-21,790572,0286068,Mongo Beck,355,517,145,preliminary,change
2026-07-21,1329791,9900008048282,Morgan Burnette,247,250,231,established,change
2026-07-21,1257782,9900007197653,Nathan Dicamillo,362,359,201,established,change
2026-07-21,1336375,9900008109464,Nathan Rawlinson,379,390,127,preliminary,change
2026-07-21,1107943,9900005457728,Neil Cavendish,454,0,348,established,change
2026-07-21,1178363,9900006285542,Nicholas Lackovic,456,525,85,preliminary,change
2026-07-21,1267346,9900007294925,Patrick Riley,466,0,136,preliminary,change
2026-07-21,979193,0333541,Penny McBride,524,490,652,established,change
2026-07-21,1176453,9900006163024,Rafer Burnham,445,525,313,established,change
2026-07-21,1396624,9900008854067,Randy  Pierce,348,350,23,preliminary,change
2026-07-21,1336391,9900008109952,Rob Plonski,279,275,242,established,change
2026-07-21,1010088,9900004303071,Robert Faulkner,518,475,655,established,change
2026-07-21,1013867,9900004344494,Rocky Gallegos,241,525,933,established,change
2026-07-21,1131358,9900005696608,roger cox,256,525,541,established,change
2026-07-21,1005231,9900004250689,Ron Curry,353,360,703,established,change
2026-07-21,1068455,9900005046359,Russell Kovach,483,500,15,preliminary,change
2026-07-21,1381519,9900008708384,Ryan Cochran,244,250,81,preliminary,change
2026-07-21,1329784,9900008047469,Sarah Colby,292,300,127,preliminary,change
2026-07-21,1065018,9900005013474,Sergio Andresko,454,525,137,preliminary,change
2026-07-21,1013868,9900004344500,Shane Nooner,358,525,406,established,change
2026-07-21,1060958,9900004897679,Shawn Smith,508,500,1014,established,change
2026-07-21,1041165,9900004677325,Shawna Kadon,309,400,1227,established,change
2026-07-21,1131346,9900005696493,Stephen Huggins,420,525,80,preliminary,change
2026-07-21,1329781,9900008047438,Stephen Stretz,336,307,211,established,change
2026-07-21,1347050,9900008218418,Steve Morgan,339,425,211,established,change
2026-07-21,1396621,9900008854036,Tom Chase,594,625,48,preliminary,change
2026-07-21,1343054,9900008175827,Tom Lessard,407,425,224,established,change
2026-07-21,1044301,9900004709736,Tom Queen,369,300,200,established,change
2026-07-21,1306660,9900007809433,Tony Maleville,397,400,108,preliminary,change
2026-07-21,1372213,9900008617570,Trenton Hall,221,250,31,preliminary,change
2026-07-21,1351725,9900008415961,Valerie Komperda,339,327,199,preliminary,change
2026-07-21,627066,0209368,Vince High,472,518,298,established,change
2026-07-21,1233546,9900006944050,John T Young,474,450,353,established,change
2026-07-21,1107583,9900005454086,susan kester-hoard,168,525,289,established,change
2026-07-21,1053633,9900004811224,Dennis Green Jr,370,350,140,preliminary,change
2026-07-21,1394704,9900008835431,Kris Mueller,433,430,27,preliminary,change
2026-07-21,1398521,9900008872702,Alan Saville,451,455,24,preliminary,change
2026-07-21,1398236,9900008870005,Carlos  Navia,301,298,7,preliminary,change
2026-07-21,1398519,9900008872689,Dan Hosier,527,555,31,preliminary,change
2026-07-21,1398232,9900008869962,Douglas  Jamison,345,325,48,preliminary,change
2026-07-21,1398520,9900008872696,Lance Collins,437,450,34,preliminary,change
2026-07-21,1398235,9900008869993,Mark  Van Nostrand,379,390,15,preliminary,change
2026-07-21,1398243,9900008870074,Peter Watson,253,250,25,preliminary,change
2026-07-21,1398242,9900008870067,Phillip Mendoza,388,400,34,preliminary,change
2026-07-21,1398239,9900008870036,Richard Laird,364,365,46,preliminary,change
2026-07-21,1398233,9900008869979,Tracie Brunner,262,250,12,preliminary,change
